localidad_id;municipio_id;nombre
1;520;ABENGIBRE
2;1;BALAZOTE
3;170;ALATOZ
4;2;MONTEALEGRE DEL CASTILLO
5;581;ALBACETE
6;581;SANTA ANA
7;581;SALOBRAL (EL)
8;3;VERA
9;4;CANGAS DEL NARCEA
10;4;TEBONGO
11;5;SAN MARTIN DE OSCOS
12;907;ALCADOZO
13;6;CASTILBLANCO
14;101;ALCALA DEL JUCAR
15;7;CORONADA (LA)
16;684;ALCARAZ
17;684;JARDIN (EL)
18;8;CERVELLO
19;9;MONTORNES CENTRE
20;9;MONTORNES NORD
21;783;ALMANSA
22;10;PARDILLA
23;675;ALPERA
24;11;ARROYO DE LA LUZ
25;12;CASTAÑAR DE IBOR
26;833;BARRAX
27;13;SAN MAMES DE MERUELO
28;13;SAN MIGUEL DE MERUELO
29;258;BIENSERVIDA
30;14;HIGUERUELA
31;834;BONETE
32;15;ALCALALI
33;425;BONILLO (EL)
34;16;CARBONERAS
35;764;CASAS DE JUAN NUÑEZ
36;17;CUEVAS DEL ALMANZORA
37;17;PALOMARES
38;17;LOBOS (LOS)
39;17;GUAZAMARA
40;446;CASAS DE VES
41;18;MACAEL
42;765;CASAS-IBAÑEZ
43;19;GANGOSA (LA)
44;19;PUEBLA DE VICAR
45;19;VICAR
46;490;CAUDETE
47;20;SOTRONDIO
48;20;ENTREGO (EL)
49;316;CENIZATE
50;21;MONTIJO
51;835;CHINCHILLA DE MONTE-ARAGO
52;835;POZO BUENO
53;835;VILLAR DE CHINCHILLA
54;22;CASTELLBISBAL
55;22;AREA INDUSTRIAL DEL LLOBREGAT
56;22;POLIGON IND. SANT VICENÇ
57;23;ESPLUGUES DE LLOBREGAT
58;24;GUALBA DE BAIX
59;378;ELCHE DE LA SIERRA
60;25;GURB
61;836;FUENTE-ALAMO
62;26;SANT PERE MOLANTA
63;26;OLÈRDOLA
64;69;FUENTEALBILLA
65;27;SANT QUIRZE DEL VALLES
66;27;VALLES PARC
67;27;POBLE SEC
68;837;GINETA (LA)
69;28;VILADECAVALLS
70;28;CAN TRIAS INDUSTRIAL
71;379;GOLOSALVO
72;29;ELEJABEITIA
73;70;HELLIN
74;70;ISSO
75;30;ERANDIO-GOIKOA
76;31;PINOFRANQUEADO
77;32;LAUJAR DE ANDARAX
78;426;HOYA-GONZALO
79;33;BARCO DE AVILA (EL)
80;670;LETUR
81;34;PUEBLA DE LA CALZADA
82;742;LEZUZA
83;35;PETRA
84;207;MADRIGUERAS
85;36;OLMILLOS DE SASAMON
86;766;MAHORA
87;37;VILLALMANZO
88;278;MINAYA
89;38;AHIGAL
90;39;CASAR DE CACERES
91;838;MUNERA
92;40;JEREZ DE LA FRONTERA
93;40;GUADALCACIN DEL CAUDILLO
94;40;NUEVA JARILLA
95;40;BARCA DE LA FLORIDA (LA)
96;40;TORNO (EL)
97;40;TORRECERA
98;40;JOSE ANTONIO
99;784;NAVAS DE JORQUERA
100;41;BANYERES DE MARIOLA
101;259;NERPIO
102;42;PALAZUELO
103;42;PUEBLA DE ALCOLLARIN
104;883;ONTUR
105;43;LLUCMAJOR
106;43;ARENAL (S')
107;43;PALMERES (LES)
108;535;OSSA DE MONTIEL
109;44;SANTA EULALIA DE RONÇANA
110;260;PEÑAS DE SAN PEDRO
111;45;ARGOMILLA
112;45;ENCINA (LA)
113;427;PETROLA
114;46;ALGORFA
115;785;POZO CAÑADA
116;47;ORBA
117;714;POZOHONDO
118;714;NAVA DE ABAJO
119;48;PALACIOS DE GODA
120;49;CAMPANARIO
121;71;POZO-LORENTE
122;50;SAN VICENTE DE ALCANTARA
123;239;POZUELO
124;51;ALAIOR
125;536;RIOPAR
126;52;BINISSALEM
127;767;ROBLEDO
128;53;MASNOU (EL)
129;743;RODA (LA)
130;54;SANT VICENÇ DELS HORTS
131;642;SOCOVOS
132;55;SANTA MARGARIDA MONTBUI
133;208;TARAZONA DE LA MANCHA
134;56;MEDINA DE POMAR
135;676;TOBARRA
136;57;QUINTANA MARTIN GALINDEZ
137;209;VALDEGANGA
138;58;ALMARAZ
139;59;VILLALGORDO DEL JUCAR
140;677;VILLAMALEA
141;60;CATRAL
142;113;VILLAPALACIOS
143;61;JÁVEA/XÀBIA
144;839;VILLARROBLEDO
145;62;GERGAL
146;380;YESTE
147;63;ODENA
148;563;AGOST
149;64;ABADIÑO-ZELAIETA
150;537;ALBATERA
151;65;BALMASEDA
152;66;ROA
153;491;ALCOY/ALCOI
154;67;ESCALADA
155;317;ALFAS DEL PI (L')
156;68;CAÑAVERAL
157;589;ALGUEÑA
158;492;ALICANTE/ALACANT
159;492;SANTA FAZ
160;492;BACAROT (EL)
161;492;FONT-CALENT
162;492;MORALET
163;72;HONDON DE LAS NIEVES
164;73;REDOVAN
165;74;ABLA
166;75;ANTAS
167;840;ALMORADI
168;76;DALIAS
169;428;ALTEA
170;428;ALTEA LA VELLA
171;77;VELEZ-RUBIO
172;78;GRANDAS DE SALIME
173;292;ASPE
174;79;SAN ESTEBAN DEL VALLE
175;80;ALBUERA (LA)
176;631;BENEIXAMA
177;81;ALCONCHEL
178;768;BENEJUZAR
179;82;BADAJOZ
180;82;GEVORA
181;82;NOVELDA DEL GUADIANA
182;82;GUADIANA DEL CAUDILLO
183;82;VILLAFRANCO DEL GUADIANA
184;82;ALBALA
185;590;BENIDORM
186;83;MONESTERIO
187;521;BENIJOFAR
188;84;VILLAGONZALO
189;564;BENISSA
190;85;SANTA MARIA DEL CAMI
191;412;BENITACHELL
192;86;AMETLLA DEL VALLES (L')
193;86;SERRAT DE L'OCATA
194;685;BIAR
195;87;MOLLET DEL VALLES
196;715;BIGASTRO
197;88;SALDES
198;190;BUSOT
199;89;SANT ANDREU DE LLAVANERES
200;591;CALLOSA DE SEGURA
201;90;SANT FRUITOS DE BAGES
202;493;CALLOSA D'EN SARRIA
203;91;MONJOS (ELS)
204;649;CALPE
205;92;VALLGORGUINA
206;592;CAMPELLO (EL)
207;93;BERBERANA
208;227;CAÑADA
209;94;ALCANTARA
210;261;CASTALLA
211;95;ALGECIRAS
212;96;BARRIOS (LOS)
213;96;PALMONES
214;262;COCENTAINA
215;97;TREBUJENA
216;447;COX
217;98;SOBARZO
218;228;CREVILLENT
219;99;PUENTE VIESGO
220;884;DENIA
221;100;CASTANEDO
222;100;LOREDO
223;293;DOLORES
224;494;ELCHE/ELX
225;494;TORRELLANO
226;494;ALTET (EL)
227;494;PERLETA (LA)
228;494;ALGODA-MATOLA
229;494;HOYA (LA)
230;102;FIÑANA
231;103;NACIMIENTO
232;104;MAGAZOS
233;104;NAVA DE AREVALO
234;105;MAO
235;106;MONTMELO
236;107;PAPIOL (EL)
237;448;ELDA
238;108;OTXANDIO
239;114;FINESTRAT
240;109;CARCEDO DE BURGOS
241;474;FORMENTERA DEL SEGURA
242;110;QUINTANILLAS (LAS)
243;449;GATA DE GORGOS
244;111;SALAS DE LOS INFANTES
245;671;GRANJA DE ROCAMORA
246;112;BOSQUE (EL)
247;171;GUARDAMAR DEL SEGURA
248;115;HONDON DE LOS FRAILES
249;229;IBI
250;116;LUBRIN
251;240;JACARILLA
252;117;ORIA
253;769;JALON
254;118;ALEGRIA-DULANTZI
255;119;AMURRIO
256;119;LARRINBE
257;119;LEZAMA
258;358;MONFORTE DEL CID
259;120;MAEZTU/MAESTU
260;381;MONOVAR
261;121;ZURBANO
262;413;MONTESINOS (LOS)
263;122;ARTZINIEGA
264;345;MURO DEL ALCOY
265;123;SAN MARTIN
266;450;MUTXAMEL
267;124;CANDELEDA
268;241;NOVELDA
269;125;PIEDRAHITA
270;495;NUCIA (LA)
271;126;BARCARROTA
272;744;ONDARA
273;127;BERLANGA
274;451;ONIL
275;128;HIGUERA LA REAL
276;129;SANT JOAN
277;191;ORIHUELA
278;191;ARNEVA
279;191;SAN BARTOLOME
280;191;ORIHUELA - COSTA (NUCLEO)
281;130;SANT JOAN DE LABRITJA
282;131;SANT JOSEP DE SA TALAIA
283;132;LLIÇA D'AMUNT
284;133;LLINARS DEL VALLES
285;841;PEDREGUER
286;134;MANLLEU
287;745;PEGO
288;135;MASIES DE VOLTREGA (LES)
289;842;PETRER
290;136;PALAU-SOLITA I PLEGAMANS
291;136;POLIGON INDUSTRIAL RIERA DE CALDES
292;593;PILAR DE LA HORADADA
293;593;TORRE DE LA HORADADA
294;137;PARETS DEL VALLES
295;138;TEIA CENTRE
296;138;VICTOR FONT GUAL
297;594;PINOSO
298;139;TORELLO
299;140;CA L'ANTON
300;737;ROJALES
301;141;ARIZGOITI
302;141;BASAURI
303;172;ROMANA (LA)
304;142;BERANGO
305;414;SALINAS
306;143;BERRIZ-OLAKUETA
307;143;EITUA
308;595;SAN FULGENCIO
309;144;BILBAO
310;359;SAN ISIDRO
311;145;ALDEKONA (SAN ISIDRO)
312;145;DERIO
313;318;SAN MIGUEL DE SALINAS
314;146;ETXEBARRI
315;429;SAN VICENTE DEL RASPEIG/SANT VICENT DEL RASPEIG
316;429;BOQUERES
317;147;GERNIKA-LUMO
318;148;ANDRA MARI
319;148;ALGORTA
320;360;SANT JOAN D'ALACANT
321;149;ZUBIETE
322;538;SANTA POLA
323;150;URESARANTZE AUZOA
324;716;SAX
325;151;IGORRE
326;415;TEULADA
327;415;MORAIRA
328;152;IURRETA
329;153;IZURZA
330;294;TIBI
331;154;CARRANZA
332;496;TORREVIEJA
333;155;LARRABETZU
334;632;VERGER (EL)
335;156;LEIOA
336;650;VILLAJOYOSA / VILA JOIOSA (LA)
337;650;ERMITA (LA)
338;157;PORTUGALETE
339;158;MOREAGA
340;522;VILLENA
341;159;VALLE DE TRAPAGA
342;159;TRAPAGARAN
343;160;EL PUERTO
344;843;ADRA
345;843;PUENTE DEL RIO
346;161;AMEYUGO
347;162;CASTRILLO DE LA VEGA
348;295;ALBOX
349;163;GUMIEL DE IZAN
350;402;ALHAMA DE ALMERIA
351;164;OLMEDILLO DE ROA
352;786;ALMERIA
353;786;CAÑADA DE SAN URBANO (LA)
354;786;ALQUIAN (EL)
355;786;RUESCAS
356;786;RETAMAR
357;165;VILLALBILLA DE BURGOS
358;166;VILLAZOPEQUE
359;167;GALISTEO
360;167;ALAGON
361;168;JARANDILLA DE LA VERA
362;169;ALMORAIMA
363;908;ARBOLEAS
364;651;BENAHADUX
365;361;BERJA
366;361;BALANEGRA
367;173;RIBADESELLA
368;174;CALAMONTE
369;192;CANJAYAR
370;175;LLERENA
371;382;CANTORIA
372;382;HOJILLA (LA)
373;176;SANTA MARTA
374;177;TORRE DE MIGUEL SESMERO
375;178;VALENCIA DE LAS TORRES
376;362;CHIRIVEL
377;179;VILLANUEVA DEL FRESNO
378;180;ALGAIDA
379;181;CAMPOS
380;182;POLLENÇA
381;183;CARDEDEU
382;184;IGUALADA
383;787;EJIDO (EL)
384;787;SANTA MARIA DEL AGUILA
385;787;NORIAS (LAS)
386;787;SAN AGUSTIN
387;787;BALERMA
388;185;FRANDOVINEZ
389;186;ALCALA DE LOS GAZULES
390;187;REINOSA
391;188;RUENTE
392;189;JAIN
393;319;CAÑADA DE LAS CRUCES (LA)
394;319;ESTACION (LA)
395;319;FINES
396;193;JARRIO
397;193;CARTAVIO
398;885;GADOR
399;194;ADANERO
400;844;GALLARDOS (LOS)
401;195;MADRIGAL ALTAS TORRES
402;686;GARRUCHA
403;196;PEDRO BERNARDO
404;197;PUEBLA DE OBANDO
405;452;HUERCAL DE ALMERIA
406;198;SOLLER
407;652;HUERCAL-OVERA
408;199;ARENYS DE MAR
409;200;BALSARENY
410;201;SANT ISCLE DE VALLALTA
411;202;SANT JOAN DESPI
412;320;MARIA
413;203;TORDERA
414;321;MOJACAR
415;204;VILLADIEGO
416;279;MOJONERA (LA)
417;205;TEJEDA DE TIETAR
418;206;VEJER DE LA FRONTERA
419;206;PALMAR EL
420;206;MUELA LA
421;206;CAÑADA ANCHA
422;296;NIJAR
423;296;SAN ISIDRO DE NIJAR
424;296;CAMPOHERMOSO
425;296;BARRANQUETE (EL)
426;210;BARRES
427;453;OLULA DEL RIO
428;211;MANACOR
429;211;PORTO CRISTO
430;212;BADALONA
431;322;PULPI
432;322;SAN JUAN DE TERREROS
433;213;MADRIGALEJO
434;214;MIAJADAS
435;909;PURCHENA
436;215;MOHEDAS DE GRANADILLA
437;297;RIOJA
438;216;MONTANCHEZ
439;845;ROQUETAS DE MAR
440;845;AGUADULCE
441;217;TORRECILLAS DE LA TIESA
442;218;ARCOS DE LA FRONTERA
443;218;JEDULA
444;582;SANTA FE DE MONDUJAR
445;219;ANERO
446;565;CLAVEROS (LOS)
447;220;ESPARRAGALEJO
448;416;SORBAS
449;221;ESPORLES
450;566;TABERNAS
451;222;SANT CELONI
452;222;BATLLORIA (LA)
453;788;TABERNO
454;223;SANT CUGAT DEL VALLES
455;567;TAHAL
456;224;FUENTECEN
457;568;TIJOLA
458;225;ARROYOMOLINOS
459;789;TURRE
460;226;SANTIAGO DEL CAMPO
461;539;VELEZ-BLANCO
462;539;TOPARES
463;230;ARENYS DE MUNT
464;886;VIATOR
465;886;JUAIDA (LA)
466;231;SANT QUIRZE SAFAJA
467;232;BELORADO
468;233;OÑA
469;234;REVILLA (LA)
470;235;VILLAGONZALO PEDERNALES
471;263;ALFOQUIA (LA)
472;236;MORALEJA
473;236;VEGAVIANA
474;237;JIMENA DE LA FRONTERA
475;237;ANGELES (LOS)
476;237;SAN PABLO DE BUCEITE
477;238;PUERTO DE SANTA MARIA (EL)
478;238;ARENALES (LOS)
479;242;ELBURGO/BURGELU
480;243;BOAL
481;846;ARAIA
482;244;MUÑANA
483;363;SANTA CRUZ CAMPEZO
484;245;VILLAFRANCA DE LOS BARROS
485;246;VILLALBA DE LOS BARROS
486;364;NANCLARES DE LA OCA
487;247;CABRILS
488;717;SALINILLAS DE BURADON
489;248;SANTA MARIA DE CORCO
490;910;LAGUARDIA
491;249;SESTAO
492;718;PUENTELARRÁ/LARRAZUBI
493;250;SANTA MARIA DEL CAMPO
494;383;LAUDIO/LLODIO
495;251;MALPARTIDA DE CACERES
496;702;OYON-OION
497;252;RIOLOBOS
498;790;POBES
499;253;BORNOS
500;323;IGAY
501;323;RIBABELLOSA
502;254;PRADO DEL REY
503;255;CARTES
504;255;SANTIAGO
505;384;ALANGUA
506;384;SALVATIERRA O AGURAIN
507;256;CORRALES (LOS)
508;256;SOMAHOZ
509;256;BARROS
510;256;LOS CORRALES DE BUELNA
511;257;SAN VICENTE DE TORANZO
512;257;VILLEGAR
513;523;DURRUMA/SAN ROMAN DE SAN
514;475;VITORIA-GASTEIZ
515;475;ABERASTURI
516;475;SUBIJANA DE ALAVA
517;475;ZUAZO DE VITORIA/ZUHATZU
518;475;ARANGUIZ
519;475;LOPIDANA
520;264;CANGAS DE ONIS
521;264;COVIELLA
522;653;ALTUBE
523;653;MURGIA
524;265;GUADALPERALES (LOS)
525;266;SANT FRANCESC FORMENTERA
526;791;POLA DE ALLANDE
527;267;MONTUIRI
528;417;CORIGOS
529;417;MOREDA
530;417;CABORANA
531;268;VILAFRANCA DE BONANY
532;269;BERGA
533;270;NAVAS
534;911;AVILES
535;911;LLARANES
536;911;VILLALEGRE (AVILES)
537;271;SANT ANTONI DE VILAMAJOR
538;272;PUEBLA DE ARGANZON (LA)
539;273;QUINTANAPALLA
540;454;BELMONTE
541;274;LOSAR DE LA VERA
542;275;PUERTO REAL
543;324;ARENAS (LAS)
544;276;ROTA
545;276;COSTA BALLENA
546;277;COMILLAS
547;280;SEVARES
548;280;PILOÑA
549;847;BARCA (LA)
550;847;TAM ON
551;847;PERLORA
552;847;CARREÑO
553;281;PALLARES
554;282;USAGRE
555;283;MERCADAL (ES)
556;284;CALAF
557;583;PIEDRAS BLANCAS
558;583;CRUZ DE ILLAS (LA)
559;285;FOGARS DE LA SELVA
560;286;MALLA
561;287;URB. VINYA DEL POLLASTRE
562;288;AMOREBIETA
563;289;OLVERA
564;290;BOLMIR
565;290;FOMBELLIDA
566;887;COLUNGA
567;291;OJEDO
568;678;CAMPOS (LOS)
569;678;SAMA DE ABAJO
570;678;SILVOTA
571;678;TRASMONTE
572;678;CORVERA DE ASTURIAS
573;792;CUDILLERO
574;792;SAN COSME
575;792;NOVELLANA
576;792;PITO, EL
577;298;GRADO
578;299;POLA DE LENA
579;300;OVIEDO
580;300;CERDEÑO
581;300;COLLOTO
582;300;CUYENCES
583;300;PANDO (EL)
584;300;TRUBIA
585;770;CARIDAD (LA)
586;770;VALDEPARES
587;301;NAVARREDONDILLA
588;302;CANYELLES
589;888;GIJON
590;888;LLOREDA
591;888;GRANDA DE ABAJO
592;888;MAREO DE ABAJO
593;888;AGUDA
594;888;VERIÑA
595;303;CASTELLDEFELS
596;304;JORBA
597;305;LLAGOSTA (LA)
598;306;OLESA DE MONTSERRAT
599;307;POBLA DE CLARAMUNT (LA)
600;308;PRATS DE LLUÇANES
601;719;NEMBRO
602;309;PREMIA DE MAR
603;310;SANT VICENÇ DE CASTELLET
604;311;TERRASSA
605;720;SAN ANTOLIN
606;312;PALACIOS DE LA SIERRA
607;793;LANGREO
608;793;VISO (EL)
609;793;FELGUERA (LANGREO), LA
610;793;SAMA DE LANGREO
611;313;SANTA CRUZ DE LA SIERRA
612;314;POMALUENGO
613;315;PUENTENANSA
614;569;POLA DE LAVIANA
615;540;POSADA
616;540;CORUÑO
617;540;SILVOTA (LLANERA-POL. INDUSTRIAL)
618;540;PRUVIA
619;540;LLANERA
620;771;LLANES
621;771;PIÑERES
622;771;SAN ROQUE DEL ACEBAL
623;325;ARGAME
624;326;ALMENDRAL
625;327;MONTERRUBIO DE LA SERENA
626;328;NAVA DE SANTIAGO (LA)
627;497;MIERES
628;497;SANTULLANO
629;497;CORTINA
630;329;QUINTANA DE LA SERENA
631;330;SEGURA DE LEON
632;331;ARGENTONA
633;332;CALELLA
634;794;MUROS
635;333;MOIA
636;721;NAVA
637;334;SANT JOAN DE VILATORRADA
638;334;SANT MARTI DE TORRUELLA
639;570;NAVIA
640;335;USPARITXA
641;385;NOREÑA
642;336;ORDUÑA
643;337;ZALLA
644;338;ALDEA DEL CANO
645;339;CACERES
646;339;VALDESALOR
647;340;MONTEHERMOSO
648;341;POZUELO DE ZARZON
649;342;MEDINA-SIDONIA
650;596;ARRIONDAS
651;343;CABEZON DE LA SAL
652;343;CABROJO
653;346;PANES
654;344;RENEDO
655;344;PARBAYON
656;344;ARCE
657;795;PRAVIA
658;347;SALAS
659;347;CASAZORRINA
660;347;ESPINA (LA)
661;347;CORNELLANA
662;347;SANTIAGO DE LA BARCA
663;654;PROAZA
664;348;SAN ANDRES
665;633;COLOMBRES
666;633;ANDINAS
667;349;SOLANA DE LOS BARROS
668;349;RETAMAL
669;350;TALARRUBIAS
670;351;ARTA
671;597;FERREROS
672;352;BUNYOLA
673;353;EIVISSA
674;354;CORIA
675;355;ALCALA DEL VALLE
676;356;RUILOBUCA
677;357;SANTANDER
678;357;PEÑACASTILLO
679;357;SAN ROMAN
680;848;CARBAYIN ALTO
681;848;BOBES
682;848;BERRON (EL)
683;848;FERRERA
684;848;CARRERA (LA)
685;848;POLA DE SIERO
686;848;GRANDA
687;848;MERES
688;848;LUGONES
689;848;VIELLA
690;848;SIERO
691;848;MARCENADO
692;365;HERNANSANCHO
693;366;MOMBELTRAN
694;367;NAVALPERAL DE PINARES
695;368;NAVALUENGA
696;369;CASTUERA
697;370;OLIVENZA
698;371;MONTCADA CENTRE
699;371;CAN CUIAS
700;372;SANT ESTEVE SESROVIRES
701;372;CA N'AMAT
702;373;ERLECHES
703;373;ELEXALDE GALDAKAO
704;373;USANSOLO
705;912;RIBERAS (SOTO DEL BARCO)
706;912;CARCEDO (SOTO BARCO)
707;374;SODUPE
708;375;MALLABIA
709;541;TAPIA DE CASARIEGO
710;541;CORTAFICIO
711;376;MUNDAKA
712;377;ESTEPAR
713;722;TINEO
714;722;NAVELGAS
715;703;LUARCA
716;703;ALMUÑA
717;703;OTUR
718;703;BRIEVES
719;703;TREVIAS
720;703;MUÑAS
721;703;AYONES
722;386;SAN PEDRO DEL ARROYO
723;387;GUAREÑA
724;498;VEGADEO
725;388;PUEBLA DE ALCOCER
726;796;VILLAVICIOSA
727;796;VENTA LAS RANAS
728;389;RIBERA DEL FRESNO
729;390;SANTOS DE MAIMONA (LOS)
730;391;VALDECABALLEROS
731;598;ADRADA (LA)
732;392;ZAFRA
733;849;ALDEASECA
734;393;CALLDETENES
735;430;ARENAS DE SAN PEDRO
736;430;RAMACASTAÑAS
737;394;PACS DEL PENEDES
738;395;RUBI
739;599;AREVALO
740;396;VACARISSES
741;396;POLIGON INDUSTRIAL CAN TORRELLA
742;476;AVILA
743;397;SANTURTZI
744;397;BALPARDA
745;398;VALENCIA DE ALCANTARA
746;643;BARRACO (EL)
747;399;CHIPIONA
748;600;BLASCOSANCHO
749;400;TARIFA
750;400;BUJEO (EL)
751;400;TAHIVILLA
752;746;BURGOHONDO
753;401;SANTA OLALLA
754;524;CEBREROS
755;403;ESPINOSA DE LOS CABALLEROS
756;850;COLILLA (LA)
757;404;ROCA DE LA SIERRA (LA)
758;851;CHAHERRERO
759;405;VALLE DE LA SERENA
760;406;MATARO
761;852;FONTIVEROS
762;407;VALLEJO
763;408;GARROVILLAS DE ALCONETAR
764;601;HOYO DE PINARES (EL)
765;409;NAVALMORAL DE LA MATA
766;410;TORRE DE SANTA MARIA
767;431;MINGORRIA
768;411;VALDASTILLAS
769;655;MUÑOGRANDE
770;418;CALZADILLA DE LOS BARROS
771;525;NAVARREDONDA DE GREDOS
772;419;PEÑALSORDO
773;420;SURIA
774;432;NAVAS DEL MARQUES (LAS)
775;421;ALTZUAGA
776;455;ORBITA
777;423;ARENAS DE IGUÑA
778;424;RAMALES DE LA VICTORIA
779;704;SANCHIDRIAN
780;477;SOLOSANCHO
781;634;SOTILLO DE LA ADRADA
782;571;TIEMBLO (EL)
783;526;TORRE (LA)
784;635;VELAYOS
785;433;ENTRIN BAJO
786;687;VILLANUEVA DEL ACERAL
787;434;PUEBLONUEVO DEL GUADIANA
788;435;TALAVERA LA REAL
789;688;ACEUCHAL
790;436;VALENCIA DEL VENTOSO
791;572;AHILLONES
792;437;VILLAR DEL REY
793;542;ALANGE
794;438;ZAHINOS
795;439;ZALAMEA DE LA SERENA
796;797;ALBURQUERQUE
797;440;TORRELLES DE LLOBREGAT
798;441;BERCEDO
799;441;VILLASANTE
800;442;FUENCALIENTE DE LUCIO
801;573;ALMENDRALEJO
802;443;PASARON DE LA VERA
803;853;ARROYO DE SAN SERVAN
804;444;CADIZ
805;772;AZUAGA
806;445;REQUEJADA
807;913;BIENVENIDA
808;723;BURGUILLOS DEL CERRO
809;854;CABEZA DEL BUEY
810;456;HIGUERA DE VARGAS
811;798;CABEZA LA VACA
812;457;PUEBLA DEL MAESTRE
813;458;SIRUELA
814;931;CALERA DE LEON
815;459;VALDELACALZADA
816;460;VALENCIA MOMBUEY
817;461;VALLE DE SANTA ANA
818;499;CAMPILLO DE LLERENA
819;462;VALVERDE DE MERIDA
820;724;CASAS DE DON PEDRO
821;463;VILLANUEVA DE LA SERENA
822;463;VALDIVIA
823;463;ZURBARAN
824;464;SANT ANTONI DE PORTMANY
825;464;SANT RAFEL
826;465;CORNELLA DE LLOBREGAT
827;855;CODOSERA (LA)
828;466;MOLINS DE REI
829;500;CORDOBILLA DE LACARA
830;467;ARCOS
831;468;MILAGROS
832;705;CORTE DE PELEAS
833;469;VADOCONDES
834;656;DON BENITO
835;656;VIVARES
836;656;TORVISCAL (EL)
837;656;GARGALIGAS
838;470;MADROÑERA
839;471;VEGAS DE CORIA
840;472;PALOMERO
841;473;VILLAMARTIN
842;636;FREGENAL DE LA SIERRA
843;543;FUENLABRADA DE LOS MONTES
844;657;FUENTE DE CANTOS
845;478;CAPDEPERA
846;725;FUENTE DEL ARCO
847;479;PONT VILOMARA I ROCAFORT
848;544;FUENTE DEL MAESTRE
849;480;SANT ANDREU DE LA BARCA
850;799;FUENTES DE LEON
851;481;SANTA MARIA DE PALAUTORDERA
852;545;GRANJA DE TORREHERMOSA
853;482;SANTPEDOR
854;483;VIC
855;689;HABA (LA)
856;484;MUNGIA
857;484;ATXURI
858;484;BILLELA
859;484;LARRAURI
860;658;HERRERA DEL DUQUE
861;485;URDULIZ
862;800;HIGUERA DE LA SERENA
863;486;BURGOS
864;486;VILLATORO
865;486;VILLAFRIA
866;486;VILLAYUDA O LA VENTILLA
867;487;CALERUEGA
868;488;ZORITA
869;637;HORNACHOS
870;489;BARBATE
871;574;JEREZ DE LOS CABALLEROS
872;574;VALUENGO
873;690;LOBON
874;726;MEDELLIN
875;501;MEDINA DE LAS TORRES
876;527;MERIDA
877;672;NAVALVILLAR DE PELA
878;672;OBANDO
879;502;TORREMEJIA
880;503;FELANITX
881;503;PORTOCOLOM
882;747;OLIVA FRONTERA
883;504;INCA
884;505;BADIA DEL VALLES
885;602;ORELLANA LA VIEJA
886;506;PALLEJA
887;507;PIERA
888;508;SANT SALVADOR GUARDIOLA
889;509;ESPINOSA DE LOS MONTEROS
890;510;FUENTESPINA
891;801;PUEBLA DE SANCHO PEREZ
892;511;MADRIGALEJO DEL MONTE
893;512;TRESPADERNE
894;513;QUINCOCES DE YUSO
895;514;BARRADO
896;515;CUACOS DE YUSTE
897;516;GUADALUPE
898;546;SALVALEON
899;517;PERALES DEL PUERTO
900;575;SAN PEDRO DE MERIDA
901;518;TALAYUELA
902;518;TIETAR
903;519;BENALUP
904;691;SANTA AMALIA
905;528;CABANETA (SA)
906;528;MARRATXINET
907;529;SENCELLES
908;530;MALGRAT DE MAR
909;531;PLA DEL PENEDES (EL)
910;532;POLINYA
911;533;PUIG-REIG
912;533;COLONIA VIDAL
913;534;RODA DE TER
914;856;VALVERDE DE LEGANES
915;547;CABRERA DE MAR
916;548;CASTELLGALI
917;549;OLOST
918;550;SANT MARTI SARROCA
919;551;SANT MIQUEL DE BALENYA
920;552;VALLROMANES
921;553;UGAO-MIRABALLES
922;914;ZARZA (LA)
923;554;ARMENTIA
924;554;TREVIÑO
925;555;LERMA
926;727;ALARO
927;556;RUBENA
928;603;ALCUDIA
929;603;PORT D'ALCUDIA
930;603;PLATJA D'ALCUDIA
931;557;CILLERUELO DE BEZANA
932;558;CAMPO LUGAR
933;559;ALGODONALES
934;560;LINEA LA CONCEPCION (LA)
935;604;ANDRATX
936;604;PORT D'ANDRATX
937;561;SAN ROQUE
938;561;CAMPAMENTO
939;561;SAN ENRIQUE
940;561;TORREGUADIARO
941;562;SANLUCAR DE BARRAMEDA
942;562;BONANZA
943;562;ALGAIDA (LA)
944;915;CALVIA
945;915;PALMANOVA
946;915;PORRASSA (SA)
947;915;COSTA DE LA CALMA
948;915;SANTA PONÇA
949;605;CAMPANET
950;606;CIUTADELLA DE MENORCA
951;679;ESCORCA
952;576;MONTMANEU
953;577;MELGAR DE FERNAMENTAL
954;578;CABEZUELA DEL VALLE
955;579;SETENIL
956;692;FERRERIES
957;580;VALLDEMOSSA
958;857;LLOSETA
959;858;LLUBI
960;584;PALMA DE CERVELLO
961;585;VILAFRANCA DEL PENEDES
962;586;BASCONCILLOS DEL TOZO
963;587;PERALEDA DE LA MATA
964;588;VILLAR DEL PEDROSO
965;916;MURO
966;916;PLATJA DE MURO
967;607;PALMA
968;607;CAN PASTILLA
969;607;PLATJA DE PALMA
970;607;SON SANT JOAN
971;607;CASA BLANCA (SA)
972;607;ARANJASSA (S')
973;659;POBLA (SA)
974;706;PORRERES
975;707;SALINES (SES)
976;707;COLONIA DE SANT JORDI
977;608;SON SERVERA
978;609;BALENYA
979;610;CASTELLAR DEL VALLES
980;610;AIRESOL
981;611;GELIDA
982;612;ARANDA DE DUERO
983;613;CAMINOMORISCO
984;859;SANT LLORENÇ DES CARDASSAR
985;859;SON MORO
986;614;TORREJON EL RUBIO
987;615;VILLANUEVA DE LA VERA
988;693;SANT LLUIS
989;616;ZARZA LA MAYOR
990;889;SANTA EUGENIA
991;617;ALGAR
992;773;SANTA EULALIA
993;773;SANTA GERTRUDIS
994;618;ESPERA
995;619;SOTO DE LA MARINA
996;619;SANTA CRUZ DE BEZANA
997;619;MOMPIA
998;660;CA'N PICAFORT
999;620;ALELLA
1000;621;ARTES
1001;890;SANTANYI
1002;890;CALA D'OR
1003;622;ESPARREGUERA
1004;623;GAVA
1005;624;PALAFOLLS
1006;624;SANT GENIS DE PALAFOLLS
1007;661;SINEU
1008;625;SANT MARTI D'ALBARS
1009;626;SANT VICENÇ DE TORELLO
1010;627;VILADECANS
1011;628;VILLANUEVA DE ARGAÑO
1012;629;GRAZALEMA
1013;802;ENTITAT EST D'ABRERA
1014;802;ABRERA
1015;630;BERANGA
1016;638;CILLERUELO DE ABAJO
1017;774;AVINYO
1018;639;JARAIZ DE LA VERA
1019;640;ARSENAL DE LA CARRACA
1020;640;SAN FERNANDO
1021;641;AMPUERO
1022;860;BARBERA DEL VALLES
1023;644;BARCELONA
1024;645;CANET DE MAR
1025;748;BEGUES
1026;646;GRANADA (LA)
1027;647;ELOTXELERRI
1028;898;RIERAL DE BIGUES
1029;648;LIENDO
1030;899;BRUC (EL)
1031;662;CALDERS
1032;775;CALDES DE MONTBUI
1033;917;CANOVELLES
1034;776;CARDONA
1035;663;CUBELLES
1036;861;CASTELLBELL I EL VILAR
1037;664;POBLA DE LILLET (LA)
1038;665;PUIG DE PEDRA-SOT DEL PI
1039;666;RIPOLLET
1040;667;SANT POL DE MAR
1041;668;LLEDONER (EL)
1042;668;VALLIRANA PARC
1043;891;CASTELLET I LA GORNAL
1044;669;TRUJILLO
1045;803;CASTELLTERÇOL
1046;804;CENTELLES
1047;708;CERCS
1048;673;SANTA PERPETUA DE MOGODA
1049;673;SANTIGA
1050;805;CERDANYOLA DEL VALLES
1051;674;ARRIGORRIAGA
1052;728;COLLBATO
1053;806;DOSRIUS
1054;680;SITGES
1055;681;TONA
1056;682;SAN VICENTE DE BARAKALDO
1057;918;BELLAVISTA
1058;918;FRANQUESES DEL VALLES (LES)
1059;683;ALDEANUEVA DEL CAMINO
1060;807;GARRIGA (LA)
1061;862;GIRONELLA
1062;729;GRANOLLERS
1063;930;GUARDIOLA DE BERGUEDA
1064;863;HOSPITALET DE LLOBREGAT (L')
1065;694;MASQUEFA
1066;695;SANT CUGAT SESGARRIGUES
1067;696;SANT PERE DE TORELLO
1068;697;ALONSOTEGI
1069;698;OROZKO
1070;864;LLIÇA DE VALL
1071;699;VILLARCAYO
1072;700;ALISEDA
1073;701;BROZAS
1074;865;MANRESA
1075;730;MARTORELL
1076;709;SANT VICENÇ DE MONTALT
1077;710;ZAMUDIO
1078;711;BALBASES (LOS)
1079;712;CASTROJERIZ
1080;808;MONISTROL DE MONTSERRAT
1081;713;MALPARTIDA DE PLASENCIA
1082;900;MONTGAT
1083;866;MONTSENY
1084;867;NAVARCLES
1085;731;SANT ADRIA DE BESOS
1086;732;SANT BOI DE LLOBREGAT
1087;733;TAGAMANENT
1088;734;HUERTA DEL REY
1089;735;CILLEROS
1090;736;VILLAR DE PLASENCIA
1091;738;SANT JUST DESVERN
1092;868;PINEDA DE MAR
1093;739;ABANTO
1094;740;SOPUERTA
1095;741;SOTRESGUDO
1096;809;PRAT DE LLOBREGAT (EL)
1097;749;SANT PERE DE RIBES
1098;750;SANTA SUSANNA
1099;750;CAN TORRENT-ALTA MARESMA-CAN GELAT
1100;751;BERMEO
1101;777;ROCA DEL VALLES (LA)
1102;777;SANTA AGNES DE MALANYANES
1103;752;DURANGO
1104;753;ELORRIO
1105;754;LEMOA
1106;755;MARKINA-XEMEIN
1107;919;SABADELL
1108;756;CARDEÑAJIMENO
1109;757;QUINTANAR DE LA SIERRA
1110;920;SALLENT
1111;920;CABRIANES
1112;758;BAÑOS
1113;759;CASAS DEL CASTAÑAR
1114;760;VALVERDE DEL FRESNO
1115;761;CHICLANA DE LA FRONTERA
1116;762;CONIL DE LA FRONTERA
1117;763;ESCALANTE
1118;869;SANT FELIU DE LLOBREGAT
1119;810;SANT FOST CAMPSENTELLES
1120;778;PLENTZIA
1121;779;BATAN (EL)
1122;780;PIORNAL
1123;781;PATERNA DE RIVERA
1124;782;NOVALES
1125;811;SANT PERE DE RIUDEBITLLES
1126;812;SANT PERE SALLAVINERA
1127;870;SANT SADURNI D'ANOIA
1128;871;SANTA COLOMA DE GRAMENET
1129;921;SANTA MARIA DE MIRALLES
1130;901;SENTMENAT
1131;872;SUBIRATS
1132;813;VILANOVA DEL VALLES
1133;814;VILANOVA I LA GELTRU
1134;815;VILASSAR DE DALT
1135;816;LEKEITIO
1136;817;ORTUELLA
1137;818;FONTIOSO
1138;819;SARRACIN
1139;820;ALCUESCAR
1140;821;CECLAVIN
1141;822;COLLADO
1142;823;LOGROSAN
1143;824;PLASENCIA
1144;825;VALDEOBISPO
1145;826;ZARZA DE GRANADILLA
1146;827;AMBROSERO
1147;828;MALIAÑO
1148;828;MURIEDAS
1149;828;HERRERA
1150;828;REVILLA
1151;829;COLINDRES
1152;830;PONTEJOS
1153;830;ELECHAS
1154;831;SOLARES
1155;831;HERAS
1156;832;GORNAZO
1157;832;CUDON
1158;892;VILASSAR DE MAR
1159;902;BASIGO
1160;873;MIRANDA DE EBRO
1161;874;VIVAR DEL CID
1162;875;BOHONAL DE IBOR
1163;876;CASAS DE DON GOMEZ
1164;877;TORREORGAZ
1165;878;UBRIQUE
1166;879;CASTRO URDIALES
1167;879;ISLARES
1168;879;ONTON
1169;880;HOZNAYO
1170;881;LAREDO
1171;882;PAMANES
1172;893;BUNIEL
1173;894;CERNEGULA
1174;895;DELEITOSA
1175;896;ESCURIAL
1176;897;TORREJONCILLO
1177;903;BRIVIESCA
1178;904;GUIJO DE GRANADILLA
1179;905;MAJADAS
1180;906;BOO
1181;906;GUARNIZO
1182;922;OQUILLAS
1183;923;ENTRAMBASAGUAS
1184;923;SANTA CRUZ DE MENA
1185;923;SANTECILLA
1186;924;VILLANUEVA DE LAS CARRETAS
1187;925;ALMOHARIN
1188;926;BELVIS DE MONROY
1189;927;SAN JOSE DEL VALLE
1190;928;ARNUERO
1191;929;REOCIN
1192;929;PUENTE SAN MIGUEL
1193;932;ABADIN
1194;932;XESTA (A)
1195;933;ABANILLA
1196;934;ABARAN
1197;935;ABEGONDO
1198;937;ABENOJAR
1199;938;ABLITAS
1200;939;ADAMUZ
1201;940;ADEJE
1202;940;FAÑABE
1203;940;PLAYA DE LAS AMERICAS
1204;940;ARMEÑIME
1205;940;TIJOCO BAJO
1206;940;CALDERA (LA)
1207;942;AGAETE
1208;943;AGER
1209;944;AGOLADA
1210;944;MARCELIN
1211;946;AGONCILLO
1212;946;RECAJO
1213;947;AGRAMUNT
1214;952;AGUDO
1215;953;AGUILAR DE CAMPOO
1216;954;AGUILAR DE LA FRONTERA
1217;955;AGUILAS
1218;956;AGUIMES
1219;956;CRUCE DE ARINAGA
1220;956;POLIGONO RESIDENCIAL DE ARINAGA
1221;958;AIA
1222;958;ARRUTIEGIA
1223;959;AIBAR
1224;961;AIGUAVIVA
1225;962;AINSA
1226;964;AJALVIR
1227;968;ALAJERO
1228;969;ALAMEDA
1229;971;ALAMO (EL)
1230;972;ALAMUS (ELS)
1231;975;ALAR DEL REY
1232;975;BECERRIL DEL CARPIO
1233;977;ALBA DE TORMES
1234;980;ALBALADEJO
1235;983;ALBALATE DE CINCA
1236;985;ALBANCHEZ DE MAGINA
1237;988;ALBATARREC
1238;989;ALBELDA DE IREGUA
1239;991;ALBERCA (LA)
1240;992;ALBERCA DE ZANCARA (LA)
1241;994;ALBERITE
1242;995;ALBERO BAJO
1243;996;ALBESA
1244;997;ALBOCASSER
1245;998;ALBOLOTE
1246;1002;ALBUÑAN
1247;1003;ALBUÑOL
1248;1003;RABITA (LA)
1249;1003;POZUELO (EL)
1250;1006;ALCALA DE HENARES
1251;1008;ALCALA DE XIVERT
1252;1008;ALCOSSEBRE
1253;1010;ALCALA LA REAL
1254;1010;ERMITA NUEVA
1255;1011;ALCAMPELL
1256;1012;ALCANADRE
1257;1014;ALCANTARILLA
1258;1017;ALCARACEJOS
1259;1018;ALCARRAS
1260;1020;ALCAUDETE
1261;1020;BOBADILLA
1262;1020;NOGUERONES
1263;1022;ALCAZAR DE SAN JUAN
1264;1022;ALAMEDA DE CERVERA
1265;1022;CINCO CASAS
1266;1024;ALCAZARES (LOS)
1267;1025;ALCOBENDAS
1268;1026;ALCOLEA DE CALATRAVA
1269;1027;ALCOLEA DE CINCA
1270;1029;ALCOLEA DEL PINAR
1271;1031;ALCOLETGE
1272;1032;ALCORA
1273;1033;ALCORCON
1274;1036;ALCUBIERRE
1275;1038;ALCUBILLAS
1276;1043;SAN NICOLAS DE TOLENTINO
1277;1044;ALDEA DEL FRESNO
1278;1045;ALDEA DEL REY
1279;1046;ALDEALENGUA
1280;1048;ALDEANUEVA DE EBRO
1281;1049;ALDEANUEVA DE FIGUEROA
1282;1050;ALDEATEJADA
1283;1051;ALDEHUELA DE LA BOVEDA
1284;1052;ALEDO
1285;1053;ALFACAR
1286;1059;ALFARNATE
1287;1060;ALFARO
1288;1061;ALFARRAS
1289;1062;ALFES
1290;1064;ALFOZ
1291;1067;ALGARINEJO
1292;1068;ALGARROBO
1293;1070;ALGERRI
1294;1071;ALGETE
1295;1074;ALGORA
1296;1075;ALGUAIRE
1297;1076;ALGUAZAS
1298;1077;ALHAMA DE GRANADA
1299;1077;VENTAS DE ZAFARRAYA
1300;1078;ALHAMA DE MURCIA
1301;1079;ALHAURIN DE LA TORRE
1302;1080;ALHAURIN EL GRANDE
1303;1081;ALHENDIN
1304;1083;ALIAGUILLA
1305;1084;ALIJA DEL INFANTADO
1306;1085;ALJARAQUE
1307;1086;ALLO
1308;1087;ALMACELLES
1309;1088;ALMADEN
1310;1090;ALMADRONES
1311;1091;ALMAGRO
1312;1092;ALMARCHA (LA)
1313;1093;ALMARGEN
1314;1097;ALMAZORA
1315;1098;ALMEDINA
1316;1099;ALMEDINILLA
1317;1101;ALMENAR
1318;1102;ALMENARA
1319;1105;ALMODOVAR DEL CAMPO
1320;1106;ALMODOVAR DEL RIO
1321;1107;ALMOGUERA
1322;1111;ALMONACID DE ZORITA
1323;1112;ALMONACID DEL MARQUESADO
1324;1113;ALMONASTER LA REAL
1325;1114;ALMONTE
1326;1114;TORRE DE LA HIGUERA O MATALASCAÑAS
1327;1116;ALMUDEVAR
1328;1118;ALMUÑECAR
1329;1118;HERRADURA (LA)
1330;1119;ALMURADIEL
1331;1121;ALORA
1332;1122;ALOSNO
1333;1122;THARSIS
1334;1123;ALOVERA
1335;1124;ALOZAINA
1336;1125;ALPEDRETE
1337;1126;ALPICAT
1338;1129;ALQUERIAS DEL NIÑO PERDIDO
1339;1130;ALQUEZAR
1340;1132;ALTORRICON
1341;1133;ALTSASU/ALSASUA
1342;1134;ALTURA
1343;1137;AMER
1344;1138;PONTE MACEIRA (A)
1345;1138;LAPIDO
1346;1138;AMES
1347;1139;ZUDAIRE
1348;1143;AMUSCO
1349;1144;ANDOAIN
1350;1144;LEIZOTZ
1351;1146;ANDOSILLA
1352;1147;ANDUJAR
1353;1148;ANGLES
1354;1149;ANGLESOLA
1355;1151;ANOETA
1356;1152;ANSOAIN
1357;1153;ANTAS DE ULLA
1358;1154;ANTEQUERA
1359;1154;VILLANUEVA CONCEPCION
1360;1155;CASTILLO (EL)
1361;1155;ANTIGUA
1362;1155;CALETA DE FUSTE
1363;1156;GRAJAL DE RIBERA
1364;1157;BURUTAIN
1365;1158;AÑORA
1366;1160;AOIZ/AGOITZ
1367;1161;ARACENA
1368;1162;ARAFO
1369;1162;HIDALGA (LA)
1370;1164;ARRIBE
1371;1165;ETXARREN
1372;1166;MUTILVA BAJA/MUTILOABEITI
1373;1166;ARANGUREN
1374;1166;TAJONAR/TAXOARE
1375;1167;ARANJUEZ
1376;1168;ARAPILES
1377;1168;TORRES (LAS)
1378;1170;ARBECA
1379;1171;ARBO
1380;1173;ARBUCIES
1381;1175;ARCHENA
1382;1176;ARCHIDONA
1383;1177;ARCOS (LOS)
1384;1179;ARDALES
1385;1180;ARDON
1386;1181;AREN
1387;1182;ARENALES DE SAN GREGORIO
1388;1183;ARENAS DE SAN JUAN
1389;1184;ARGAMASILLA DE ALBA
1390;1185;ARGAMASILLA DE CALATRAVA
1391;1186;ARGANDA
1392;1188;ARGUEDAS
1393;1189;ARIBE
1394;1190;ARICO NUEVO
1395;1190;PORIS DE ABONA
1396;1190;ARICO
1397;1192;ARJONA
1398;1193;ARJONILLA
1399;1194;ARMILLA
1400;1195;ARNEDO
1401;1196;AROCHE
1402;2906;VIVEDA
1403;1197;ARONA
1404;1197;CAMELLA(LA)
1405;1197;VALLE DE SAN LORENZO
1406;1197;CABO BLANCO
1407;1197;CRISTIANOS(LOS)
1408;1197;PLAYA DE LAS AMERICAS (ARONA)
1409;1197;COSTA DEL SILENCIO
1410;2909;IRUZ
1411;1198;ARQUILLOS
1412;2914;SANTOÑA
1413;1199;ARRASATE/MONDRAGON
1414;2974;SOBA
1415;1200;ARRECIFE
1416;2981;SOLORZANO
1417;1201;ARRIATE
1418;2995;SUANCES
1419;2995;HINOJEDO
1420;1202;ARRONIZ
1421;3076;TORRELAVEGA
1422;3076;GANZO
1423;3076;SIERRAPANDO
1424;3076;TANOS
1425;3076;BARREDA
1426;1204;ARROYO DEL OJANCO
1427;1206;ARTAJONA
1428;1207;ARTANA
1429;1208;ARTEIXO
1430;1208;SABON
1431;1208;VILARRODIS
1432;1208;LARIN
1433;1208;MEICENDE
1434;1208;GRELA (A)
1435;3141;PESUES
1436;1209;ARTENARA
1437;3143;VALDALIGA
1438;1210;ARTESA DE LLEIDA
1439;3154;POLIENTES
1440;1211;ARTESA DE SEGRE
1441;3194;CANDOLIAS
1442;1212;ARUCAS
1443;1212;SANTIDAD
1444;1212;CASTILLOS (LOS)
1445;3255;VILLACARRIEDO
1446;1213;ARZUA
1447;1213;DOMBODAN
1448;3264;LIAÑO
1449;3264;CONCHA (LA)
1450;3264;VILLANUEVA
1451;1214;ASPA
1452;1215;ASTIGARRAGA
1453;1216;ASTORGA
1454;3273;VEGA
1455;1217;ASTUDILLO
1456;3399;SAN PANTALEON DE ARAS
1457;1218;ATALAYA DEL CAÑAVATE
1458;1220;ATARFE
1459;1223;ATIENZA
1460;1225;ATZENETA DEL MAESTRAT
1461;1226;AUTOL
1462;1227;AVINYONET DE PUIGVENTOS
1463;1228;AVION (OURENSE)
1464;1266;BARRACAS
1465;1229;AYAMONTE
1466;1291;BEJIS
1467;1230;AYERBE
1468;1319;BENASAL
1469;1231;AYLLON
1470;1326;BENICARLO
1471;1327;BENICASIM
1472;1233;AZAGRA
1473;1336;BENLLOCH
1474;1234;AZKOITIA
1475;1354;BETXI
1476;1387;BORRIOL
1477;1420;BURRIANA
1478;1237;AZPEITIA
1479;1425;CABANES
1480;1425;RIBERA DE CABANES, LA
1481;1239;AZUQUECA DE HENARES
1482;1590;CASTELLON DE LA PLANA
1483;1663;CHILCHES
1484;1241;BAENA
1485;1241;ALBENDIN
1486;1738;COVES DE VINROMA (LES)
1487;1242;BAEZA
1488;1861;FORCALL
1489;1243;BAILEN
1490;2067;JANA (LA)
1491;1244;BAIONA
1492;2071;JERICA
1493;1245;BALAGUER
1494;2142;LLOSA (LA)
1495;1246;CADAVO (O)
1496;2161;LUCENA DEL CID
1497;1247;BALLOBAR
1498;2289;MONCOFA
1499;1248;BALTANAS
1500;2306;MONTANEJOS
1501;1249;BANDE
1502;2345;MORELLA
1503;1250;BANYOLES
1504;2418;NULES
1505;1251;MOLDES
1506;1251;BAÑA (A)
1507;2442;LOMAS (LAS)
1508;1252;BAÑARES
1509;2446;ONDA
1510;2446;PANTANO DEL SICHAR
1511;2446;APEADERO DE BECHI
1512;1253;BAÑEZA (LA)
1513;1255;BAÑOS DE LA ENCINA
1514;2464;OROPESA
1515;2464;AMPLARIES (LES)
1516;2464;MARINA D'OR
1517;1256;BAÑOS DE RIO TOBIA
1518;1257;BARAJAS DE MELO
1519;1258;BARALLA
1520;2548;PEÑISCOLA
1521;1259;BARAÑAIN
1522;2590;POBLA TORNESA (LA)
1523;1260;BARASOAIN
1524;2726;RIBESALBES
1525;1261;BARBADAS
1526;2834;SAN RAFAEL DEL RIO
1527;1262;BARBASTRO
1528;2857;SANT JOAN DE MORO
1529;1263;BARCO (O)
1530;2861;SANT MATEU
1531;2885;SANTA MAGDALENA DE PULPIS
1532;1265;BARLOVENTO
1533;2937;SEGORBE
1534;2961;SIERRA-ENGARCERAN
1535;2984;SONEJA
1536;1268;BARREIROS (CASCO URBANO)
1537;2992;SOT DE FERRER
1538;1269;BARRO
1539;1269;CURRO
1540;3060;TORREBLANCA
1541;1270;BARRUECOPARDO
1542;3102;TRAIGUERA
1543;1271;BARRUELO DE SANTULLAN
1544;3166;VALL D'ALBA
1545;3170;VALL D'UIXO (LA)
1546;1273;BASCARA
1547;3225;VILAFAMES
1548;1274;BASSELLA
1549;3237;VILANOVA D'ALCOLEA
1550;3272;VILLAFRANCA DEL CID
1551;1276;BAUSEN
1552;3359;VILLARREAL
1553;1277;BAZA
1554;1277;BAUL
1555;3378;VILAVELLA (LA)
1556;1278;ARIZKUN
1557;1278;ELIZONDO
1558;1278;ARRAIOZ
1559;1278;MUGAIRI(ORONOZ)
1560;3385;VINAROS
1561;1279;BEADE
1562;3395;VISTABELLA DEL MAESTRAZGO
1563;1280;BEAS
1564;3398;VIVER
1565;1281;BEAS DE SEGURA
1566;1653;CEUTA
1567;1282;BEASAIN
1568;1283;BECERREA
1569;1284;BECERRIL DE LA SIERRA
1570;1286;BEDMAR
1571;1287;BEGIJAR
1572;1288;BEGONTE
1573;1289;BEGUR
1574;1290;BEJAR
1575;1292;BELALCAZAR
1576;1294;BELINCHON
1577;1295;BELLCAIRE D'EMPORDA
1578;1296;BELLCAIRE D'URGELL
1579;1297;BELL-LLOC D'URGELL
1580;1299;BELLPUIG
1581;1299;SEANA
1582;1375;BOLAÑOS DE CALATRAVA
1583;1390;BRAZATORTAS
1584;1302;BELLVER DE CERDANYA
1585;1463;CALZADA DE CALATRAVA
1586;1303;BELLVIS
1587;1487;CAMPO DE CRIPTANA
1588;1304;BELMEZ
1589;1550;CARRION DE CALATRAVA
1590;1305;BELMEZ DE LA MORALEDA
1591;1554;CARRIZOSA
1592;1586;CASTELLAR DE SANTIAGO
1593;1665;CHILLON
1594;1308;BEMBIBRE
1595;1308;SAN ROMAN DE BEMBIBRE
1596;1683;CIUDAD REAL
1597;1309;BENABARRE
1598;1724;CORRAL DE CALATRAVA
1599;1731;CORTIJOS DE ARRIBA
1600;1739;COZAR
1601;1312;BENALMADENA
1602;1312;ARROYO DE LA MIEL-BENALMADENA COSTA
1603;1767;DAIMIEL
1604;1313;BENALUA DE LAS VILLAS
1605;1880;FUENCALIENTE
1606;1314;BENAMARGOSA
1607;1891;FUENTE EL FRESNO
1608;1315;BENAMAUREL
1609;1956;GRANATULA DE CALATRAVA
1610;1316;BENAMEJI
1611;1968;GUADALMEZ
1612;1317;BENAMOCARRA
1613;1995;HERENCIA
1614;1318;BENAOJAN
1615;2082;LABORES (LAS)
1616;2132;LLANOS DEL CAUDILLO
1617;1320;BENASQUE
1618;2163;LUCIANA
1619;1321;BENAVENT DE SEGRIA
1620;2188;MALAGON
1621;2197;MANZANARES
1622;2246;MEMBRILLA
1623;2259;MIGUELTURRA
1624;2318;MONTIEL
1625;2333;MORAL DE CALATRAVA
1626;2532;PEDRO MUÑOZ
1627;1328;BENIEL
1628;2568;PIEDRABUENA
1629;2624;PORZUNA
1630;2633;POZUELO DE CALATRAVA
1631;2650;PUEBLA DE DON RODRIGO
1632;2657;PUEBLA DEL PRINCIPE
1633;2669;PUERTO LAPICE
1634;2671;PUERTOLLANO
1635;2714;RETUERTA DEL BULLAQUE
1636;2745;ROBLEDO (EL)
1637;1337;BERA / VERA DE BIDASOA
1638;2773;SACERUELA
1639;1338;BERBINZANA
1640;2800;SAN CARLOS DEL VALLE
1641;1339;BERGARA
1642;1339;BASALGO
1643;2875;SANTA CRUZ DE LOS CAÑAMOS
1644;1340;BERGONDIÑO
1645;2877;SANTA CRUZ DE MUDELA
1646;1341;BERIAIN
1647;2977;SOCUELLAMOS
1648;2978;SOLANA (LA)
1649;3027;TERRINCHES
1650;1344;BERNINCHES
1651;3041;TOMELLOSO
1652;1345;AIZOAIN
1653;1345;BERRIOPLANO
1654;1345;ARTICA
1655;3053;TORRALBA DE CALATRAVA
1656;1346;BERRIOZAR
1657;3056;TORRE DE JUAN ABAD
1658;1347;BERROCAL
1659;3082;TORRENUEVA
1660;1348;LEGASA
1661;3150;VALDEPEÑAS
1662;3150;CONSOLACION
1663;1349;BESALU
1664;1350;BESCANO
1665;3277;VILLAHERMOSA
1666;1351;BETANZOS
1667;1351;BETANZOS-O-VELLO
1668;1351;GUILIADE
1669;1351;VIUXE
1670;3288;VILLAMANRIQUE
1671;3293;VILLAMAYOR DE CALATRAVA
1672;1353;BETETA
1673;3315;VILLANUEVA DE LA FUENTE
1674;3323;VILLANUEVA LOS INFANTES
1675;1355;BIELSA
1676;3325;VILLANUEVA DE SAN CARLOS
1677;1356;BIESCAS
1678;3362;VILLARRUBIA DE LOS OJOS
1679;1357;BINACED
1680;3366;VILLARTA DE SAN JUAN
1681;1358;BINEFAR
1682;3394;VISO DEL MARQUES
1683;1361;BISBAL D'EMPORDA(LA)
1684;1362;BIURE
1685;1363;BLANCA
1686;1365;BLANES
1687;1366;BLAZQUEZ (LOS)
1688;1367;BOADILLA DEL MONTE
1689;1368;CERCEDA
1690;1371;BOCEGUILLAS
1691;1406;BUJALANCE
1692;1432;CABRA
1693;1373;CORREDOIRAS
1694;1514;CAÑETE DE LAS TORRES
1695;1374;BOIRO
1696;1374;PESQUEIRA
1697;1374;BERMO
1698;1531;CARCABUEY
1699;1537;CARDEÑA
1700;1541;CARLOTA (LA)
1701;1541;ARRECIFE (EL)
1702;1541;QUINTANA
1703;1377;BOLLULLOS PAR DEL CONDADO
1704;1378;BOLO (O)
1705;1379;BOLTAÑA
1706;1546;CARPIO (EL)
1707;1380;BONARES
1708;1610;CASTRO DEL RIO
1709;1381;BOÑAR
1710;1715;CORDOBA
1711;1715;ALCOLEA
1712;1715;QUEMADAS (LAS)
1713;1715;VILLARRUBIA
1714;1715;SANTA CRUZ
1715;1715;MAJANEQUE
1716;1382;SERGUDE
1717;1383;BORGES BLANQUES (LES)
1718;1386;BORRASSA
1719;1779;DOÑA MENCIA
1720;1793;ENCINAS REALES
1721;1811;ESPEJO
1722;1812;ESPIEL
1723;1391;COMBARROS
1724;1842;FERNAN NUÑEZ
1725;1893;FUENTE OBEJUNA
1726;1894;FUENTE PALMERA
1727;1394;SAN PEDRO DE BREÑA ALTA
1728;1394;BREÑA
1729;1394;BREÑA ALTA
1730;1906;FUENTE-TOJAR
1731;1395;BRIHUEGA
1732;2007;HINOJOSA DEL DUQUE
1733;1396;ANXELES (OS), SANTA MARIA-BRION)
1734;2016;HORNACHUELOS
1735;1397;BROTO
1736;2058;IZNAJAR
1737;2058;VALENZUELA Y LLANADAS
1738;1398;BRUNETE
1739;1399;BRUNYOLA
1740;2160;LUCENA
1741;2160;ANJARON
1742;1400;BUENACHE DE ALARCON
1743;1401;CUATRO CALZADAS
1744;2171;LUQUE
1745;1402;BUENAVISTA DE VALDAVIA
1746;2302;MONTALBAN DE CORDOBA
1747;1403;BUENAVISTA DEL NORTE
1748;2314;MONTEMAYOR
1749;1404;SABARIGO
1750;2319;MONTILLA
1751;1405;BUITRAGO DEL LOZOYA
1752;2323;MONTORO
1753;2327;MONTURQUE
1754;2347;MORILES
1755;1408;BULLAS
1756;2415;NUEVA CARTEYA
1757;2420;OBEJO
1758;1410;BUÑUEL
1759;2495;PALENCIANA
1760;1411;BURELA
1761;2498;PALMA DEL RIO
1762;1412;BURGO (EL)
1763;2531;PEDRO ABAD
1764;2533;PEDROCHE
1765;2547;PEÑARROYA-PUEBLONUEVO
1766;1415;BURGO RANERO (EL)
1767;2625;POSADAS
1768;2629;POZOBLANCO
1769;2641;PRIEGO DE CORDOBA
1770;2641;ZAMORANOS
1771;2641;LAGUNILLAS (LAS)
1772;2641;CONCEPCION (LA)
1773;2641;CASTIL DE CAMPOS
1774;1419;BURLADA/BURLATA
1775;1422;CABANA
1776;2662;PUENTE GENIL
1777;1423;LARAXE
1778;2700;RAMBLA (LA)
1779;1424;CABANELLES
1780;2768;RUTE
1781;2768;LLANOS DE DON JUAN
1782;1426;CABANILLAS
1783;2837;SAN SEBASTIAN DE LOS BALLESTEROS
1784;1427;CABANILLAS DEL CAMPO
1785;2901;SANTAELLA
1786;2901;MONTIELA (LA)
1787;2901;GUIJARROSA (LA)
1788;3063;TORRECAMPO
1789;3216;VICTORIA (LA)
1790;3249;VILLA DEL RIO
1791;1433;CABRA DEL SANTO CRISTO
1792;3269;VILLAFRANCA DE CORDOBA
1793;3276;VILLAHARTA
1794;1435;CABRERA (LA)
1795;3311;VILLANUEVA DE CORDOBA
1796;1436;CABRERIZOS
1797;3332;VILLANUEVA DEL DUQUE
1798;1437;CABREROS DEL RIO
1799;3334;VILLANUEVA DEL REY
1800;1438;CACABELOS
1801;3376;VILLAVICIOSA DE CORDOBA
1802;1439;CADALSO DE LOS VIDRIOS
1803;1440;CADAQUES
1804;1441;CADIAR
1805;1442;CADREITA
1806;1444;CALA
1807;1447;CALAHORRA
1808;1448;CALAHORRA (LA)
1809;1451;CALAÑAS
1810;1452;CALASPARRA
1811;1456;CALCOTE
1812;1456;SEGAD
1813;1456;PARADELA
1814;1456;CALDAS DE REIS
1815;1457;CALDES DE MALAVELLA
1816;1459;CALICASAS
1817;1460;CALONGE
1818;1461;CALVARRASA DE ABAJO
1819;1462;CALVARRASA DE ARRIBA
1820;1465;CALZADA DE VALDUNCIEL
1821;1466;CAMARASA
1822;1469;PONTE DO PORTO
1823;1475;CAMBRE
1824;1475;TELVA (A)
1825;1475;TEMPLE (O)
1826;1475;CECEBRE (SAN SALVADOR)
1827;1519;NEVES (AS)
1828;1473;CAMBADOS
1829;1473;XESTEIRA (A)
1830;1473;LAXES (AS)
1831;1527;CARBALLO
1832;1527;RUS-CARBALLO
1833;1474;CAMBIL
1834;1539;CARIÑO
1835;1544;MACEIRAS
1836;1548;CARRAL
1837;1625;CEDEIRA
1838;1625;TRABE
1839;1480;CAMPELLES
1840;1628;CEE
1841;1628;XALLAS
1842;1481;CAMPILLO (EL)
1843;1482;CAMPILLO DE ALTOBUEY
1844;1638;TABLILLA
1845;1483;CAMPILLO DE ARENAS
1846;1484;CAMPILLO DE DUEÑAS
1847;1641;FELGOSAS
1848;1485;CAMPILLOS
1849;1694;COIROS DE ARRIBA
1850;1486;CAMPO
1851;1720;CORISTANCO
1852;1732;CORUÑA (A)
1853;1732;PALAVEA
1854;1732;MESOIRO
1855;1732;BENS
1856;1732;GRELA (LA)
1857;1732;POLIGONO DE POCOMACO
1858;1732;POLIGONO INDUSTRIAL LA GRELA-BENS
1859;1488;CAMPO DE VILLAVIDEL
1860;1489;LAMEIRO
1861;1490;CAMPO REAL
1862;1491;CAMPONARAYA
1863;1493;CARRASCOSA DEL CAMPO
1864;1494;CAMPOTEJAR
1865;1761;ALVEDRO
1866;1761;BURGO (O)
1867;1761;ACEA DE AMA
1868;1761;FONTECULLER
1869;1761;CULLEREDO
1870;1761;LEDOÑO
1871;1495;CAMPRODON
1872;1499;CANDASNOS
1873;1500;CANDELARIA
1874;1500;CALETILLAS (LAS)
1875;1500;BARRANCO HONDO
1876;1764;TEIJEIRO
1877;1764;CURTIS
1878;1501;CANENA
1879;1775;DODRIÑO
1880;1503;CANFRANC-ESTACION
1881;1784;CAMPO DE BERDEOGAS
1882;1504;CANGAS
1883;1840;FENE
1884;1505;CANILES
1885;1844;FERROL
1886;1844;CABANA (A)
1887;1844;CATABOIS
1888;1506;CANTALEJO
1889;1507;CANTALPINO
1890;1847;FISTERRA
1891;1867;PONTE CARREIRA
1892;2097;PAYOSACO
1893;2097;CORGO
1894;2097;LARACHA
1895;2097;TORAS
1896;1511;CAÑAVERAS
1897;1512;CAÑAVERUELAS
1898;1513;CAÑETE
1899;2103;LAXE
1900;1515;CAÑETE LA REAL
1901;2190;MALPICA
1902;1516;CAÑIZA (A)
1903;1516;VALEIXE
1904;2231;PINO VAL (MAZARICOS)
1905;2231;SAN CIPRIANO
1906;1518;CAPARROSO
1907;2243;MELIDE
1908;2243;ALTO
1909;1520;CAPELLA
1910;2264;MIÑO
1911;1521;CAPMANY
1912;2274;SAN RAMON
1913;1522;CARAVACA DE LA CRUZ
1914;1522;BENABLON
1915;1522;BARRANDA
1916;1522;ALMUDEMA (LA)
1917;2362;MUGARDOS
1918;1524;CARBAJOSA DE LA SAGRADA
1919;2373;MUXIA
1920;1525;BARRELA (A)
1921;1525;CARBALLEDO
1922;2378;NARON
1923;2378;GANDARA
1924;2378;CAMPO DAS RATAS
1925;2378;CADAVAL
1926;2378;GANDARA DE ABAJO
1927;2378;XUBIA
1928;2378;O'VAL-NARÓN
1929;1526;CARBALLIÑO
1930;1528;CARBONERAS DE GUADAZAON
1931;1529;CARBONERO EL MAYOR
1932;1530;CARBONEROS
1933;2397;NEDA
1934;2397;MOURELA ALTA
1935;1533;CARCAR
1936;1534;CARCASTILLO
1937;1534;FIGAROL
1938;2398;NEGREIRA
1939;1535;CARCHELEJO
1940;1535;CARCHEL
1941;2410;NOIA
1942;2410;ABRUÑEIRAS
1943;2410;ALBARISA
1944;1536;CARDENETE
1945;2431;OLEIROS
1946;2431;CAMPAMENTO (O)
1947;2431;VILANOVA
1948;2431;PERILLO
1949;2456;ORDES
1950;2456;MESON DO VENTO
1951;2456;AMEIXEIRA
1952;1545;CAROLINA (LA)
1953;2465;OROSO PEQUENO
1954;2468;ORTIGUEIRA
1955;2480;OUTES
1956;2481;OZA
1957;2482;TERCIO
1958;2484;PADRON
1959;2484;IRIA FLAVIA
1960;2484;ESCLAVITUD
1961;1552;CARRION DE LOS CONDES
1962;1553;VILLANUEVA DE CARRIZO
1963;2571;PAZO
1964;2571;ARCA (SANTA EULALIA)
1965;1555;CARROCERA
1966;2594;POBRA DO CARAMIÑAL
1967;1556;CARTAGENA
1968;1556;FERRIOL (EL)
1969;1556;TORRECIEGA
1970;1556;SANTA LUCIA
1971;1556;ALGAR (EL)
1972;1556;BELONES (LOS)
1973;1556;CABO DE PALOS
1974;1556;MANGA DEL MAR MENOR (LA)
1975;1556;ALBUJON
1976;1556;ALJORRA (LA)
1977;1556;PUEBLA (LA)
1978;1556;APARECIDA (LA)
1979;1556;POZO ESTRECHO
1980;1556;PALMA (LA)
1981;1556;CAMACHOS (LOS)
1982;1556;VEREDA (LA)
1983;1556;SAN ANTONIO ABAD
1984;1556;MOLINOS MARFAGONES
1985;1556;CUESTA BLANCA DE ABAJO
1986;1556;CANTERAS
1987;1556;DOLORES (LOS)
1988;1556;PATOJOS (LOS)
1989;2605;PONTECESO
1990;1557;CARTAMA
1991;2607;PONTEDEUME
1992;2607;CAMPO LONGO
1993;1558;CARTAYA
1994;1559;OUTOMURO
1995;2609;PONTES DE GARCIA RODRIGUEZ (AS) (SANTA MARIA)
1996;2609;GOENTE
1997;1560;CASABERMEJA
1998;1561;CASAR (EL)
1999;1561;COTO (EL)
2000;2621;PORTO DO SON
2001;2717;RIANXO
2002;2717;TE
2003;1563;CASARABONELA
2004;1564;CASARES
2005;2725;SANTA UXIA DE RIBEIRA
2006;2753;MARTELO
2007;2774;SADA
2008;2774;TARABELO
2009;2774;OSEDO
2010;1567;CASARRUBUELOS
2011;1568;CASAS DE BENITEZ
2012;1569;CASAS DE FERNANDO ALONSO
2013;2835;MARQUES DE SAN SADURNIÑO, AVENIDA DO
2014;2835;BIDUEDA
2015;1570;CASAS DE HARO
2016;1571;CASAS DE LOS PINOS
2017;2870;SANTA COMBA
2018;2902;SANTIAGO DE COMPOSTELA
2019;2902;ROXOS
2020;2902;SANTO IGNACIO DO MONTE
2021;2902;BALSOMA
2022;2902;EIXO DE ABAIXO (O)
2023;2902;ROCHA VELLA (A)
2024;2902;POLVEIRA (A)
2025;2902;BRINS
2026;1573;CASASIMARRO
2027;1575;CASCANTE
2028;1576;CASEDA
2029;1579;CASSA DE LA SELVA
2030;1580;CASTEJON
2031;2976;SOBRADO
2032;1581;CASTEJON DE SOS
2033;3024;CASALONGA
2034;3024;RAMALLOSA
2035;3024;TEO
2036;1583;CASTEJON DEL PUENTE
2037;1584;CASTELLANOS DE MORISCOS
2038;3104;AGRO DO MESTRE
2039;3104;BREA (A)
2040;1585;CASTELLAR
2041;3142;PORTOMOURO
2042;3142;PARAMOS
2043;1587;CASTELLDANS
2044;1589;CASTELLO D'EMPURIES
2045;3159;VALDOVIÑO
2046;3192;PONTE ULLA
2047;1591;CASTELL D'ARO
2048;1591;PLATJA D'ARO
2049;3242;SESMONDE
2050;3242;ZANFOGA
2051;3383;VIMIANZO
2052;3427;ZAS
2053;3427;BAIO GRANDE
2054;1597;CASTILLEJAR
2055;1598;CASTILLEJO DE INIESTA
2056;1599;CASTILLEJO DE MESLEON
2057;1601;CASTILLO DE GARCIMUÑOZ
2058;1603;CASTILLO DE LOCUBIN
2059;1605;FRIEIRA (A)
2060;1606;CASTRIL
2061;1608;CASTRO DE CALDELAS (O)
2062;1609;CASTRO DE RIBEIRAS DE LEA
2063;1609;CASTRO DE REI
2064;1611;CASTROCALBON
2065;1612;NOGAREJAS
2066;1615;CASTROVERDE
2067;1619;BAIUCA
2068;1648;CERVERA DEL LLANO
2069;1664;CHILLARON DE CUENCA
2070;1751;CUENCA
2071;1751;MELGOSA (LA)
2072;1623;CAZORLA
2073;1888;FUENTE DE PEDRO NAHARRO
2074;1951;GRAJA DE INIESTA
2075;2002;HERRUMBLAR (EL)
2076;2006;HINOJOSA (LA)
2077;2008;HINOJOSOS (LOS)
2078;1629;CEHEGIN
2079;1629;CANARA
2080;2009;HITO (EL)
2081;2011;HONRUBIA
2082;1631;CELANOVA
2083;2014;HORCAJO DE SANTIAGO
2084;2031;HUETE
2085;1633;CELLERA DE TER (LA)
2086;2046;INIESTA
2087;1634;CELRA
2088;2091;LANDETE
2089;1635;CENES DE LA VEGA
2090;2110;LEDAÑA
2091;1636;CENICERO
2092;2254;MESAS (LAS)
2093;1637;CENICIENTOS
2094;2263;MINGLANILLA
2095;2265;MIRA
2096;1639;CERCEDILLA
2097;2303;MONTALBANEJO
2098;1640;CERDEDO
2099;2304;MONTALBO
2100;2352;MOTA DEL CUERVO
2101;1642;CEREZO DE ABAJO
2102;2354;MOTILLA DEL PALANCAR
2103;2501;PALOMARES DEL CAMPO
2104;1644;CERRO DE ANDEVALO (EL)
2105;2525;PEDERNOSO (EL)
2106;1645;CERVERA
2107;2535;PEDROÑERAS (LAS)
2108;2552;PERAL (EL)
2109;1647;CERVERA DE PISUERGA
2110;2628;POZOAMARGO
2111;2630;POZOSECO
2112;1649;CERVERA DEL RIO ALHAMA
2113;1649;RINCON OLIVEDO O CASAS
2114;2640;PRIEGO
2115;1650;CERVIA DE TER
2116;2642;PROVENCIO (EL)
2117;1651;CERVO
2118;2646;PUEBLA DE ALMENARA
2119;2690;QUINTANAR DEL REY
2120;2776;SAELICES
2121;1654;CEUTI
2122;1654;TORRAOS (LOS)
2123;2788;SALVACAÑETE
2124;1655;CEVICO DE LA TORRE
2125;2802;SAN CLEMENTE
2126;1656;CHANTADA
2127;1656;SOBREIRA
2128;2819;SAN LORENZO DE LA PARRILLA
2129;1657;CHAÑE
2130;2876;SANTA CRUZ DE MOYA
2131;1658;CHAUCHINA
2132;2891;SANTA MARIA DE LOS LLANOS
2133;2892;SANTA MARIA DEL CAMPO RUS
2134;3005;TALAYUELAS
2135;3009;TARANCON
2136;1662;CHICLANA DE SEGURA
2137;3017;TEBAR
2138;3073;TORREJONCILLO DEL REY
2139;3095;TORRUBIA DEL CAMPO
2140;3101;TRAGACETE
2141;1666;CHILLUEVAR
2142;3107;TRESJUNCOS
2143;1667;CLAVIN (EL)
2144;3149;VALDEOLIVAS
2145;1668;CHINCHON
2146;3163;VALERA DE ABAJO
2147;3259;VILLACONEJOS DE TRABAQUE
2148;1670;CHOZAS DE ARRIBA
2149;3265;VILLAESCUSA DE HARO
2150;3274;VILLAGARCIA DEL LLANO
2151;1672;CHUCENA
2152;3280;VILLALBA DEL REY
2153;3285;VILLALPARDO
2154;1674;CHURRIANA DE LA VEGA
2155;3295;VILLAMAYOR DE SANTIAGO
2156;1675;CIEMPOZUELOS
2157;3316;VILLANUEVA DE LA JARA
2158;1676;CIEZA
2159;1676;VENTA DEL OLIVO
2160;3341;VILLAR DE CAÑAS
2161;1677;CIFUENTES
2162;3346;VILLAREJO DE FUENTES
2163;3349;VILLAREJO-PERIESTEBAN
2164;1679;CIJUELA
2165;3352;VILLARES DEL SAZ
2166;1680;CINTRUENIGO
2167;3364;VILLARRUBIO
2168;3365;VILLARTA
2169;1682;CISTIERNA
2170;1682;VIDANES
2171;3375;VILLAVERDE Y PASACONSOL
2172;3419;ZAFRA DE ZANCARA
2173;1684;CIUDAD RODRIGO
2174;1684;VALDECARPINTEROS
2175;1685;GAZOLAZ
2176;1686;COBEÑA
2177;1689;COCA
2178;1692;COGOLLOS VEGA
2179;1693;COIN
2180;1695;GUSTEI
2181;1695;CAMBEO
2182;1695;COLES
2183;1696;COLL DE NARGO
2184;1771;DEBA
2185;1771;ITZIAR
2186;1698;COLLADO MEDIANO
2187;1699;COLLADO VILLALBA
2188;1699;VILLALBA DE GUADARRAMA
2189;1778;DONOSTIA-SAN SEBASTIAN
2190;1778;ZUBIETA
2191;1700;COLMENAR
2192;1701;COLMENAR DE OREJA
2193;1788;EIBAR
2194;1702;COLMENAR DEL ARROYO
2195;1790;ELGOIBAR
2196;1703;COLMENAR VIEJO
2197;1799;ERRENTERIA
2198;1799;RENTERIA
2199;1704;COLOMERA
2200;1705;COMPETA
2201;1808;APOTZAGA
2202;1808;ESKORIATZA
2203;1706;CONDEMIOS DE ARRIBA
2204;1707;ALMAZCARA
2205;1997;HERNANI
2206;2010;HONDARRIBIA
2207;2041;IDIAZABAL
2208;2048;IRUN
2209;2048;BIDASOA
2210;2049;IRURA
2211;1713;CORBINS
2212;2055;ITSASONDO
2213;1714;CORÇA
2214;2101;LASARTE
2215;2104;LAZKAO
2216;1716;CORELLA
2217;2114;LEGAZPI
2218;1717;CORGO (O)
2219;1717;GOMEAN
2220;2115;LEGORRETA
2221;2122;LEZO
2222;2372;MUTRIKU
2223;2425;ARRAGUA
2224;2425;ALTZIBAR Y KARRIKA
2225;2425;OIARTZUN
2226;2429;OLABERRIA
2227;2452;OÑATI
2228;2457;ORDIZIA
2229;2516;PASAI SAN PEDRO
2230;1727;CORTEGADA
2231;3039;TOLOSA
2232;1728;CORTEGANA
2233;3132;URNIETA
2234;1729;CORTES
2235;3133;URRETXU
2236;1730;CORTES DE LA FRONTERA
2237;3136;USURBIL
2238;3136;AGINAGA
2239;3252;VILLABONA
2240;3252;AMASA
2241;1733;COSLADA
2242;1734;MUIMENTA
2243;1734;COSPEITO
2244;3426;ZARAUTZ
2245;1735;CALVELO
2246;3428;ZESTOA
2247;3428;ARROA-BEKOA
2248;1737;PORTOCORTIÑAS
2249;3434;ZUMAIA
2250;3435;ZUMARRAGA
2251;1741;CUALEDRO
2252;1744;CUBELLS
2253;1745;SAHECHORES DE RUEDA
2254;1747;CUBILLO DE UCEDA (EL)
2255;1748;CUBILLOS DEL SIL
2256;1754;CUEVAS BAJAS
2257;1755;CUEVAS DE SAN MARCOS
2258;1756;CUEVAS DEL BECERRO
2259;1757;CUEVAS DEL CAMPO
2260;1758;CULLAR
2261;1758;VERTIENTES (LAS)
2262;1759;CULLAR VEGA
2263;1763;CUNTIS
2264;1765;CUZCURRITA-RIO TIRON
2265;1766;DAGANZO DE ARRIBA
2266;1766;FRAILES (LOS)
2267;1770;DARRO
2268;1802;ESCALA (L')
2269;1836;EL FAR D'EMPORDA
2270;1772;DEIFONTES
2271;1845;FIGUERES
2272;1845;VILATENIM
2273;1774;DIEZMA
2274;1857;FONTANILLES
2275;1860;VULPELLAC
2276;1776;DOLAR
2277;1863;FORNELLS DE LA SELVA
2278;1777;DONEZTEBE/SANTESTEBAN
2279;1864;FORTIA
2280;1928;GARRIGAS
2281;1942;GIRONA
2282;2019;HOSTALRIC
2283;2074;LA JONQUERA
2284;1782;DOZON
2285;2076;JUIA
2286;1783;DUEÑAS
2287;2129;LLAGOSTERA
2288;2130;LLANÇA
2289;1785;DURCAL
2290;2135;HOSTALETS
2291;2135;LLERS
2292;1787;ALZUZA
2293;1787;EGUES
2294;1787;OLAZ
2295;2138;LLIVIA
2296;2141;LLORET DE MAR
2297;2173;MAÇANET DE CABRENYS
2298;2174;MAÇANET DE LA SELVA
2299;2324;MONT-RAS
2300;1792;ENCINAS DE ABAJO
2301;2443;OLOT
2302;2489;PALAFRUGELL
2303;1794;ENCINASOLA
2304;2490;PALAMOS
2305;2500;PALOL DE REVARDIT
2306;1796;ENTRIMO (CAPITAL)
2307;2522;PAU
2308;2530;PEDRET
2309;2550;PERA (LA)
2310;2580;LES PLANES D'HOSTOLES
2311;1800;AURIZBERRI / ESPINAL
2312;2601;PONT DE MOLINS
2313;1801;ESCACENA DEL CAMPO
2314;2613;PORQUERES
2315;2615;PORT DE LA SELVA (EL)
2316;2617;PORTBOU
2317;2639;PRESES (LES)
2318;2673;PUIGCERDA
2319;1806;ESCORIAL (EL)
2320;2680;QUART
2321;2737;RIPOLL
2322;2738;RIUDARENES
2323;2739;RIUDELLOTS DE LA SELVA
2324;1810;ESPEJA
2325;2760;ROSES
2326;2760;CANYELLES-ALMADRAVA-PUIG-ROM
2327;2786;SALT
2328;2848;SANT FELIU DE BUIXALLEU
2329;1814;ESPINOSA DE HENARES
2330;2849;SANT FELIU DE GUIXOLS
2331;2850;SANT GREGORI
2332;2852;SANT HILARI SACALM
2333;1817;ESPLUS
2334;2853;BARRI HOSTAL NOU
2335;1818;ESPOT
2336;2856;ST JOAN DE LES ABADESSES
2337;2858;SANT JOAN LES FONTS
2338;1820;ESTADILLA
2339;2859;S. JORDI DESVALLS
2340;1821;ESTELLA O LIZARRA
2341;2862;SANT PERE PESCADOR
2342;2868;SANTA COLOMA DE FARNERS
2343;1823;ESTEPONA
2344;1823;BUENAS NOCHES
2345;1823;CANCELADA
2346;2871;SANTA CRISTINA D'ARO
2347;1824;OLLOKI
2348;1824;SAIGOTS
2349;1824;EUGI
2350;2883;SANTA LLOGAIA D'ALGUEMA
2351;1825;ESTERRI D'ANEU
2352;2925;SARRIA DE TER
2353;2931;SAUS
2354;1827;ESTOPIÑAN
2355;2946;SERINYA
2356;1828;ESTRADA (A)
2357;1828;LOIMIL DO CARBALLO
2358;2950;SERRA DE DARO
2359;1829;ESTREMERA
2360;2970;SILS
2361;1830;ETXALAR
2362;3093;TORROELLA DE MONTGRI
2363;1831;ETXARRI-ARANATZ
2364;3097;TOSSA
2365;1832;ORICAIN
2366;3124;ULLA
2367;1833;FABERO
2368;3167;VALL DE BIANYA, LA
2369;1834;FALCES
2370;3169;BAS
2371;3212;VERGES
2372;3218;VIDRERES
2373;3223;PALAUBORRELL
2374;3223;VILADAMAT
2375;1838;FASNIA
2376;3224;VILADRAU
2377;3233;VILAMALLA
2378;3233;POLIGON EMPORDA INTERNACIONAL
2379;3382;VILOBI D'ONYAR
2380;1846;FIRGAS
2381;1848;FITERO
2382;1851;FONDARELLA
2383;1852;FONSAGRADA (A)
2384;1855;FONTANAR
2385;1858;BOCAL (EL)
2386;1858;FONTELLAS
2387;1859;FONZ
2388;1862;FORCAREI
2389;1862;PORTELA
2390;1865;FORTUNA
2391;1866;FOZ
2392;1868;FRAGA
2393;1869;FRAILES
2394;1871;FREILA
2395;1872;FRESNO-ALHANDIGA
2396;1874;FRESNO DE LA VEGA
2397;1875;FRESNO DEL RIO
2398;1876;FRIGILIANA
2399;1877;FRIOL
2400;1878;FROMISTA
2401;1879;PINAR (EL)
2402;1879;FRONTERA
2403;1883;FUENGIROLA
2404;1884;FUENLABRADA
2405;1895;FUENTE VAQUEROS
2406;1885;FUENMAYOR
2407;1912;GABIA GRANDE
2408;1916;GALERA
2409;1887;FUENTE ALAMO
2410;1887;ALMAGROS (LOS)
2411;1887;BALSAPINTADA
2412;1949;GOR
2413;1953;GRANADA
2414;1889;FUENTE DE PIEDRA
2415;1964;GUADAHORTUNA
2416;1890;FUENTE DE SAN ESTEBAN (LA)
2417;1973;GUADIX
2418;1974;CASTELL DE FERRO
2419;1892;FUENTE EL SAZ DE JARAMA
2420;1983;GUEJAR-SIERRA
2421;1984;GUEVEJAR
2422;2024;HUENEJA
2423;2030;BARRIO NUEVO
2424;2030;HUESCAR
2425;2032;HUETOR-SANTILLAN
2426;2033;HUETOR-TAJAR
2427;2033;VENTA NUEVA
2428;2034;HUETOR-VEGA
2429;2043;ILLORA
2430;2043;ALOMARTES
2431;1902;FUENTES DE NAVA
2432;1903;FUENTES DE OÑORO
2433;1903;NUEVO POBLADO
2434;2059;IZNALLOZ
2435;2059;DOMINGO PEREZ
2436;2070;JAYENA
2437;2078;JUN
2438;1907;FUENTIDUEÑA DE TAJO
2439;2084;LACHAR
2440;1908;FUERTE DEL REY
2441;2094;LANJARON
2442;1909;FULIOLA (LA)
2443;2108;TALARA
2444;1910;FUNES
2445;2148;LOJA
2446;2148;VENTORROS DE SAN JOSE
2447;1911;FUSTIÑANA
2448;2202;MARACENA
2449;1913;GALAPAGAR
2450;2273;PUERTO LOPE
2451;1914;BARBATAIN
2452;1914;CORDOVILLA
2453;1914;SALINAS DE PAMPLONA
2454;2285;MOLVIZAR
2455;1915;GALDAR
2456;1915;PUERTO DE SARDINA
2457;1915;MARMOLEJOS
2458;2287;MONACHIL
2459;2310;MONTEFRIO
2460;2311;MONTEJICAR
2461;1918;MONTE LA RAD
2462;2320;MONTILLANA
2463;2334;MORALEDA DE ZAFAYONA
2464;2355;MOTRIL
2465;2355;CARCHUNA
2466;2355;PUNTALON
2467;2401;LAROLES
2468;1925;GARACHICO
2469;2405;NIGUELAS
2470;1926;GARAFIA
2471;2423;OGIJARES
2472;2453;ORCE
2473;2460;ORGIVA
2474;2477;OTURA
2475;1930;GAUCIN
2476;2485;PADUL
2477;2504;PAMPANEIRA
2478;2541;PELIGROS
2479;2541;MONTELUZ
2480;2564;PEZA (LA)
2481;2575;PIÑAR
2482;1936;GETAFE
2483;1936;ALDEHUELA Y LA TORRECILLA (LA)
2484;2572;PINOS-PUENTE
2485;2572;CASANUEVA
2486;2572;VALDERRUBIO
2487;1938;GIBRALEON
2488;2623;PORTUGOS
2489;1940;GIMENELLS
2490;2649;PUEBLA DE DON FADRIQUE
2491;2649;ALMACILES
2492;2675;PULIANAS
2493;2679;PURULLENA
2494;2780;SALAR
2495;2784;SALOBREÑA
2496;1946;GOLMES
2497;2882;SANTA FE
2498;3122;UGIJAR
2499;1948;GONDOMAR
2500;1948;MAÑOFRE-FONTAN
2501;3198;PURCHIL
2502;3200;VELEZ DE BENAUDALLA
2503;1950;GRADO (EL)
2504;3207;VENTAS DE HUELMA
2505;3298;CONCHAR
2506;3320;VILLANUEVA DE LAS TORRES
2507;3338;VILLANUEVA MESIA
2508;1954;GRANADILLA DE ABONA
2509;1954;MEDANO (EL)
2510;1954;AEROPUERTO REINA SOFIA (SANTA CRUZ DE TENERIFE)
2511;3418;ZAFARRAYA
2512;1955;GRANADO (EL)
2513;3420;ZAGRA
2514;3431;ZUBIA (LA)
2515;3431;BARRICHUELO (EL)
2516;1958;FONOLLERES
2517;3433;ZUJAR
2518;1959;GRAÑEN
2519;1959;MONTESUSIN
2520;1960;GRAUS
2521;1960;VENTAS DE SANTA LUCIA (LAS)
2522;1961;GRIJOTA
2523;1962;GRIÑON
2524;1963;GROVE (O)
2525;1965;GUADALAJARA
2526;1965;TARACENA
2527;1967;GUADALIX DE LA SIERRA
2528;1970;GUADARRAMA
2529;1975;GUANCHA (LA)
2530;1975;SANTO DOMINGO
2531;1976;GUARDA (A)
2532;1976;SALCIDOS
2533;1976;PINTAN
2534;1978;GUARDIA DE JAEN (LA)
2535;1979;GUARDO
2536;1980;GUARO
2537;1981;GUARROMAN
2538;2036;HUMANES
2539;1982;GUDIÑA (A)
2540;1982;EROSA
2541;2063;JADRAQUE
2542;2109;LEDANCA
2543;2203;MARANCHON
2544;1985;GUIA DE ISORA
2545;1985;CHIO
2546;1985;PLAYA DE SAN JUAN
2547;1985;ALCALA
2548;2205;MARCHAMALO
2549;1986;GUIJUELO
2550;2266;MIRABUENO
2551;2281;MOLINA
2552;1988;GÜIMAR
2553;1988;ESCOBONAL (EL)
2554;2292;MONDEJAR
2555;1989;GUISSONA
2556;2519;PASTRANA
2557;1990;GUITIRIZ
2558;2577;PIOZ
2559;1991;GUNTIN DE PALLARES
2560;1991;VEIGA (A)
2561;2627;POZO DE GUADALAJARA
2562;1992;GURREA DE GALLEGO
2563;2685;QUER
2564;1993;HARIA
2565;1993;ARRIETA
2566;2772;SACEDON
2567;1994;HARO
2568;2929;SAUCA
2569;2965;SIGUENZA
2570;1996;HERMIGUA
2571;3048;TORIJA
2572;3057;TORRE DEL BURGO
2573;3072;TORREJON DEL REY
2574;3078;TORREMOCHA DEL CAMPO
2575;2000;HERRERA DE PISUERGA
2576;3109;TRIJUEQUE
2577;3120;UCEDA
2578;3318;VILLANUEVA DE LA TORRE
2579;2003;HIGUERA DE LA SIERRA
2580;3417;YUNQUERA DE HENARES
2581;2005;HINOJOS
2582;2013;HORCAJO DE LA SIERRA
2583;2015;HORMILLA
2584;2018;HOSPITAL DE ORBIGO
2585;2018;PUENTE DE ORBIGO
2586;2020;HOYO DE MANZANARES
2587;2021;HUARTE
2588;2022;HUELMA
2589;2023;HUELVA
2590;2025;HUERCANOS
2591;2027;HUERTO
2592;2028;HUESA
2593;2029;HUESCA
2594;2053;ISLA-CRISTINA
2595;2053;REDONDELA (LA)
2596;2118;LEPE
2597;2118;TERRON(EL)
2598;2162;LUCENA DEL PUERTO
2599;2200;MANZANILLA
2600;2037;HUMANES DE MADRID
2601;2262;MINAS DE RIOTINTO
2602;2038;HUMILLADERO
2603;2277;MOGUER
2604;2277;MAZAGON
2605;2039;IBROS
2606;2040;ICOD DE LOS VINOS
2607;2380;NAVA (LA)
2608;2400;NERVA
2609;2403;NIEBLA
2610;2497;PALMA DEL CONDADO (LA)
2611;2503;PALOS DE LA FRONTERA
2612;2045;INGENIO
2613;2045;CARRIZAL
2614;2521;PATERNA DEL CAMPO
2615;2523;PAYMOGO
2616;2047;IRUELA (LA)
2617;2651;PUEBLA DE GUZMAN
2618;2676;PUNTA UMBRIA
2619;2749;ROCIANA DEL CONDADO
2620;2050;IRURTZUN
2621;2758;ROSAL DE LA FRONTERA
2622;2051;SERRADUY
2623;2798;SAN BARTOLOME DE LA TORRE
2624;2816;SAN JUAN DEL PUERTO
2625;2866;SANTA BARBARA DE CASA
2626;2897;SANTA OLALLA DEL CALA
2627;3108;TRIGUEROS
2628;2056;IVARS D'URGELL
2629;3188;VALVERDE DEL CAMINO
2630;2057;SARASATE
2631;2057;ZUASTI
2632;3250;VILLABLANCA
2633;3279;VILLALBA DEL ALCOR
2634;3322;VILLANUEVA CASTILLEJOS
2635;2060;IZNATORAF
2636;3357;VILLARRASA
2637;2061;JABALQUINTO
2638;3422;ZALAMEA LA REAL
2639;2062;JACA
2640;2064;JAEN
2641;2066;JAMILENA
2642;2072;JIMENA
2643;2073;JODAR
2644;2077;JUMILLA
2645;2079;JUNCOSA
2646;2080;JUNEDA
2647;2083;LABUERDA
2648;2086;LAGUNA DE NEGRILLOS
2649;2087;LAHIGUERA
2650;2088;LALIN
2651;2088;GRESANDE
2652;2088;VILATUXE
2653;2088;CERCIO
2654;2089;LALUEZA
2655;2090;LANAJA
2656;2096;LANTZ
2657;2098;LARDERO
2658;2099;LARRAGA
2659;2100;GORRITI
2660;2100;MUGIRO
2661;2150;LOPORZANO
2662;2328;MONZON
2663;2414;ARASCUES
2664;2450;ONTIÑENA
2665;2111;LEDESMA
2666;2471;OSSO DE CINCA
2667;2112;LEGANES
2668;2112;BUTARQUE
2669;2544;PEÑALBA
2670;2113;LEGARDA
2671;2556;PERALTA DE ALCOFEA
2672;2557;PERALTILLA
2673;2663;SANTA ENGRACIA DE JACA
2674;2116;LEITZA
2675;2770;SABIÑANIGO
2676;2770;HOSTAL DE IPIES
2677;2117;LEON
2678;2117;ARMUNIA
2679;2783;FORMIGAL
2680;2783;TRAMACASTILLA DE TENA
2681;2119;LERIN
2682;2120;LES
2683;2828;ESTICHE DE CINCA
2684;2828;POMAR DE CINCA
2685;2828;SANTALECINA
2686;2121;LESAKA
2687;2123;LIBRILLA
2688;2922;SARIÑENA
2689;2124;LIEDENA
2690;2935;SECASTILLA
2691;2942;SENA
2692;2126;LINARES
2693;2962;SIETAMO
2694;2127;LINARES DE RIOFRIO
2695;2994;ESQUEDAS
2696;2128;LINYOLA
2697;3007;TAMARITE DE LITERA
2698;3081;TORRENTE DE CINCA
2699;2131;LLANOS DE ARIDANE (LOS)
2700;3087;TORRES DE BARBUES
2701;3087;VALFONDA DE SANTA ANA
2702;2133;LLARDECANS
2703;3174;HECHO
2704;2134;LLEIDA
2705;2134;BASSES D'ALPICAT (LES)
2706;2134;SUCHS
2707;3303;VILLANOVA
2708;3304;VILLANUA
2709;2136;LLES DE CERDANYA
2710;3327;VILLANUEVA DE SIGENA
2711;3421;ZAIDIN
2712;2145;CONCHAS (AS)
2713;2146;LOECHES
2714;2146;CABALLO (EL)
2715;2147;LOGROÑO
2716;2149;LOPERA
2717;2152;LORCA
2718;2152;ERMITA DEL RAMONETE
2719;2152;PURIAS
2720;2152;ABADES (LOS) Y LAS NORIAS
2721;2152;LA CAMPANA
2722;2152;ZARCILLA DE RAMOS
2723;2152;PACA (LA)
2724;2152;TORRECILLA
2725;2154;LORQUI
2726;2156;LOURENZA (CASCO URBANO)
2727;2157;LOZOYA
2728;2158;LOZOYUELA
2729;2165;LUGO
2730;2165;CAL DE PEON
2731;2165;PIUGOS DE PENA
2732;2165;SOÑARIÑO
2733;2165;NADELA
2734;2165;CEAO (O)
2735;2165;MUXA DE ABAIXO
2736;2165;MUXA DE ARRIBA
2737;2165;CASTELO
2738;2165;PICATO (EL)
2739;2165;TOLDA (LA)
2740;2165;LOUZANETA
2741;2167;LUMBIER
2742;2168;LUMBRALES
2743;2172;AZOLETA
2744;2172;LUZAIDE/VALCARLOS
2745;2175;MACEDA
2746;2176;MACOTERA
2747;2177;MADRID
2748;2181;MAGAZ DE PISUERGA
2749;2182;MAIALS
2750;2186;MAJADAHONDA
2751;2187;MALAGA
2752;2187;CAMPANILLAS
2753;2192;MANCHA REAL
2754;2212;MARMOLEJO
2755;2217;MARTOS
2756;2217;MONTE LOPE-ALVAREZ
2757;2251;MENGIBAR
2758;2321;ALDEAHERMOSA
2759;2321;VENTA DE LOS SANTOS
2760;2193;MANILVA
2761;2394;NAVAS DE SAN JUAN
2762;2195;MANSILLA DE LAS MULAS
2763;2407;NOALEJO
2764;2196;MANSILLA MAYOR
2765;2454;ORCERA
2766;2524;PEAL DE BECERRO
2767;2198;MANZANARES EL REAL
2768;2539;PEGALAJAR
2769;2612;PORCUNA
2770;2626;POZO ALCON
2771;2661;PUENTE DE GENAVE
2772;2665;PUERTA DE SEGURA (LA)
2773;2687;QUESADA
2774;2204;MARBELLA
2775;2204;SAN PEDRO DE ALCANTARA
2776;2204;NUEVA ANDALUCIA
2777;2767;RUS
2778;2771;SABIOTE
2779;2880;SANTA ELENA
2780;2207;MARCILLA
2781;2904;SANTIAGO DE LA ESPADA
2782;2908;SANTISTEBAN DEL PUERTO
2783;2209;MARIN
2784;2209;SEIXO
2785;2911;SANTO TOME
2786;2939;CORTIJOS NUEVOS
2787;2966;SILES
2788;2988;SORIHUELA DEL GUADALIMAR
2789;3058;TORREDELCAMPO
2790;2214;CASTILLEJO DE YELTES
2791;2214;MARTIN DE YELTES
2792;3061;TORREBLASCOPEDRO
2793;3066;TORREDONJIMENO
2794;3084;TORREPEROGIL
2795;3085;TORRES
2796;3086;TORRES DE ALBANCHEZ
2797;3119;UBEDA
2798;3151;VALDEPEÑAS DE JAEN
2799;3245;VILCHES
2800;2222;MASIDE
2801;3256;VILLACARRILLO
2802;3256;MOGON
2803;3317;VILLANUEVA DE LA REINA
2804;2225;MASUECO
2805;3330;VILLANUEVA DEL ARZOBISPO
2806;3350;VILLARES (LOS)
2807;2227;MATANZA DE ACENTEJO (LA)
2808;2227;GUIA
2809;3371;VILLARGORDO
2810;2232;MAZARRON
2811;2232;IFRE-CAÑADA DE GALLEGO
2812;2232;PUERTO DE MAZARRON
2813;2232;CAZADORES
2814;2233;PAZO (O)
2815;2233;PONTE DENA
2816;2234;MECO
2817;2238;MEIRA
2818;2239;GOULLA (A)
2819;2239;VILANOVIÑA
2820;2240;MEJORADA DEL CAMPO
2821;2242;MELIDA
2822;2244;MELILLA
2823;2245;MELON
2824;2248;MENDAVIA
2825;2249;ACEDO
2826;2250;MENDIGORRIA
2827;2253;MERCA (A)
2828;2255;A MEZQUITA
2829;2260;MIJAS
2830;2260;LAGUNAS (LAS)
2831;2260;CALAHONDA-CHAPARRAL
2832;2260;OSUNILLAS-PEÑA BLANQUILLA
2833;2261;MILAGRO
2834;2451;ONZONILLA
2835;2451;VILORIA DE LA JURISDICCION
2836;2512;PARAMO DEL SIL
2837;2597;POLA DE GORDON (LA)
2838;2600;PONFERRADA
2839;2653;PUEBLA DE LILLO
2840;2267;MIRAFLORES DE LA SIERRA
2841;2660;PUENTE DE DOMINGO FLOREZ
2842;2268;MIRALCAMP
2843;2718;RIAÑO
2844;2269;MIRANDA DE ARGA
2845;2728;RIEGO DE LA VEGA
2846;2729;OTERICO
2847;2271;MOAÑA
2848;2271;DOMAIO
2849;2735;RIOSECO DE TAPIA
2850;2742;ROBLA (LA)
2851;2756;VALCABADO DEL PARAMO
2852;2778;SAHAGUN
2853;2275;MOGAN
2854;2275;ALMACIGOS (LOS)
2855;2275;ARGUINEGUIN
2856;2275;PUERTO RICO
2857;2793;SAN ANDRES DEL RABANEDO
2858;2793;TROBAJO DEL CAMINO
2859;2805;SAN CRISTOBAL DE LA POLANTERA
2860;2808;SAN EMILIANO
2861;2279;MOLAR (EL)
2862;2872;MATALLANA DE VALMADRIGAL
2863;2889;SANTIBAÑEZ DE LA ISLA
2864;2893;SANTA MARIA DEL PARAMO
2865;2282;MOLINA DE SEGURA
2866;2282;LLANO (EL)
2867;2282;ROMERAL
2868;2916;SANTOVENIA DE LA VALDONCINA
2869;2283;MOLLERUSSA
2870;2921;SARIEGOS DEL BERNESGA
2871;2284;MOLLINA
2872;2943;CALDAS DE LUNA
2873;3044;TORAL DE LOS GUZMANES
2874;3047;TORENO
2875;3099;TRABADELO
2876;3115;GAVILANES
2877;3115;ARMELLADA
2878;2290;MONDA
2879;3131;MANSILLA DEL PARAMO
2880;2291;MONDARIZ-BALNEARIO
2881;3146;VALDELAFUENTE
2882;3152;ALDEA DEL PUENTE (LA)
2883;2293;MONDOÑEDO
2884;3153;VALDERAS
2885;3156;PUENTE ALMUHEY
2886;3158;FONTECHA
2887;2296;MONFORTE DE LEMOS
2888;3161;VALENCIA DE DON JUAN
2889;3187;VALVERDE DE LA VIRGEN
2890;3193;VEGA DE ESPINAREDA
2891;3196;PORTELA DE VALCARCE (LA)
2892;3251;VILLABLINO
2893;3251;VILLAGER DE LACIANA
2894;3261;VILLADANGOS DEL PARAMO
2895;3262;TORAL DE LOS VADOS
2896;3275;BRAÑUELAS
2897;3275;MANZANAL DEL PUERTO
2898;3291;VILLAMAÑAN
2899;3287;VILLAMANIN DE LA TERCIA
2900;3297;VILLAMEJIL
2901;3319;PALANQUINOS
2902;3339;VILLAQUEJIDA
2903;3340;VILLAQUILAMBRE
2904;3340;VILLAOBISPO DE LAS REGUERAS
2905;3340;NAVATEJERA
2906;2312;MONTEJO
2907;3347;ESTEBANEZ DE LA CALZADA
2908;3347;VEGUELLINA DE ORBIGO
2909;2315;MONTERROSO
2910;3372;TOLDANOS
2911;3372;CASTRILLO DE LA RIBERA
2912;2317;MONTFERRER
2913;2322;MONTOLIU DE LLEIDA
2914;2335;MORALEJA DE ENMEDIO
2915;2339;MORALZARZAL
2916;2340;SANTA LUCIA DE MORAÑA
2917;2341;MORATA DE TAJUÑA
2918;2342;MORATALLA
2919;2346;MORENTIN
2920;2349;POMBAL
2921;2349;PARDELLAS
2922;2349;VEIGADAÑA
2923;2349;MOS
2924;2349;TAMEIGA (SAN MARTIÑO)
2925;2351;MOSTOLES
2926;2351;NIEVES (LAS)
2927;2356;MOYA
2928;2363;MULA
2929;2363;NIÑO (EL)
2930;2363;YECHAR
2931;2366;MURCHANTE
2932;2367;MURCIA
2933;2367;PUNTAL (EL)
2934;2367;CHURRA
2935;2367;ESPARRAGAL
2936;2367;COBATILLAS
2937;2367;MONTEAGUDO
2938;2367;CASILLAS (LUGAR DE) O ERMITA DE BUENDIA
2939;2367;HUERTA DE LLANO DE BRUJAS
2940;2367;HUERTA DEL RAAL
2941;2367;SANGONERA LA VERDE O ERMITA NUEVA
2942;2367;SAN GINES
2943;2367;PALMAR O LUGAR D. JUAN
2944;2367;ALBERCA DE LAS TORRES
2945;2367;HUERTA DE LA ALBERCA
2946;2367;ALGEZARES
2947;2367;GARRES (LOS)
2948;2367;BENIAJAN
2949;2367;TORREAGUERA
2950;2367;HUERTA Y CAMPO DE LOS RAMOS
2951;2367;ALQUERIAS
2952;2367;CAÑADA HERMOSA
2953;2367;JAVALI NUEVO
2954;2367;JERONIMOS (LOS)
2955;2367;GUADALUPE DE MACIASCOQUE
2956;2367;AGRIDULCE
2957;2367;NONDUERMAS
2958;2367;RINCON DEL MERINO
2959;2367;ERA ALTA
2960;2367;CORVERA
2961;2367;BAÑOS Y MENDIGO
2962;2367;SUCINA
2963;2367;ESPINARDO
2964;2367;SANGONERA LA SECA
2965;2367;CABEZO CORTADO
2966;2368;MURILLO DE RIO LEZA
2967;2369;MURILLO EL FRUTO
2968;2374;NAJERA
2969;2375;NALDA
2970;2379;ARTIES
2971;2432;OLIANA
2972;2435;OLIUS
2973;2458;ORGANYA
2974;2492;PALAU D'ANGLESOLA (EL)
2975;2581;PLANS DE SIO (ELS)
2976;2586;POBLA DE SEGUR (LA)
2977;2384;NAVACERRADA
2978;2602;PONT DE SUERT (EL)
2979;2611;PONTS
2980;2638;PRATS
2981;2387;NAVALCARNERO
2982;2716;RIALP
2983;2761;ROSSELLO
2984;2851;SANT GUIM DE FREIXENET
2985;2860;SANT LLORENÇ DE MORUNYS
2986;2863;SANT RAMON
2987;2949;SEROS
2988;2954;SEU D'URGELL (LA)
2989;2958;SIDAMON
2990;2395;NAVAS DEL REY
2991;2982;SOLSONA
2992;2396;PROBA (A)
2993;2987;SORIGUERA
2994;2989;SORT
2995;2991;SOSES
2996;2399;NERJA
2997;2996;SUDANELL
2998;2998;SUNYER
2999;3012;TARREGA
3000;3025;TERMENS
3001;3043;TORA
3002;2404;BARXA
3003;2404;OUTEIRO
3004;2404;PRIEGUE
3005;3049;TORNABOUS
3006;3067;TORREFARRERA
3007;2406;ELORZ/ELORTZ
3008;2406;IMARCOAIN
3009;2406;NOAIN
3010;3068;TORREGROSSA
3011;3075;TORRELAMEU
3012;3090;TORRES DE SEGRE
3013;2409;NOGUEIRA
3014;3105;TREMP
3015;3105;PALAU DE NOGUERA
3016;3105;VILAMITJANA
3017;3168;BARRUERA
3018;3179;VALLFOGONA DE BALAGUER
3019;3210;VERDU
3020;3219;VIELHA
3021;3219;BETREN
3022;2417;NUEVO BAZTAN
3023;3228;VILAGRASSA
3024;3231;VILALLER
3025;3236;VILAMOS
3026;3239;VILANOVA DE LA BARCA
3027;3241;VILA-SANA
3028;2424;VILLADESUSO
3029;2426;OIMBRA
3030;2427;OJEN
3031;2430;OLAZTI/OLAZAGUTIA
3032;2434;OLITE
3033;2437;OLIVA (LA)
3034;2437;CORRALEJO
3035;2445;ARAZURI
3036;2455;ORCOYEN
3037;2462;ORONZ
3038;2466;OROTAVA (LA)
3039;2466;SAN JERONIMO
3040;2466;PERDOMA (LA)
3041;2479;OUTEIRO DE REI
3042;2469;ORUSCO
3043;2491;PALAS DE REI
3044;2470;OSORNO
3045;2470;SANTILLANA DE CAMPOS
3046;2508;FERREIRA DE PANTON (CASCO URBANO)
3047;2518;PASTORIZA
3048;2518;REGUEIRA (A)
3049;2473;OTEIZA
3050;2526;PEDRAFITA DO CEBREIRO
3051;2593;POBRA DO BROLLON (A)
3052;2596;POL
3053;2608;PONTENOVA (A)
3054;2478;OURENSE
3055;2478;VELLE
3056;2478;SEIXALBO
3057;2622;PORTOMARIN
3058;2694;QUIROGA
3059;2696;RABADE
3060;2721;RIBADEO
3061;2721;VILAR
3062;2721;ROCHELA (A)
3063;2483;PONTEBARXAS
3064;2736;RODRIGAS (AS)
3065;2790;SAMOS
3066;2924;SARRIA
3067;2924;OURAL (O)
3068;2924;VILAPEDRE
3069;2487;PAJARA
3070;2487;COSTA CALMA
3071;2487;MORRO JABLE
3072;2933;ESCAIRON
3073;2933;VILAESTEVA
3074;2999;TABOADA
3075;3229;VILALBA
3076;3397;VIVEIRO
3077;3397;AREA
3078;3397;LANDROVE (SAN XIAO)
3079;2494;PALENCIA
3080;3402;CANDAMIL
3081;3406;XOVE
3082;2499;PALMAS DE GRAN CANARIA (LAS)
3083;2499;TAMARACEITE
3084;2499;ALMATRICHE
3085;2499;MONTAÑETA (LA)
3086;2505;PAMPLONA/IRUÑA
3087;2509;PARACUELLOS DE JARAMA
3088;2509;AVALON (EL)
3089;2513;PARAUTA
3090;2514;PAREDES DE NAVA
3091;2515;PARLA
3092;2517;PASO (EL)
3093;2537;PEDROSILLO EL RALO
3094;2540;PELAYOS DE LA PRESA
3095;2545;PEÑARANDA DE BRACAMONTE
3096;2553;PERALES DE TAJUÑA
3097;2555;PERALTA
3098;2559;PEREIRO DE AGUIAR (O)
3099;2559;DERRASA (A)
3100;2559;MEDORRA (A)
3101;2562;PERIANA
3102;2563;PEROXA (A)
3103;2565;PEZUELA DE LAS TORRES
3104;2574;PINTO
3105;2576;REINO (O)
3106;2631;POZUELO DE ALARCON
3107;2702;RASCAFRIA
3108;2578;PIZARRA
3109;2578;CERRALBA
3110;2741;RIVAS-VACIAMADRID
3111;2746;ROBLEDO DE CHAVELA
3112;2762;ROZAS DE MADRID (LAS)
3113;2792;SAN AGUSTIN DEL GUADALIX
3114;2582;PLIEGO
3115;2811;SAN FERNANDO DE HENARES
3116;2811;CAMPITO (EL)
3117;2818;SAN LORENZO DE EL ESCORIAL
3118;2820;SAN MARTIN DE LA VEGA
3119;2823;SAN MARTIN DE VALDEIGLESIAS
3120;2838;SAN SEBASTIAN DE LOS REYES
3121;2888;PARADILLA (LA)
3122;2948;SERNA DEL MONTE (LA)
3123;2956;SEVILLA LA NUEVA
3124;2592;POBRA DE TRIVES
3125;2983;SOMOSIERRA
3126;2993;SOTO DEL REAL
3127;3031;TIELMES
3128;2595;POIO DE ARRIBA
3129;2595;RAXO
3130;2595;POIO
3131;3069;TORREJON DE ARDOZ
3132;3069;BASE AEREA
3133;3070;TORREJON DE LA CALZADA
3134;3071;TORREJON DE VELASCO
3135;3074;TORRELAGUNA
3136;3077;TORRELODONES
3137;3089;TORRES DE LA ALAMEDA
3138;3106;TRES CANTOS
3139;2603;PONTECALDELAS
3140;2603;TOURON
3141;3147;VALDEMORILLO
3142;2604;PONTEAREAS
3143;3148;VALDEMORO
3144;3148;VALMOR-ROMPECUBAS
3145;2606;PONTECESURES
3146;3157;VALDETORRES DE JARAMA
3147;3203;VELILLA DE SAN ANTONIO
3148;3209;VENTURADA
3149;3248;VILLA DEL PRADO
3150;2610;PONTEVEDRA
3151;2610;MOURENTE
3152;2610;ERMIDA (A)
3153;2610;PINO BORA
3154;2610;SALCEDO (SAN MARTIÑO)
3155;3258;VILLACONEJOS
3156;3281;VILLALBILLA
3157;3290;VILLAMANTA
3158;3314;VILLANUEVA DE LA CAÑADA
3159;2614;PORRIÑO (O)
3160;2614;CASILLA
3161;2614;ATIOS
3162;3324;VILLANUEVA DE PERALES
3163;3333;VILLANUEVA DEL PARDILLO
3164;2616;SALNES
3165;3348;VILLAREJO DE SALVANES
3166;3377;VILLAVICIOSA DE ODON
3167;2635;PRADEJON
3168;2664;PUENTE LA REINA/GARES
3169;2666;PUERTO DE BEJAR
3170;2667;PUERTO DE LA CRUZ
3171;2668;PUERTO DEL ROSARIO
3172;2670;PUERTO LUMBRERAS
3173;2677;PUNTAGORDA
3174;2730;RINCON DE LA VICTORIA
3175;2730;CALA DEL MORAL (LA)
3176;2678;PUNTALLANA
3177;2733;RIOGORDO
3178;2755;RONDA
3179;2755;MONTECORTO
3180;2934;CORUMBELA
3181;2960;SIERRA DE YEGUAS
3182;2684;QUEL
3183;3016;TEBA
3184;3079;TORREMOLINOS
3185;3094;TORROX
3186;3094;TORROX-COSTA
3187;2688;QUINTANA DEL PUENTE
3188;3173;VALLE DE ABDALAJIS
3189;3201;VELEZ-MALAGA
3190;3201;TORRE DEL MAR
3191;3201;CAJIZ
3192;3201;TRAPICHE
3193;3307;VILLANUEVA DE ALGAIDAS
3194;3328;VILLANUEVA DE TAPIA
3195;3336;VILLANUEVA DEL ROSARIO
3196;3337;VILLANUEVA DEL TRABUCO
3197;3389;VIÑUELA
3198;3416;YUNQUERA
3199;2701;RAMIRAS
3200;2707;REALEJOS (LOS)
3201;2707;CRUZ SANTA
3202;2707;ICOD EL ALTO
3203;2707;PALO BLANCO-LLANADAS
3204;2709;REDAL (EL)
3205;2710;REDONDELA
3206;2710;TRASMAÑO
3207;2720;RIBADAVIA
3208;2722;CABANELAS
3209;2722;RIBADUMIA
3210;2723;RIBAFORADA
3211;2731;RINCON DE SOTO
3212;2734;RIOS
3213;2743;ROBLEDA
3214;2747;ROBLIZA DE COJOS
3215;2752;RODEIRO
3216;2759;ROSARIO (EL)
3217;2763;RUA DE VALDEORRAS (A)
3218;2779;SALAMANCA
3219;2781;SALCEDA DE CASELAS
3220;2782;SALDAÑA
3221;2789;GRIXO
3222;2789;SALVATERRA DE MIÑO
3223;2791;SAN ADRIAN
3224;2794;SAUCES (LOS)
3225;2796;SAN ASENSIO
3226;2797;PLAYA HONDA
3227;2799;MASPALOMAS
3228;2799;TABLERO (EL)
3229;2799;SAN BARTOLOME TIRAJANA
3230;2801;SAN CIBRAO DAS VIÑAS
3231;2801;POLIGONO INDUSTRIAL
3232;2801;REBOREDO
3233;2801;INFESTA (SAN CIBRAO DAS VIÑAS)
3234;2804;SAN CRISTOBAL
3235;2804;CUESTA, LA
3236;2804;TACO
3237;2804;GENETO
3238;2804;BALDIOS, LOS
3239;2804;GUAMASA
3240;2804;VALLE DE GUERRA
3241;2804;TEJINA
3242;2804;BAJAMAR
3243;2804;LA LAGUNA
3244;2807;CEA
3245;2813;SAN JAVIER
3246;2813;SANTIAGO DE LA RIBERA
3247;2832;SAN PEDRO DEL PINATAR
3248;2832;IMBERNONES (LOS)
3249;2913;SANTOMERA
3250;2815;SAN JUAN DE LA RAMBLA
3251;3083;TORRE-PACHECO
3252;3083;BALSICAS
3253;3083;ROLDAN
3254;3083;SAN CAYETANO
3255;3083;JIMENADO
3256;3088;TORRES DE COTILLAS (LAS)
3257;3098;TOTANA
3258;3098;PARETON
3259;3128;UNION (LA)
3260;2825;SAN MIGUEL
3261;2825;CHAFIRAS (LAS)
3262;2825;ZOCAS (LAS)
3263;3410;YECLA
3264;2836;SAN SEBASTIAN DE LA GOMERA
3265;2840;SAN VICENTE DE LA SONSIERRA
3266;2843;SANCTI-SPIRITUS
3267;2845;SANGUESA
3268;2867;SANTA BRIGIDA
3269;2873;SANTA CRUZ DE LA PALMA
3270;2878;SANTA CRUZ DE TENERIFE
3271;2878;AÑAZA
3272;2878;EL ROSARIO
3273;2884;VECINDARIO
3274;2884;DOCTORAL (EL)
3275;2884;CASA PASTORES
3276;2886;SANTA MARIA DE GUIA
3277;2886;BARRANQUILLO FRIO
3278;2895;SANTA MARTA DE TORMES
3279;2899;SANTA URSULA
3280;2900;SANTACARA
3281;2903;SANTIAGO DEL TEIDE
3282;2903;TAMAIMO
3283;2905;SANTIBAÑEZ DE LA PEÑA
3284;2918;SANXENXO
3285;2918;VINQUIÑO
3286;2927;SARTAGUDA
3287;2932;EL SAUZAL
3288;2932;RAVELO
3289;2953;SESMA
3290;3003;TAFALLA
3291;3030;TIEBAS
3292;3110;TUDELA
3293;3123;UJUE
3294;3126;IRAIZOTZ
3295;3130;DANTXARINEA
3296;3130;LANDIBAR
3297;3130;URDAZUBI / URDAX
3298;2947;SERNA (LA)
3299;3134;URZAINQUI
3300;3185;VALTIERRA
3301;3214;VIANA
3302;3268;VILLAFRANCA
3303;3373;VILLAVA O ATARRABIA
3304;3413;AZCONA
3305;3429;ZIORDIA
3306;3430;ZIZUR MAYOR/ZIZUR NAGUSIA
3307;2968;SIADOR
3308;2968;SILLEDA
3309;2968;BANDEIRA
3310;2969;SILOS, LOS
3311;3000;TABOADELA
3312;3002;TACORONTE
3313;3103;TRASMIRAS
3314;3103;ABAVIDES
3315;3006;TAMAMES
3316;3211;VEREA
3317;3008;EL TANQUE
3318;3213;VERIN
3319;3213;PAZOS
3320;3213;FECES DE ABAIXO
3321;3215;VIANA DO BOLO
3322;3234;VILAMARTIN DE VALDEORRAS
3323;3404;XINZO DE LIMIA
3324;3015;TAZACORTE
3325;3018;TEGUESTE CENTRO
3326;3018;SOCORRO (EL)
3327;3019;VILLA DE TEGUISE
3328;3019;GUATIZA
3329;3019;COSTA TEGUISE
3330;3019;TEGUISE
3331;3020;TEJEDA
3332;3021;TELDE
3333;3021;JINAMAR
3334;3021;PARDILLA (LA)
3335;3021;SAN ANTONIO
3336;3021;GARITA (LA)
3337;3021;GORO (EL)
3338;3021;EL CALERO-TELDE
3339;3026;TEROR
3340;3029;TIAS
3341;3029;PUERTO DEL CARMEN
3342;3029;MACHER
3343;3032;TINAJO
3344;3033;TIRGO
3345;3052;TORQUEMADA
3346;3042;TORRON
3347;3042;TOMIÑO
3348;3205;VENTA DE BAÑOS
3349;3260;VILLADA
3350;3278;VILLAHERREROS
3351;3301;VILLAMURIEL DE CERRATO
3352;3356;VILLARRAMIEL
3353;3379;VILLODRIGO
3354;3380;VILLOLDO
3355;3113;TUI
3356;3113;ANTA
3357;3113;PUENTE NUEVO
3358;3114;TUINEJE
3359;3114;GRAN TARAJAL
3360;3114;TARAJALEJO
3361;3178;VALLESECO
3362;3184;VALSEQUILLO
3363;3195;VEGA DE SAN MATEO
3364;3407;YAIZA
3365;3407;PLAYA BLANCA
3366;3145;VALDECARROS
3367;3164;COTO (O)
3368;3175;CALERA (LA)
3369;3176;VALLEHERMOSO
3370;3176;CHIPUDE
3371;3186;VALVERDE DEL HIERRO
3372;3191;VECINOS
3373;3217;VICTORIA DE ACENTEJO (LA)
3374;3220;VIGO
3375;3220;CASTRO
3376;3220;COMESAÑA
3377;3220;ABAD
3378;3220;VERDEAL
3379;3220;CABRAL-IGLESIA
3380;3221;VILA DE CRUCES
3381;3222;VILABOA
3382;3226;VILAFLOR
3383;3227;VILAGARCIA
3384;3227;VILAGARCIA DE AROUSA
3385;3227;BAMIO
3386;3238;VILANOVA DE AROUSA
3387;3238;DEIRO
3388;3238;CALEIRO
3389;3238;TERRON (O)
3390;3247;LODERO
3391;3296;PUENTE MADRE
3392;3309;VILLANUEVA DE CAMEROS
3393;3267;VILLAFLORES
3394;3343;VILLAR DE TORRE
3395;3387;VINIEGRA DE ABAJO
3396;3292;VILLAMAYOR
3397;3342;VILLAR DE PERALONSO
3398;3351;VILLARES DE LA REINA
3399;3351;POLIGONO INDUSTRIAL LOS VILLARES
3400;3351;FUENTE SERRANA
3401;3351;ALDEASECA DE ARMUÑA
3402;3354;VILLARMAYOR
3403;3381;VILLORIA
3404;3396;VITIGUDINO
3405;1697;COLLADO HERMOSO
3406;1750;CUELLAR
3407;1813;ESPINAR (EL)
3408;1813;SAN RAFAEL
3409;1873;FRESNO DE CANTESPINO
3410;1896;FUENTEPELAYO
3411;1905;FUENTESAUCO FUENTIDUEÑA
3412;1927;GARCILLAN
3413;1947;GOMEZSERRACIN
3414;1952;GRAJERA
3415;2012;HONTALBILLA
3416;2081;LABAJOS
3417;2102;LASTRILLA (LA)
3418;2215;MARTIN MUÑOZ DE LA DEHESA
3419;2216;MARTIN MUÑOZ DE LAS POSADAS
3420;2357;MOZONCILLO
3421;2381;NAVA DE LA ASUNCION
3422;2388;NAVALMANZANO
3423;2393;NAVAS DE SAN ANTONIO
3424;2493;PEÑAS DEL ERIZO
3425;2634;CARABIAS
3426;2636;PRADENA
3427;2719;RIAZA
3428;2806;SAN CRISTOBAL DE SEGOVIA
3429;2812;SAN ILDEFONSO O LA GRANJA
3430;2826;SAN MIGUEL DE BERNUY
3431;2844;SANGARCIA
3432;2894;SANTA MARIA LA REAL DE NIEVA
3433;2912;VILLAREJO
3434;2938;SEGOVIA
3435;2938;REVENGA
3436;2945;SEPULVEDA
3437;3062;ALDEHUELA
3438;3116;TUREGANO
3439;3177;VALLELADO
3440;3183;VALSECA
3441;3189;VALVERDE DEL MAJANO
3442;3257;VILLACASTIN
3443;973;ALANIS
3444;1005;ALCALA DE GUADAIRA
3445;1005;ACEBUCHAL (EL)
3446;1009;ALCALA DEL RIO
3447;1030;ALCOLEA DEL RIO
3448;1065;ALGABA (LA)
3449;1066;ALGAMITAS
3450;1089;ALMADEN DE LA PLATA
3451;1103;ALMENSILLA
3452;1163;ARAHAL
3453;1235;AZNALCAZAR
3454;1236;AZNALCOLLAR
3455;1240;BADOLATOSA
3456;1310;BENACAZON
3457;1376;BOLLULLOS DE LA MITACION
3458;1385;BORMUJOS
3459;1393;BRENES
3460;1416;BURGUILLOS
3461;1430;CABEZAS DE SAN JUAN (LAS)
3462;1430;MARISMILLAS
3463;1472;CAMAS
3464;1478;CAMPANA (LA)
3465;1510;CAÑADA ROSAL
3466;1509;CANTILLANA
3467;1543;CARMONA
3468;1551;CARRION DE LOS CESPEDES
3469;1565;CASARICHE
3470;1594;CASTILBLANCO ARROYOS
3471;1596;CASTILLEJA DE LA CUESTA
3472;1602;ARROYO DE LA PLATA
3473;1602;CASTILLO DE LAS GUARDAS
3474;1622;CAZALLA DE LA SIERRA
3475;1709;CONSTANTINA
3476;1718;CORIA DEL RIO
3477;1719;CORIPE
3478;1722;CORONIL (EL)
3479;1753;CUERVO DE SEVILLA (EL)
3480;1780;DOS HERMANAS
3481;1780;QUINTO
3482;1786;ECIJA
3483;1809;ESPARTINAS
3484;1822;ESTEPA
3485;1900;FUENTES DE ANDALUCIA
3486;1929;GARROBO (EL)
3487;1932;GELVES
3488;1934;GERENA
3489;1939;GILENA
3490;1941;GINES
3491;1966;GUADALCANAL
3492;1987;GUILLENA
3493;1987;PAJANOSAS (LAS)
3494;2035;HUEVAR
3495;2054;ISLA MAYOR
3496;2095;LANTEJUELA (LA)
3497;2105;LEBRIJA
3498;2151;LORA DEL RIO
3499;2151;PRIORATO (EL)
3500;2166;LUISIANA (LA)
3501;2184;MAIRENA DEL ALCOR
3502;2185;MAIRENA DEL ALJARAFE
3503;2206;MARCHENA
3504;2210;MARINALEDA
3505;2213;MARTIN DE LA JARA
3506;2280;MOLARES (LOS)
3507;2313;MONTELLANO
3508;2348;MORON DE LA FRONTERA
3509;2392;NAVAS DE LA CONCEPCION
3510;2438;OLIVARES
3511;2472;OSUNA
3512;2488;PALACIOS Y VILLAFRANCA
3513;2488;TROBAL (EL)
3514;2488;MARIBAÑEZ
3515;2502;PALOMARES DEL RIO
3516;2510;PARADAS
3517;2529;PEDRERA
3518;2538;PEDROSO (EL)
3519;2543;PEÑAFLOR
3520;2569;PILAS
3521;2643;PRUNA
3522;2648;PUEBLA DE CAZALLA (LA)
3523;2654;PUEBLA DE LOS INFANTES
3524;2658;PUEBLA DEL RIO (LA)
3525;2705;REAL DE LA JARA (EL)
3526;2732;RINCONADA (LA)
3527;2732;SAN JOSE DE LA RINCONADA
3528;2750;RODA DE ANDALUCIA (LA)
3529;2765;RUBIO (EL)
3530;2787;SALTERAS
3531;2814;SAN JUAN DE AZNALFARACHE
3532;2846;SANLUCAR LA MAYOR
3533;2907;SANTIPONCE
3534;2930;SAUCEJO (EL)
3535;2955;SEVILLA
3536;3037;TOCINA
3537;3037;ROSALES (LOS)
3538;3040;TOMARES
3539;3127;UMBRETE
3540;3139;UTRERA
3541;3139;PALMAR DE TROYA (EL)
3542;3139;TRAJANO
3543;3162;VALENCINA CONCEPCION
3544;3289;VILLAMANRIQUE DE LA CONDESA
3545;3326;VILLANUEVA DE SAN JUAN
3546;3329;VILLANUEVA DEL ARISCAL
3547;3335;VILLANUEVA RIO Y MINAS
3548;3374;VILLAVERDE DEL RIO
3549;3393;VISO DEL ALCOR (EL)
3550;936;ABEJAR
3551;948;AGREDA
3552;1037;RADONA
3553;1094;ALMARZA
3554;1096;ALMAZAN
3555;1178;ARCOS DE JALON
3556;1178;MONTUENGA DE SORIA
3557;1342;HORTEZUELA
3558;1414;BURGO DE OSMA (EL)
3559;1434;CABREJAS DEL PINAR
3560;1453;ALDEHUELA DE CALATAÑAZOR
3561;1736;COVALEDA
3562;1945;GOLMAYO
3563;2226;MATALEBRERAS
3564;2237;LODARES
3565;2237;MEDINACELI
3566;2444;OLVEGA
3567;2698;NAVALCABALLO
3568;2809;SAN ESTEBAN DE GORMAZ
3569;2817;SAN LEONARDO DE YAGUE
3570;2833;SAN PEDRO MANRIQUE
3571;2887;SANTA MARIA DE HUERTA
3572;2986;SORIA
3573;1013;ALCANAR
3574;1035;ALCOVER
3575;1042;ALDEA (L')
3576;1063;ALFORJA
3577;1131;ALTAFULLA
3578;1140;AMETLLA DE MAR (L')
3579;1141;AMPOLLA (L')
3580;1142;AMPOSTA
3581;1172;ARBOÇ (L')
3582;1275;BATEA
3583;1301;BELLVEI
3584;1330;BENIFALLET
3585;1335;BENISSANET
3586;1360;BISBAL DEL PENEDES (LA)
3587;1388;BOT
3588;1446;CALAFELL
3589;1446;SEGUR DE CALAFELL
3590;1470;CAMARLES
3591;1476;CAMBRILS
3592;1618;CATLLAR (EL)
3593;1708;CONSTANTI
3594;1712;CORBERA D'EBRE
3595;1721;CORNUDELLA DE MONTSANT
3596;1762;CUNIT
3597;1773;DELTEBRE
3598;1816;ESPLUGA DE FRANCOLI (L')
3599;1835;FALSET
3600;1839;FATARELLA (LA)
3601;1849;FLIX
3602;1917;GALERA (LA)
3603;1923;GANDESA
3604;2017;HORTA DE SANT JOAN
3605;2140;LLORENÇ DEL PENEDES
3606;2218;MAS DE BARBERANS
3607;2308;MONTBLANC
3608;2309;MONTBRIO DEL CAMP
3609;2325;MONT-ROIG DEL CAMP
3610;2325;MIAMI PLAYA
3611;2331;MORA D'EBRE
3612;2332;MORA LA NOVA
3613;2344;MORELL (EL)
3614;2551;PERAFORT
3615;2560;PERELLO (EL)
3616;2579;PLA DE SANTA MARIA (EL)
3617;2584;POBLA DE MAFUMET (LA)
3618;2585;POBLA DE MASSALUCA (LA)
3619;2637;PRADES
3620;2703;RASQUERA
3621;2715;REUS
3622;2740;RIUDOMS
3623;2751;RODA DE BARA
3624;2757;ROQUETES
3625;2757;RAVAL DE CRISTO
3626;2785;SALOU
3627;2847;LA RÁPITA
3628;2854;SANT JAUME DELS DOMENYS
3629;2855;SANT JAUME D'ENVEJA
3630;2865;SANTA BARBARA
3631;2869;SANTA COLOMA DE QUERALT
3632;2898;SANTA OLIVA
3633;2923;SARRAL
3634;2941;SELVA DEL CAMP (LA)
3635;2944;SENIA (LA)
3636;2979;SOLIVELLA
3637;3011;TARRAGONA
3638;3011;CAMPSA
3639;3011;SANT PERE I SANT PAU
3640;3011;CANONJA (LA)
3641;3035;TIVISSA
3642;3065;TORREDEMBARRA
3643;3096;TORTOSA
3644;3125;ULLDECONA
3645;3180;VALLS
3646;3190;VANDELLOS
3647;3190;HOSPITALET DE L'INFANT
3648;3204;VENDRELL (EL)
3649;3204;MASOS DE COMA-RUGA (ELS)
3650;3230;VILALBA DELS ARCS
3651;3232;VILALLONGA DEL CAMP
3652;3240;VILA-RODONA
3653;3243;VILA-SECA
3654;3244;VILAVERD
3655;3386;VINEBRE
3656;3388;VINYOLS I ELS ARCS
3657;3403;XERTA
3658;951;AGUAVIVA
3659;976;ALBA
3660;984;ALBALATE DEL ARZOBISPO
3661;986;ALBARRACIN
3662;990;ALBENTOSA
3663;1007;ALCALA DE LA SELVA
3664;1016;ALCAÑIZ
3665;1034;ALCORISA
3666;1056;ALFAMBRA
3667;1082;ALIAGA
3668;1145;ANDORRA
3669;1254;BAÑON
3670;1267;BARRACHINA
3671;1298;BELLO
3672;1364;BLANCAS
3673;1445;CALACEITE
3674;1449;CALAMOCHA
3675;1450;CALANDA
3676;1468;CAMARILLAS
3677;1477;CAMINREAL
3678;1508;CANTAVIEJA
3679;1592;CASTELSERAS
3680;1627;CEDRILLAS
3681;1630;CELADAS
3682;1632;CELLA
3683;1690;CODOÑERA (LA)
3684;1740;CRETAS
3685;1843;FERRERUELA DE HUERVA
3686;1898;FUENTES CALIENTES
3687;1899;FUENTES CLARAS
3688;2004;HIJAR
3689;2069;JARQUE DE LA VAL
3690;2199;MANZANERA
3691;2219;MAS DE LAS MATAS
3692;2229;MAZALEON
3693;2256;MEZQUITA DE JARQUE
3694;2298;MONREAL DEL CAMPO
3695;2299;MONROYO
3696;2301;MONTALBAN
3697;2330;MORA DE RUBIELOS
3698;2350;MOSQUERUELA
3699;2365;MUNIESA
3700;2422;ODON
3701;2428;OJOS NEGROS
3702;2461;ORIHUELA DEL TREMEDAL
3703;2467;ORRIOS
3704;2506;PANCRUDO
3705;2546;PEÑARROYA DE TASTAVINS
3706;2554;PERALES DEL ALFAMBRA
3707;2591;POBO (EL)
3708;2618;PORTELLADA (LA)
3709;2652;PUEBLA DE HIJAR (LA)
3710;2656;PUEBLA DE VALVERDE (LA)
3711;2764;RUBIELOS DE MORA
3712;2926;SARRION
3713;3028;TERUEL
3714;3028;SAN BLAS
3715;3028;CAUDE
3716;3028;CONCUD
3717;3050;TORNOS
3718;3054;TORRALBA DE LOS SISONES
3719;3064;TORRECILLA DE ALCAÑIZ
3720;3091;TORRIJO DEL CAMPO
3721;3140;UTRILLAS
3722;3144;VALDEALGORFA
3723;3155;VALDERROBRES
3724;3165;VALJUNQUERA
3725;3271;VILLAFRANCA DEL CAMPO
3726;3355;VILLARQUEMADO
3727;3369;VILLASTAR
3728;3390;VISIEDO
3729;965;AJOFRIN
3730;970;ALAMEDA DE LA SAGRA
3731;987;ALBARREAL DE TAJO
3732;1004;ALCABON
3733;1021;ALCAUDETE DE LA JARA
3734;1028;ALCOLEA DE TAJO
3735;1028;BERCIAL (EL)
3736;1110;ALMONACID DE TOLEDO
3737;1115;ALMOROX
3738;1159;AÑOVER DE TAJO
3739;1187;ARGES
3740;1264;BARGAS
3741;1307;BELVIS DE LA JARA
3742;1417;BURGUILLOS DE TOLEDO
3743;1428;CABAÑAS DE LA SAGRA
3744;1429;CABEZAMESADA
3745;1458;CALERA Y CHOZAS
3746;1464;CALZADA DE OROPESA (LA)
3747;1467;CAMARENA
3748;1496;CAMUÑAS
3749;1542;CARMENA
3750;1547;CARPIO DE TAJO (EL)
3751;1549;CARRANQUE
3752;1562;CASAR DE ESCALONA (EL)
3753;1566;CASARRUBIOS DEL MONTE
3754;1600;CASTILLO DE BAYUELA
3755;1621;CAZALEGAS
3756;1624;CEBOLLA
3757;1626;CEDILLO DEL CONDADO
3758;1643;CERRALBOS (LOS)
3759;1671;CHOZAS DE CANALES
3760;1671;VAQUERIZO
3761;1687;COBISA
3762;1710;CONSUEGRA
3763;1723;CORRAL DE ALMAGUER
3764;1752;CUERVA
3765;1781;DOSBARRIOS
3766;1803;ESCALONA
3767;1804;ESCALONILLA
3768;1815;ESPINOSO DEL REY
3769;1819;ESQUIVIAS
3770;1886;FUENSALIDA
3771;1921;GALVEZ
3772;1935;GERINDOTE
3773;1969;GUADAMUR
3774;1977;GUARDIA (LA)
3775;2001;HERRERUELA DE OROPESA
3776;2026;HUERTA DE VALDECARABANOS
3777;2042;ILLESCAS
3778;2125;LILLO
3779;2178;MADRIDEJOS
3780;2191;MALPICA DE TAJO
3781;2201;MAQUEDA
3782;2221;MASCARAQUE
3783;2230;MAZARAMBROZ
3784;2247;MENASALBAS
3785;2252;MENTRIDA
3786;2258;MIGUEL ESTEBAN
3787;2272;MOCEJON
3788;2329;MORA
3789;2376;NAMBROCA
3790;2382;NAVA DE RICOMALILLO (LA)
3791;2385;NAVAHERMOSA
3792;2386;NAVALCAN
3793;2389;NAVALMORALES (LOS)
3794;2390;NAVALUCILLOS (LOS)
3795;2408;NOBLEJAS
3796;2419;NUMANCIA DE LA SAGRA
3797;2421;OCAÑA
3798;2433;OLIAS DEL REY
3799;2448;ONTIGOLA
3800;2459;ORGAZ
3801;2474;OTERO
3802;2507;PANTOJA
3803;2549;PEPINO
3804;2598;POLAN
3805;2620;PORTILLO DE TOLEDO
3806;2647;PUEBLA DE ALMORADIEL (LA)
3807;2655;PUEBLA DE MONTALBAN (LA)
3808;2659;PUEBLANUEVA (LA)
3809;2674;PULGAR
3810;2686;QUERO
3811;2689;QUINTANAR DE LA ORDEN
3812;2706;REAL DE SAN VICENTE (EL)
3813;2708;RECAS
3814;2754;ROMERAL (EL)
3815;2821;SAN MARTIN DE MONTALBAN
3816;2822;SAN MARTIN DE PUSA
3817;2830;SAN PABLO DE LOS MONTES
3818;2864;SANTA ANA DE PUSA
3819;2874;SANTA CRUZ DE LA ZARZA
3820;2879;SANTA CRUZ DEL RETAMAR
3821;2910;SANTO DOMINGO-CAUDILLA
3822;2952;SESEÑA
3823;2952;SESEÑA NUEVO
3824;2957;PUERTO REY
3825;2957;SEVILLEJA DE LA JARA
3826;2985;SONSECA
3827;3004;TALAVERA DE LA REINA
3828;3004;BARRIO DE SANTA MARIA
3829;3004;TALAVERA LA NUEVA
3830;3004;CASAR DE TALAVERA (EL)
3831;3023;TEMBLEQUE
3832;3036;TOBOSO (EL)
3833;3038;TOLEDO
3834;3038;AZUCAICA
3835;3055;TORRE ESTEBAN HAMBRAN
3836;3092;TORRIJOS
3837;3118;TURLEQUE
3838;3121;UGENA
3839;3129;URDA
3840;3181;VALMOJADO
3841;3206;VENTAS CON PEÑA AGUILERA (LAS)
3842;3208;VENTAS DE RETAMOSA (LAS)
3843;3246;VILLA DE DON FADRIQUE (LA)
3844;3254;VILLACAÑAS
3845;3270;VILLAFRANCA CABALLEROS
3846;3286;VILLALUENGA DE LA SAGRA
3847;3299;VILLAMIEL DE TOLEDO
3848;3300;VILLAMUELAS
3849;3306;VILLANUEVA DE ALCARDETE
3850;3308;VILLANUEVA DE BOGAS
3851;3363;VILLARRUBIA DE SANTIAGO
3852;3367;VILLASECA DE LA SAGRA
3853;3368;VILLASEQUILLA
3854;3370;VILLATOBAS
3855;3392;VISO DE SAN JUAN (EL)
3856;3409;YEBENES (LOS)
3857;3411;YELES
3858;3412;YEPES
3859;3414;YUNCLER
3860;3415;YUNCOS
3861;941;ADEMUZ
3862;957;AGULLENT
3863;960;AIELO DE MALFERIT
3864;974;ALAQUAS
3865;978;ALBAIDA
3866;979;ALBAL
3867;981;ALBALAT DE LA RIBERA
3868;982;ALBALAT DELS SORELLS
3869;993;ALBERIC
3870;999;ALBORACHE
3871;1000;ALBORAYA
3872;1001;ALBUIXECH
3873;1019;ALCASSER
3874;1039;ALCUDIA (L')
3875;1040;ALCUDIA DE CRESPINS (L')
3876;1041;ALDAIA
3877;1054;ALFAFAR
3878;1058;ALFARA DEL PATRIARCA
3879;1069;ALGEMESI
3880;1072;ALGIMIA DE ALFARA
3881;1073;ALGINET
3882;1095;ALMASSERA
3883;1104;ALMISERA
3884;1108;ALMOINES
3885;1120;ALMUSSAFES
3886;1127;ALPUENTE
3887;1128;ALQUERIA DE LA COMTESSA (L')
3888;1135;ALZIRA
3889;1150;ANNA
3890;1169;ARAS DE LOS OLMOS
3891;1224;ATZENETA D'ALBAIDA
3892;1232;AYORA
3893;1272;BARXETA
3894;1300;BELLREGUARD POBLE
3895;1311;BENAGUASIL
3896;1323;BENEIXIDA
3897;1324;BENETUSSER
3898;1325;BENIARJO
3899;1329;BENIFAIO
3900;1331;BENIGANIM
3901;1332;BENIMODO
3902;1333;BENIPARRELL
3903;1334;BENISANO
3904;1352;BETERA
3905;1352;BARO (EL)
3906;1370;BOCAIRENT
3907;1409;BUÑOL
3908;1418;BURJASSOT
3909;1492;CAMPORROBLES
3910;1498;CANALS
3911;1502;CANET D'EN BERENGUER
3912;1532;CARCAIXENT
3913;1540;CARLET
3914;1577;CASINOS
3915;1588;CASTELLO DE RUGAT
3916;1593;MAS DE JACINTO
3917;1617;CATADAU
3918;1620;CAUDETE DE LAS FUENTES
3919;1659;CHELLA
3920;1660;CHELVA
3921;1661;CHESTE
3922;1669;CHIVA
3923;1673;CHULILLA
3924;1711;CORBERA
3925;1760;CULLERA
3926;1760;BULEVAR DEL XUQUER
3927;1768;DAIMUS
3928;1791;ELIANA (L')
3929;1795;ENGUERA
3930;1826;ESTIVELLA
3931;1850;FOIOS
3932;1853;FONT DE LA FIGUERA (LA)
3933;1854;FONT D'EN CARROS (LA)
3934;1856;FONTANARS DELS ALFORINS
3935;1897;FUENTERROBLES
3936;1924;GANDIA
3937;1924;GRAU I PLATJA
3938;1933;GENOVES
3939;1943;GODELLA
3940;1944;GODELLETA
3941;1971;GUADASEQUIES
3942;1972;GUADASSUAR
3943;2065;JALANCE
3944;2068;JARAFUEL
3945;2137;LLIRIA
3946;2139;LLOCNOU DE SANT JERONI
3947;2143;LLOSA DE RANES
3948;2144;LLUTXENT
3949;2153;LORIGUILLA
3950;2155;LOSA DEL OBISPO
3951;2194;MANISES
3952;2211;MARINES
3953;2220;MASALAVES
3954;2223;MASSALFASSAR
3955;2224;MASSAMAGRELL
3956;2241;MELIANA
3957;2270;MISLATA
3958;2276;MOGENTE/MOIXENT
3959;2288;MONCADA
3960;2300;MONSERRAT
3961;2307;MONTAVERNER
3962;2316;MONTESA
3963;2326;MONTROY
3964;2371;MUSEROS
3965;2377;NAQUERA
3966;2391;NAVARRES
3967;2413;NOVELE-NOVETLE
3968;2436;OLIVA
3969;2439;OLLERIA (L')
3970;2441;OLOCAU
3971;2449;ONTINYENT
3972;2476;OTOS
3973;2486;PAIPORTA
3974;2496;PALMA DE GANDIA
3975;2520;PATERNA
3976;2520;CAÑADA (LA)
3977;2520;POLIGONO FUENTE DEL JARRO
3978;2566;PICANYA
3979;2567;PICASSENT
3980;2583;POBLA DE FARNALS (LA)
3981;2587;POBLA DE VALLBONA (LA)
3982;2588;POBLA DEL DUC (LA)
3983;2589;POBLA LLARGA (LA)
3984;2599;POLINYA DE XUQUER
3985;2644;PUÇOL
3986;2644;ALFINACH
3987;2672;PUIG
3988;2681;QUART DE POBLET
3989;2681;BARRI DE PORTA
3990;2682;QUARTELL
3991;2683;QUATRETONDA
3992;2699;RAFELBUÑOL
3993;2704;REAL DE GANDIA
3994;2713;REQUENA
3995;2713;EL PONTON
3996;2713;CAMPO ARCIS
3997;2713;LOS ISIDROS
3998;2724;RIBA-ROJA DE TURIA
3999;2724;GALLIPONT
4000;2748;ROCAFORT
4001;2777;SAGUNTO
4002;2777;PUERTO (EL)
4003;2777;ALMARDA
4004;2795;SAN ANTONIO DE BENAGEBER
4005;2936;SEDAVI
4006;2963;SIETE AGUAS
4007;2967;SILLA
4008;2972;SIMAT DE LA VALLDIGNA
4009;2973;SINARCAS
4010;2980;SOLLANA
4011;2997;SUECA
4012;2997;MARENY DE BARRAQUETES
4013;3014;TAVERNES DE LA VALLDIGNA
4014;3034;TITAGUAS
4015;3080;TORRENT
4016;3080;MASIA DEL JUEZ
4017;3112;TUEJAR
4018;3117;TURIS
4019;3138;UTIEL
4020;3138;CUEVAS (LAS)
4021;3160;VALENCIA
4022;3160;CASAS DE BARCENA
4023;3160;MASARROCHOS
4024;3160;BENIMAMET-BENIFERRI
4025;3160;CASTELLAR-OLIVERAL
4026;3171;VALLADA
4027;3235;VILAMARXANT
4028;3283;VILLALONGA
4029;3310;CASTELLÓ DE LA RIBERA
4030;3344;VILLAR DEL ARZOBISPO
4031;3353;VILLARGORDO DEL CABRIEL
4032;3384;VINALESA
4033;3400;XATIVA
4034;3401;XERACO
4035;3405;XIRIVELLA
4036;3408;YATOVA
4037;966;ALAEJOS
4038;1023;ALCAZAREN
4039;1047;ALDEAMAYOR DE SAN MARTIN
4040;1203;ARROYO DE LA ENCOMIENDA
4041;1203;FLECHA, LA
4042;1219;ATAQUINES
4043;1285;BECILLA DE VALDERADUEY
4044;1369;BOBADILLA DEL CAMPO
4045;1372;BOECILLO
4046;1431;CABEZON DE PISUERGA
4047;1479;CAMPASPERO
4048;1497;CANALEJAS DE PEÑAFIEL
4049;1574;CASASOLA DE ARION
4050;1604;CASTREJON DE TRABANCOS
4051;1614;CASTRONUÑO
4052;1616;CASTROVERDE DE CERRATO
4053;1678;CIGALES
4054;1681;CISTERNIGA
4055;1691;COGECES DEL MONTE
4056;1746;CUBILLAS DE SANTA MARTA
4057;1807;ESGUEVILLAS DE ESGUEVA
4058;2052;ISCAR
4059;2085;LAGUNA DE DUERO
4060;2093;LANGAYO
4061;2228;MAYORGA
4062;2235;MEDINA DE RIOSECO
4063;2236;MEDINA DEL CAMPO
4064;2278;MOJADOS
4065;2353;MOTA DEL MARQUES
4066;2358;MUDARRA (LA)
4067;2383;NAVA DEL REY
4068;2440;OLMEDO
4069;2527;PEDRAJA DE PORTILLO (LA)
4070;2528;PEDRAJAS DE SAN ESTEBAN
4071;2536;PEDROSA DEL REY
4072;2542;PEÑAFIEL
4073;2542;PADILLA DE DUERO
4074;2619;ARRABAL DE PORTILLO
4075;2691;QUINTANILLA DE ONESIMO
4076;2712;RENEDO DE ESGUEVA
4077;2766;RUEDA
4078;2827;SAN MIGUEL DEL ARROYO
4079;2829;SAN MIGUEL DEL PINO
4080;2831;SAN PEDRO DE LATARCE
4081;2841;SAN VICENTE DEL PALACIO
4082;2917;SANTOVENIA DE PISUERGA
4083;2920;SARDON DE DUERO
4084;2951;SERRADA
4085;2964;SIETE IGLESIAS DE TRABANCOS
4086;2971;SIMANCAS
4087;3045;TORDEHUMOS
4088;3046;TORDESILLAS
4089;3046;VILLAVIEJA DEL CERRO
4090;3046;VILLAMARCIEL
4091;3111;TUDELA DE DUERO
4092;3172;VALLADOLID
4093;3172;NAVABUENA
4094;3172;PUENTE DUERO-ESPARRAGAL
4095;3197;VEGA DE VALDETRONCO
4096;3282;VILLALON DE CAMPOS
4097;3305;VILLANUBLA
4098;3321;VILLANUEVA DE LOS CABALLEROS
4099;3345;VILLARDEFRADES
4100;3425;ZARATAN
4101;3425;ZARATÁN
4102;1015;ALCAÑICES
4103;1100;ALMEIDA DE SAYAGO
4104;1174;ARCENILLAS
4105;1322;BENAVENTE
4106;1343;BERMILLO DE SAYAGO
4107;1389;BOVEDA DE TORO (LA)
4108;1471;CAMARZANA DE TERA
4109;1517;CAÑIZAL
4110;1523;CARBAJALES DE ALBA
4111;1572;CASASECA DE LAS CHANAS
4112;1607;CASTRILLO DE LA GUAREÑA
4113;1613;CASTROGONZALO
4114;1688;COBREROS
4115;1688;CASTRO DE SANABRIA
4116;1725;CORRALES
4117;1725;CORRALES DEL VINO
4118;1749;CUBO DE TIERRA DEL VINO (EL)
4119;1841;FERMOSELLE
4120;1904;FUENTESAUCO
4121;1922;GAMONES
4122;1957;GRANJA DE MORERUELA
4123;2159;PADORNELO
4124;2257;MICERECES DE TERA
4125;2286;MOMBUEY
4126;2295;MONFARRACINOS
4127;2305;MONTAMARTA
4128;2336;MORALEJA DEL VINO
4129;2337;MORALES DE TORO
4130;2338;MORALES DEL VINO
4131;2361;MUELAS DEL PAN
4132;2475;OTERO DE BODAS
4133;2561;PERERUELA
4134;2692;QUINTANILLA DE URZ
4135;2695;QUIRUELAS DE VIDRIALES
4136;2697;SEJAS DE ALISTE
4137;2744;SAMPIL
4138;2803;SAN CRISTOBAL DE ENTREVIÑAS
4139;2810;SAN ESTEBAN DEL MOLAR
4140;2842;SAN VITERO
4141;2890;SANTA MARIA DE LA VEGA
4142;2915;SANTOVENIA
4143;2919;SANZOLES
4144;3051;TORO
4145;3059;TORRE DEL VALLE (LA)
4146;3100;TRABAZOS
4147;3253;VILLABRAZARO
4148;3266;VILLAFAFILA
4149;3284;VILLALPANDO
4150;3302;MOZAR
4151;3331;VILLANUEVA DEL CAMPO
4152;3360;VILLARRIN DE CAMPOS
4153;3423;ZAMORA
4154;945;AGON
4155;950;AGUARON
4156;963;AINZON
4157;1055;ALFAJARIN
4158;1057;ALFAMEN
4159;1109;ALMOLDA (LA)
4160;1117;ALMUNIA DE DOÑA GODINA (LA)
4161;1136;AMBEL
4162;1191;ARIZA
4163;1222;ATECA
4164;1238;AZUARA
4165;1293;BELCHITE
4166;1359;BIOTA
4167;1384;BORJA
4168;1392;BREA DE ARAGON
4169;1407;BUJARALOZ
4170;1413;BURGO DE EBRO (EL)
4171;1421;BUSTE (EL)
4172;1443;CADRETE
4173;1454;CALATAYUD
4174;1455;CALATORAO
4175;1538;CARIÑENA
4176;1578;CASPE
4177;1582;CASTEJON DE VALDEJASA
4178;1595;CASTILISCAR
4179;1646;CERVERA DE LA CAÑADA
4180;1652;CETINA
4181;1742;CUARTE DE HUERVA
4182;1743;CUBEL
4183;1769;DAROCA
4184;1789;EJEA DE LOS CABALLEROS
4185;1789;SABINAR (EL)
4186;1789;VALAREÑA
4187;1789;BAYO (EL)
4188;1789;PINSORO
4189;1789;BARDENA DEL CAUDILLO
4190;1789;SANTA ANASTASIA
4191;1789;RIVAS
4192;1797;EPILA
4193;1798;ERLA
4194;1805;ESCATRON
4195;1837;FARLETE
4196;1870;FRASNO (EL)
4197;1882;FUENDEJALON
4198;1901;FUENTES DE EBRO
4199;1919;GALLOCANTA
4200;1920;GALLUR
4201;1931;GELSA
4202;1999;HERRERA DE LOS NAVARROS
4203;2044;ILLUECA
4204;2075;JOYOSA (LA)
4205;2092;LANGA DEL CASTILLO
4206;2106;LECERA
4207;2107;LECIÑENA
4208;2164;LUESIA
4209;2169;LUMPIAQUE
4210;2170;LUNA
4211;2179;MAELLA
4212;2180;MAGALLON
4213;2183;MAINAR
4214;2189;MALLEN
4215;2208;MARIA DE HUERVA
4216;2294;MONEGRILLO
4217;2297;MONREAL DE ARIZA
4218;2359;MUEL
4219;2360;MUELA (LA)
4220;2364;MUNEBREGA
4221;2411;NONASPE
4222;2412;NOVALLAS
4223;2416;NUEVALOS
4224;2534;PEDROLA
4225;2558;PERDIGUERA
4226;2570;PINA DE EBRO
4227;2573;PINSEQUE
4228;2632;POZUELO DE ARAGON
4229;2645;PUEBLA DE ALFINDEN (LA)
4230;2711;REMOLINOS
4231;2727;RICLA
4232;2769;SABIÑAN
4233;2775;SADABA
4234;2824;SAN MATEO DE GALLEGO
4235;2928;SASTAGO
4236;2959;SIERRA DE LUNA
4237;2975;SOBRADIEL
4238;2990;SOS DEL REY CATOLICO
4239;3001;TABUENCA
4240;3010;TARAZONA
4241;3013;TAUSTE
4242;3013;SANTA ENGRACIA
4243;3135;USED
4244;3137;UTEBO
4245;3182;VALPALMAS
4246;3202;VELILLA DE EBRO
4247;3263;VILLADOZ
4248;3294;VILLAMAYOR DE GALLEGO
4249;3312;VILLANUEVA DE GALLEGO
4250;3312;COMERCIO (EL)
4251;3313;VILLANUEVA DE HUERVA
4252;3358;VILLARREAL DE HUERVA
4253;3361;VILLARROYA DE LA SIERRA
4254;3424;ZARAGOZA
4255;3424;CARTUJA BAJA
4256;3424;SAN JUAN DE MOZARRIFAR
4257;3424;MOVERA
4258;3424;GARRAPINILLOS
4259;3424;VILLARRAPA
4260;3432;ZUERA
4261;3432;ONTINAR DE SALZ
4262;191;DEHESA DE CAMPOAMOR
4263;181;RAPITA (SA)
4264;478;CALA RATJADA
4265;283;FORNELLS
4266;182;PORT DE POLLENÇA
4267;890;CALA FIGUERA
4268;608;CALA BONA
4269;680;GARRAF
4270;680;BOTIGUES (LES)
4271;2447;ONDARROA
4272;830;PEDREÑA
4273;2839;SAN VICENTE DE LA BARQUERA
4274;1469;CAMARIÑAS
4275;2621;PORTOSIN
4276;1937;GETARIA
4277;2516;PASAI DONIBANE
4278;2940;SELVA DE MAR (LA) NUCLI
4279;3397;CELEIRO
4280;3201;CALETA DE VELEZ
4281;3407;PUERTO CALERO
4282;1404;BUEU
4283;2918;PORTONOVO
4284;3227;VILAXOAN
