rotulo_id;nombre
1;Nº 10.935
2;REPSOL
3;CEPSA
4;BP ROMICA
5;PLENOIL
6;CARREFOUR
7;A&A
8;TAMOS
9;P347
10;FAMILY ENERGY
11;INPEALSA
12;PETROCAMP
13;LOZANO
14;CORYMAR
15;ENERCOM CARBURANTES
16;VALERO 24H
17;NATURGY ES  GNV ALBACETE
18;FAST & GAS
19;ALCAMPO
20;REPSOL Nº ESTACIÓN 97179
21;ABOIL
22;"INLOCOR S.L. ""CEPSA"""
23;REPSOL. LOS ANGELES DE LA MANCHA, S.L.
24;LA GAVIOTA GASOLINERA 24 HORA
25;GMOIL
26;AVANZA OIL
27;AREA LOS LLANOS
28;EL JUCAR
29;SHELL
30;GASÓLEOS S. ALMANSA
31;GASOLINERA LOW COST PENADES
32;QUALITY ALMANSA
33;COOPERATIVA SANTA CRUZ DE ALPERA
34;E.S. BALAZOTE S.L.
35;COABA
36;E.S. BARRAX S.L.
37;GASOLINERA ETENOIL
38;GASOLINERAS DEL REY
39;COOPERATIVA
40;NTRA SRA DE LA CABEZA
41;VILA Y FAYOS 
42;HAM
43;GALP
44;BP PARGA I PETROL BAS BEL
45;VIRGEN DE LAS NIEVES
46;DLP
47;CAMPSA
48;SAN DIONISIO
49;Nº 7374
50;ES SAN ANTONIOABAD. FUENTEALBILLA
51;HELLIN GAS S.L.
52;PETROGAS
53;IDS
54;PETRONOR
55;BP
56;MULTSER-OIL
57;NO
58;E.S. LETUR
59;E.S. VIRGEN DE LA CRUZ
60;Q8
61;SAT VIDEMA
62;SECADEMA
63;BODEGAS SANTIAGO APOSTOL
64;LOS CORRALES
65;OLEOVINICOLA CAMPOS DE MUNERA S. COOP. DE C-LM
66;COOP SAN GREGORIO
67;REPSOL 
68;ONTALBA S. COOP DE C-LM
69;VALERO 24H ENERGIA
70;GASOLEOS TURBULA 
71;E.S. LEDAÑA 
72;POZOTRANS
73;CAMPAREZ GASOLINERA
74;SAT SANTA CRUZ DE POZO LORENTE
75;INLOCOR S.L.
76;CANOIL
77;GASPLAY
78;LA REMEDIADORA
79;BP CASA JUANITO RESTAURANTE
80;RODATRANS
81;NAVARRO Y VALERO, S.L
82;LA GAVIOTA GASOLINERAS
83;COOP. LA UNION AB
84;SAN ROQUE DE TOBARRA S. COOP. DE C-LM
85;NTRA. SRA. DE LA ENCARNACION
86;E.S. TOBARRA
87;NO HAY
88;SAN ISIDRO
89;E.S EL GORRION
90;BODEGAS SAAC
91;CHAMPINTER
92;SIERRA DE ALCARAZ
93;COMBUSTIBLES FIEL, S.L.
94;ESTACIÓN DE SERVICIO LOS VIÑEDOS
95;MOLGAS
96;PAÑALON
97;BP VILLARROBLEDO
98;COMBUSTIBLES DISPROSIO S.L.
99;VINICOLA DE VILLARROBLEDO
100;AVIA
101;SUVER GASOLEOS 
102;FTH
103;BALLENOIL
104;PLENOIL 
105;MASOIL ALCOY
106;GASEXPRESS
107;GASOLINERA ALCOY 
108;BP ALFAZ DEL PI
109;BEROIL
110;BP EL ZOCO
111;BP SANDOVAL MI
112;BP SANDOVAL MD
113;AVANZA LOW COST
114;GM OIL
115;BP VISTAHERMOSA 
116;PETROALACANT
117;GOTETA
118;AVANZA
119;PETROPRIX
120;VCC ALICANTE 
121;BP REJAS VERDES
122;E.S. SANTA FAZ
123;CONFORT AUTO
124;TAMOIL
125;ALSA
126;PETRO ALACANT
127;AQUAVEL
128;AGRICOOP
129;ATALAYAS
130;PARCELOGIC
131;GASOLEO EXPRES
132;LAS MAROMAS
133;PETROPRIX 
134;CEPSA ELF
135;RASPA-OIL (SERV. ATENDIDO)
136;QFS
137;CEPSA ESPAÑA S.A.
138;LEVANTINA
139;GASOLINERA ASPE
140;COOPERATIVA DIVINA AURORA
141;GASOLWIN BENEIXAMA
142;BP CALA BENIDORM
143;BP BENIDORM
144;BP EUROBENIDORM
145;PETROENERGY
146;VCC ANOUER
147;BP LA ISLETA
148;BENIEXPRESS
149;ROSELLO
150;VCC BENISSA
151;BP BENISSA
152;MASOIL BENISA
153;MEROIL
154;(SIN RÓTULO)
155;BIGASOIL
156;ATLANTIS EXPRESS
157;RITOR DIESEL
158;BP OIL ESPAÑA, S.A.U.
159;COFRADIA DE PESCADORES
160;CALPE AUTOMOCION II
161;DRZ
162;CALPE AUTOMOCION
163;AUTOFUEL LOW COST
164;GASEXPRESS CAMPELLO
165;REPSOL-RIO SECO
166;CAMPELLO - GOTETA II
167;COOPERATIVA SAN CRISTOBAL
168;MASOIL CASTALLA
169;LUZOIL
170;BRIOGAS
171;LA 23
172;FUTURA PETROLIUM 
173;PEPE RAMON
174;BP COX
175;BP  POLIGONO CREVILLENTE
176;H.S
177;MOSCARDÓ
178;TECKMAR
179;GASDEN
180;REPSOL COMERCIAL
181;MAYAYO
182;LA ESTACION
183;E.S. EL POLIGONO
184;GM OIL ELCHE
185;CEPSA LA GALIA
186;ABIERTO (SERVICIO ATENDIDO)
187;MORA
188;E.S. PLUSOIL
189;EL CANARI
190;GASOLINERA D'ELX (S. ATENDIDO)
191;BP ALJUB
192;MARINA DE LA PLANA
193;BP SAN ANTON
194;BDMED ELDA
195;V2 GASOLINERAS
196;REPOSTANDO
197;ZARCAR
198;BP FORMENTERA (LOS PALACIOS)
199;GASOLINERA DE FORMENTERA
200;JOSBERFUEL
201;CEPSA 
202;GÓMEZ Y SIRVENT
203;SEVEN OIL
204;SANTA CRUZ
205;BP IBI
206;E.S. CAÑIZARES
207;NEFT
208;BP PETROBENE
209;A.ESTELA
210;ECO COMBUSTIBLE 24H LOW COST
211;COOPERATIVA V. AGRICOLA MONFORTE DEL CID
212;E.S. TEXAS
213;GLOBAL OIL
214;GASOLPOP,S.L.
215;BP MUCHAMIEL
216;BP SANT PERET
217;BP INNUBEL - NOVELDA
218;BP LA NUCIA
219;AUTOIL ONDARA
220;LOW COST 24H
221;EL CANARI ONIL
222;GASORBA
223;REVISOIL
224;BP LA ZENIA
225;VEGARA 
226;EL TANQUE
227;COMBUSTIBLES LA MURADA
228;EASYGAS
229;COMBUSTIBLES LA MURADA,S.L.
230;BP LOMAS DE CABO ROIG
231;COMBUSELLA
232;COOPEGO
233;BP PEGO
234;E.S. PETRER-ELDA
235;ÁRTICO OIL
236;SURINVER
237;RHR
238;E.S.HORADADA
239;E.S. LA TORRE
240;GLOBALTANK PINOSO
241;BP ROJALES
242;GLOBAL OIL  
243;SIN ROTULO
244;GHOL
245;BDMED
246;NATURGY
247;ESTACION DE SERVICIO PETROBLUE 
248;COFRADÍA DE PESCADORES
249;SANTA POLA
250;LOW COST
251;VCC SANTA POLA
252;POLAGAS
253;BP XIRAU
254;BP OIL ESPAÑA
255;LA HITA - TORREVIEJA
256;E.S. LAS SALINAS
257;GM OIL TORREVIEJA
258;REPSOL - EL CHAPARRAL
259;QUALITY OIL
260;BP CORONELITA
261;PETROESPAÑA
262;+B ENERGIAS 
263;SUMINISTROS HERMANOS HT
264;PETROLAVILA
265;LA MORENICA
266;BP 
267;JBM
268;E.S CAMPOEJIDO ADRA
269;CAMPOADRA
270;E.S.TERDIGUERA
271;CARBURANTES ALMANZORA SL
272;TRANSRUMAR
273;BP SAN JOSE
274;SECTOROIL
275;BP LOS PARTIDORES
276;CIUDAD DEL TAXI
277; BP RAMBLA INIESTA
278;BP MONTSERRAT  ALMERIA
279;BP SIERRA ALHAMILLA
280;LA TORRE
281;E.S. ALVAMAR
282;ISABEL ALONSO
283;HNOS.MARTINEZ
284;E.S.ARBOLEAS
285;MORA OIL 
286;TRUCKSTOP
287;EESS VEFRUBER
288;CABASC, S.C.A.
289;AGLA
290;CARBURANTES DE CANTORIA
291;INDAPAK LOGISTICS
292;CBT CARBOTRANS S.COOP.AND
293;BP OIL ESPAÑA 
294;ES BORJA - E.S.SOBRADO DE PICATO, S.L.U
295;PET. ALARCÓN Y GARCÍA 
296;A.S. EL ARTINERO
297;TRUCK STOP DALIAS
298;E.S. CAMPEJIDO DALIAS
299;GASOLINERA EL EJIDO
300;BP EL EJIDO - COOP SANTA MARIA
301;CIUDAD EJIDO,S.L
302;E.S CAMPOEJIDO LAS PEÑAS
303;E.S. CAMPOEJIDO CTRA ALMERIMAR
304;CAMPOEJIDO  
305;CAMPOEJIDO
306;E.S. COOP SANTA MARIA DEL AGUILA - EL EJIDO
307;BAHIA DE ALMERIMAR 
308;EJIDO OESTE
309;ES NORIAS
310;HAFESA
311;TRANSPORTES BEARCA S.L.
312;ESTACION DE SERVICIO VICASOL S.L.
313;SPLASH
314;INDASOL
315;E.S CAMPOEJIDO TIERRAS ALMERIA
316;REPSOL LA COSTA
317;AGROPONIENTE
318;EJIDOMAR
319;E.S.CAMPOEJIDO-LA ALDEILLA
320;TRUCK STOP DEL PONIENTE 
321;TRUCK STOP EL EJIDO S.L.
322;EESS FEPSA
323;ECONORIAS
324;BP SANTA MARIA DEL AGUILA
325;COHORSAN SCA
326;E.S.BALERMAMAR SL
327;LA TARAMBANA
328;GONZALEZ CAÑABATE CARBURANTES
329;SUIMASA
330;COOP. TRACOMAR
331;COALTRANS S COOP AND
332;OIL BAROL
333;OIL JCJ
334;"ANDAMUR ""EL LIMITE"""
335;E.S H8 ENERGYS
336;INICIATIVAS RUMIAL
337;AUTOSERVICIOS LARPY
338;NTRA SRA DEL ROSARIO
339;AGLA E.S. CRUCE LOS PALOS
340;BP NIJAR
341;BP VENTA DEL POBRE
342;BP ESTACION DE SERVICIO EL 21
343;S.A.T. COSTA DE NIJAR
344;BIO SABOR
345;LITORAL DE NIJAR
346;COPROHNIJAR S.C.A.
347;HORTOFRUCOOP S.C.A.
348;"CASI "" COOPERATIVA AGRICOLA """
349;EE.SS. SAN SEBASTIAN
350;E.S. AQUACENTER
351;EUROPULPI
352;CONSUMOMAR S.C.A.
353;E.S PACOCALCULA
354;COSTA DE ALMERIA
355;E.S. CAMPOEJIDO ROQUETAS
356;BP ROQUETAS
357;BP AGUADULCE
358;BP E.S. LOS MILLARES
359;CITRASOR, SCA
360;E/S  SAN JAVIER
361;CEPSA - LOS FILABRES SCA
362;BP LA ERA TABERNAS
363;VOLACAN
364;ANROROIL
365;TOPFUEL
366;LAS PEPAS
367;ESTACION DE SERVICIO VELEZ RUBIO
368;INV
369;VERADIESEL
370;VULCO
371;ESTACION SERVICIO VERA SV
372;S.A.T. PISAICA DE LA VIRGEN
373;BP VIATOR
374;GONZALEZ CAÑABATE, S.L.
375;ENERGY CARBURANTES
376;CAMPO ROQUETAS
377;E.S. GASOLEOS HORTICAMPO - VICAR
378;E.S.VICASOL
379;BP VIAPARK
380;E.S. COOP SANTA MARIA-VICAR-MURGIVERDE
381;CONSUMOMAR
382;BP VICAR
383;OIL BAROL SL
384;ES DULANTZI REPSOL
385;ESTACIONES GB
386;AVIA 
387;ADS
388;EUROCAM
389;BIDEKO ATERPE
390;GERANTISAN
391;OÑATRANS
392;EROSKI
393;E.S. OION
394;E.S. TOCALU 
395;EESS DYNEFF
396;ALAVESA
397;FUEL TRUCK
398;ORHELA
399;"ANDAMUR ""SAN ROMAN"""
400;VALCARCE
401;ARMENTIA
402;ONA LOWCOST
403;COALTRANS  SDAD COOP
404;EUSKADILOWCOST
405;ONAINDIA
406;BP GAMARRA
407;GAMARRA LOW COST
408;BP  SALBURUA
409;NORPETROL
410;BEROIL GASTEIZ
411;LOW COST EUSKADI SL
412;N1JUNDIZ
413;COCEFOR
414;TRANSARABA
415;IBAIA ENERGY
416;BLANCA
417;PETROPRIX AVILES
418;FAST FUEL
419;E.S. CRISTALERIA
420;ZEPXA ECO
421;ESC-PETROLEOS
422;GALP ARRIONDAS
423;CAMPOASTUR
424;FLOREZ COSMEN, S.L.
425;ESOIL
426;BP - CARREÑO
427;A. G. 
428;GF
429;MP
430;CORVERA
431;VALCARCE (GHC )
432;SOLRAS
433;GASOLINERA CEPSA LA CARIDAD
434;WASHMAX
435;INNOGAS
436;TRANSPORTES SETRALI
437;LA COOPERATIVA
438;BP GIJON - CARBONERA
439;EMPRESOIL
440;DST
441;LA ESTRELLA DE QATAR
442;EL SALVADOR
443;DISMUSA MASYMAS
444;DISMUSA
445;VALCAMBUS S.L.
446;RED CAR OIL S.L
447;CASTRONALON
448;BP SAN PABLO
449;TRAKTOS AUTOMOCIÓN
450;ASIPO SERVICIOS
451;EL CENTRO
452;POSADA MENENDEZ 
453;DISPRIA, S.L.
454;SARAS
455;E.S.LA COLORADA
456;PETRONORA
457;CATOA
458;TVA
459;LAS PALMERAS
460;BP CUYENCES
461;ARBESU
462;BP INFIESTO
463;ESTACION DE SERVICIO VALLE DE TRUBIA S.L.
464;ALIMERKA
465;ES EL CALEYU Nº 22905 CEPSA
466;AGROVALDES, S. C. L. 
467;AGROVALDES.SOC.COOP.A.LIM
468;EESS LAS PALMERAS
469;CASINTRA GRUPO
470;GALP 
471;BP CENTRAL LECHERA
472;BP LA CHALANA
473;BP - CARCEDO - SOTO BARCO
474;CHIQUÍN II
475;LA ADRADA
476;COPLAM
477;FERNANDEZ BERMEJO
478;PETROSTAR ENERGÍA
479;BP CUATRO POSTES 
480;DST POL HERVENCIAS
481;REPOSTAR
482;BP - AVILA
483;BELLAVISTA S.L.
484;E.S.JUANJO-REPOSTAR
485;HERMANOS CRUZ (REPOSTAR)
486;SAN JUAN DE LA CRUZ
487;AN ENERGETICOS - MADRIGAL
488;F.COCA P. S.L.
489;MINGORRIA
490;******
491;AUTOSERVICIO
492;GOEXPRESS
493;E.S GREDOS
494;SAN PEDRO BAUTISTA VILLACASTIN, S.COOP
495;GASLOWCOST
496;LAS CORREHUELAS, S.L
497;COOP.GUADALPERALES
498;LA SOLEDAD
499;LUKOIL
500;HNOS GUILLEN MONTERO S.A.L.
501;EESS LA FLORIDA 
502;GALP (E.S. ANTUNEZ)
503;VALCARCE ALMENDRALEJO
504;GASOLINERA SAN ROQUE
505;SETTRAN
506;MORGANE OIL
507;LOW COST LOS POZUELOS
508;NOROIL
509;COOP. PERALES
510;SEA
511;CG CARBURANTES AZUAGA
512;GUAY
513;OCHO AREAS DE SERVICIO
514;OCHO ÁREAS DE SERVICIO
515;BDS
516;ESTRELLA ROJA
517;AREA SAN MARTIN
518;DST 
519;BP SANCHA BRAVA
520;"""BP"" ROTONDA LAS VAGUADAS S.L."
521;ROCK & OIL
522;PETROMODE
523;S. COOP. AGRICOLA DE COLONOS DE NOVELDA
524;TALANTENA
525;SAN VALERIANO EXTREMEÑO SCL
526;IBERDOEX
527;M&D
528;COOPERATIVA OLIVARERA CABEZA DEL BUEY
529;ESTACIÓN DE SERVICIO ARMENTERA S.L
530;E.S.SAN BENITO
531;AL-KASERA
532;E.S TENTUDIA
533;LAENCINA SODAD COOP LIMITADA
534;CARBURANTES GB
535;PK 11
536;COAGCOR A.I.E
537;DONBEX
538;LUXOIL
539;CASAT
540;GC ENERGY
541;SOCIEDAD COOPERATIVA DEL CAMPO SAN MIGUEL
542;LOGISTICA MORENO
543;DIDAYMAZ S.COOP.
544;COOPENTRIN
545;SEDIMACAR, S.L.
546;SI
547;V.G
548;S. COOP. NTRA. SRA. DE LA CABEZA
549;CAMPIÑA SUR
550;SANGAR
551;SOC.COOP DEL CAMPO SAN PEDRO
552;-
553;MURILLO ROJO SL
554;SDAD.COOP.LIMT. DE HORNACHOS
555;SIERRA DE JEREZ SOCIEDAD COOPERATIVA
556;PETROCOR
557;SAN CRISTOBAL
558;COOPERATIVA LOBON
559;FUEL 10
560;SOCIEDAD COOPERATIVA AGRICOLA DE MEDELLIN
561;COOP. STMO. CRISTO H.
562;NIEVES
563;COOP. LIMITADA DEL CAMPO SAN JOSE DE CALAMONTE
564;PETROGOLD
565;VERDE Y SOSTENIBLE
566;HERMANOS GUILLEN MONTERO S.A.
567;E.S. VIA DE LA PLATA, S.L.
568;CEPSA LEO
569;COMOSUREX
570;LA MILAGROSA
571;COOPERATIVA LA UNIDAD
572;TIERRASGORDAS
573;PETROCAR
574;GALP ENERGIA
575;SAN AGUSTIN DE OBANDO SCL
576;ASAJA SDAD COOP
577;EXPLOTACIONES GASOAL
578;EXPLOTACIONES GASOAL SL
579;SDAD. COOP. VEGAS BAJAS
580;NTRA SRA DE BELEN 
581;LIBRE
582;VEGAS DE PUEBLONUEVO, SDAD. COOP. LTDA.
583;FUELQUIN
584;SDAD.COOP.OLIVAREROS Y VITICULTORES
585;QFUEL
586;JOYMAR
587;C.T. DE SAN VICENTE DE ALCANTARA
588;RIO BURDALO
589;COOPERATIVA SANTA MARTA VIRGEN
590;CARBURANTES LA ESTRELLA
591;C.CERRO/E.S. QUINTO P.
592;SDAD COOP CORAZON DE JESUS
593;COOP. LA SIBERIA EXTREMEÑA
594;NO TIENE
595;AUTOOIL
596;E/S TALAVERA
597;DOEX
598;MORENO
599;SCL EL SEÑORIO
600;COOP. DELCAMPO SAN ISIDRO DE VALENCIA DEL VENTOSO
601;VALENCIOIL
602;06/32718
603;"E.S. ""LAS ADELFAS"""
604;SUMINISTROS AGRICOLAS DE VILLAFRANCA, A.I.E.
605;CEPSA - FIERROIL
606;E.S. LA CORONADA
607;QUALITYFUEL
608;SDAD. COOP. DEL CAMPO NUESTRO PADRE JESUS
609;COOPERATIVA MONTEVIRGEN
610;PETROSTAR ENERGIA
611;COOPERATIVA LA SAGRADA FAMILIA
612;LA ENCINA DE PALAZUELO S. COOP.
613;SDAD COOP AGRARIA SAN JUAN
614;ESTACIÓN DE SERVICIO
615;13344
616;VIÑA CANCHALOSA
617;REPSOL BUTANO
618;BUGA 2000
619;AUTONETOIL
620;CARBURANTES IBIZA, S.L.
621;BP FELANITX
622;JUST FUEL
623;E.S. FERRERIES
624;BP SON GRANADA
625;AUTONET&OIL
626;CARBURANTS LOW COST
627;LAS GAVIOTAS
628;BP BALMES
629;BP AMANECER
630;BP ES FORTI
631;SET&GO
632;BP LLUCMAJOR
633;BP PLAYA DE PALMA
634;BP SA POBLA
635;BP PUERTO POLLENSA
636;COOPERATIVA PAGESA DE POLLENÇA
637;BP SANT JORDI
638; BP SAN LUIS
639;COOPERATIVA SANTA EULALIA
640; BP CA SESTRELLA
641;BP MUNAR CAPO
642;TRANSPORTES SOLAZO
643;BALTRAN S.A
644;BP ALELLA
645;PETROLIS INDEPENDENTS - PETRO7
646;PETROCAT
647;PETROMARESWAGEN
648;BP ARENYS DE MAR
649;PREMIRA
650;E.S.  AVINYÓ   -CEPSA-
651;FITOGAS
652;EVOLUTION
653;BP BADALONA
654;LOWCOSTFUEL
655;BONAREA
656;ESCLATOIL
657;BP BADANOR
658;BP MONTIGALA
659;ESTACIO DE SERVEIS BALENYA
660;PETROBAGES S.L.
661;PETROLOWCOST
662;BENZOIL
663;B-OIL
664;BP ALMOGAVARES
665;M AUTOMOCION
666;PETROMIRALLES
667;GRATSA
668;NIEVES 
669;GM FUEL STATIONS
670;PETROZAL
671;TORTUGA
672;E.S.MOYANES
673;RACC
674;BP DANI
675;GARDENOIL
676;GARATGE HORTA
677;ESTACION DE SERVICIO FAVENCIA JULIA
678;BP VIA FAVENCIA
679;PREMIUM ENERGY LA SAGRERA
680;PETROCAT DIRECTE
681;BP PEDRO IV
682;BP BEGUES
683;BP OIL
684;BALLUS BAIX COST
685;ESTACIO SERVEI BIGUES I RIELLS
686;SORLIGO
687;ES CALDERS
688;GASUIR
689;U.S. CALDES - GAS-OILS ROVIRA-
690;STAR PETROLEUM
691;ESTACION SERVICIO CANOVELLES
692;PETRO VALLES
693;SPAROIL
694;BP CARDEDEU
695;AVANTI
696;VILALTA
697;GRUSVIP
698;BP TRUYOLS
699;PETROEIGHT
700;NUROIL
701;BENZINERA CASTELLBISBAL
702;PARKING SERVICE CASTELLBISBAL, SA
703;FERCAM
704;BP GASFELS
705;PREMIUM ENERGY CASTELLDEFELS
706;PORBOL
707;PETROLIS INDEPENDENTS
708;ESTACIÓ DE SERVEIS CENTELLES
709;BP AP7 BELLATERRA (MD)
710;BP AP7 BELLATERRA (MI)
711;PETROPASS
712;QOIL
713;BP CUBELLES
714;PETROLOGIC OIL
715;ANEU OIL
716;BP PARADA LA CREU
717;ES PARKING DEL BAIX LLOBREGAT
718;OIL PRIX
719;XPO TRANSPORT SOLUTIONS SPAIN SL
720;TOTAL
721;BONOIL
722;GASOIL 3B
723;BENZINERA LA GARRIGA
724;CAMPSA EXPRESS
725;BP LA BOBILA
726;CACENCA
727;E.S.GELIDA
728;OILPRIX
729;1PRIMER
730;BENZINERA GRANOLLERS 
731;SORLIGO 
732;A.O. LOW COST
733;BP GUALBA
734;ESTACIÓ SERRA CADI, S.L.
735;NEVADA ENERGIA
736;E. S.  CARRILET   -HOSPITALET-
737;ESTACIO SERVEI CAN BUXERES
738;REPSOL FORTUNA
739;GM OIL HOSPITALET DE LLOBREGAT
740;PORTUARIOS SERVICIOS
741;ECOBENZ
742;PETRO G24
743;BY ENERGY
744;HAM IGUALADA
745;MESTRANS
746;FER PREU JUST
747;MEROIL (FER PREU JUST)
748;MEROIL, S.L.
749;SERTRANS
750;VILACARBURANTS
751;ESTACIO SERVEI LLINARS
752;COOPERATIVA MALGRAT
753;FEIXAS AULET
754;U.S. MANRESA -GAS-OILS ROVIRA-
755;GM OIL 
756;BP BUFALVENT
757;PETROSET
758;PETROLOWCOST SL
759;PETROVOLTREGÀ
760;PEDROSA CENTER
761;BP ESTACION SERVICIO MATARO
762;NATURGY IBERIA, S.L.
763;CENTRE ENERGIA MARESME
764;SERVIAUTO ECOLOGIC
765;AREA DIESEL
766;PETROLIS DE BARCELONA
767;GOOD PRICE PALAU
768;COUSO
769;CONDIS
770;BP PORTAL DEL VALLES DCHA.
771;BP PORTAL DEL VALLES IZDA.
772;BP MONTGAT
773;LA PANADELLA
774; NUROIL
775;EL SURTIDOR
776;PETRO7
777;LACICAR
778;ZONA DIESEL 
779;MKT OIL 
780;NIEVES PARETS LLEVANTPARK
781;GASOILS CARRERAS DE PIERA S.L.
782;E.S. PINEDA DE MAR
783;ESSER
784;ES ADENOR POLINYA
785;LOW COST FUEL
786;REPSOL LA RIERA
787;BP EL PRAT
788;ESTACIO SERVEI LLUÇANÈS
789;PETRO PINTÓ S.L.
790;BALLUS BAIXCOST
791;CASAMITJANA NONELL
792;APARCEMIENTO DE CAMIONES RIPOLLET, SCCL
793;FEIXAS AULET 
794;PUNTA SOLERA
795;JULIA-OIL
796;JULIA-OIL (FINA)
797;GAS-PARK
798;E.S.  PUNT DE TROBADA    -SABADELL-
799;BP SABADELL
800;MKT OIL
801;U.S.SABADELL   - GAS-OILS ROVIRA-
802;SALLENT DE SERVEIS, S.L.
803;TRANSPORTES ABYCER S.L.
804;PETROLIS MIRAMAR
805;E.S. ALCAMPO SANT BOI
806;BP MONTCLAR
807;CAN CALDERÓN - CLAUS  (GNC)
808;BP MOLMAR 
809;BP SANT BOI
810;ANEU OIL 
811;BP MONTSENY
812;BP COLL FAVA
813;BP CAN SOLA
814;SERVICIOS PETROLIFEROS
815;LOW COST SANT FOST VILACARBURANTS
816;E.S. ROSALEDA  -ST. FRUITOS DE BAGES-     GASOILS ROVIRA
817;PETRO-PINTO,S.L.
818;CARBURANTS SANT ISCLE
819;NATURGY IBERIA
820;3 PUNT TRES
821;MEROIL  
822;MUXU
823;BRIGHT SERVICE
824;E.S. SANT MARTI D'ALBARS
825;LA BENCINERA
826;NINGUNO
827;WENCES
828;U.S. SANT QUIRZE SAFAJA  -GASOILS ROVIRA AUTOSERVEI-
829;AMAT OIL
830;BP JORDAN
831;EXPRESS
832;BP SANTA EULALIA DE RONÇANA
833;PINS OIL
834;AREA CABRERÈS
835;BP SANTA PERPETUA
836;MARINÉ
837;BENZINERA SANTA SUSANNA
838;PETRO PINTÓ
839;U. S. SÚRIA *ROVIRA*
840;BP TREVOL
841;PETRO7 - PETROLIS INDEPENDENTS
842;SUPECO
843;OCTOPO
844;COBASA
845;LA FARINERA
846;PETROALFA
847;VALLIWASH-PETROMIRALLES
848;BP COMERCIAL VALLROMANAS
849;ZD URBAN VIC
850;PRIMER TRUCK AREA
851;ZONA DIESEL
852;ES VILAMARINA CEPSA
853;BP VILADECANS
854;NATURGY 
855;BENZINERES MONTOIL
856;ABOS
857;SERVICIOS PENEDES SA
858;BP VILANOVA - AV EDUARDO TOLDRA
859;BP VILANOVA - AV BALMES
860;BP PLANAMAR
861;"BENZINERA  "" 38 """
862;EUSKOIL-STAR PETROLEUM
863;E.S.EL CAMPILLO
864;AVIA AJARTE
865;ARTEA OIL , S.A.
866;NAFTE
867;URBI LOW COST
868;BP BILBAO - STO DOMINGO MD
869;BP BILBAO - STO DOMINGO MI
870;ZABALGARBI GNC
871;HAM BILBAO
872;AVIA  USOA
873;ARRIBIDE
874;URKIOIL
875;BIDEKO
876;EPERMENDI
877;GAMIZ
878;BP BENGOECHEA
879;GASOLINERA ORTUELLA
880;COSTCO
881;PETROENCINA
882;686 TLP
883;MOLGAS ENERGIA SAU
884;GASOLINERA ZAMUDIO
885;Z2OIL
886;AUTO ESTACIÓN DE SERVICIO BARAZAR S.A.
887;GUGAS
888;PORTUOIL
889;ASEBUTRA
890;GASOLEOS ARANDA
891;DGV
892;BP ARANDA DE DUERO
893;BUQUERIN
894;NORPETROL ARCOS
895;E.S.FERREIRA
896;NORPETROL LOS CARROS
897;SUMINISTROS AGROBUREBA, SL
898;NORPETROL LA VEGA
899;NORPETROL LOS CARROS 2
900;VILLALÓN
901;VILLALONQUEJAR
902;LAS TERRAZAS
903;TRIFON
904;FUNDACION AIDA CEPSA
905;NORPETROL ORY
906;BIESA
907;URLAVE
908;CARCEDOIL
909;AN ENERGETICOS - VENTAS DE ARMENTIA
910;A.S. LA ESTACION DE ESPINOSA
911;"BV-CARBURANTES / "" DTO %"""
912;REDSTONE PREMIUM, S.L.
913;TENERGY
914;E.S. LAS BRUJAS - CERNEGULA
915;E.LECLERC
916;BP VIA NORTE
917;ES HERMANOS OLALLA
918;SAN FORMERIO S.COOP.
919;PINAROIL S.L.
920;CORIDU
921;BEROIL, S.L.
922;E.S. BASURTO, S.L.
923;E.S. EBRO
924;TOBALINOIL
925;COOP. ARLANZA
926;E.S.SAIZ
927;E.S. RIVERA
928;ALMAZARA COOPERATIVA SAN ISIDRO
929;MAGNA OIL
930;BP ALMARAZ
931;S. C. L. REGADHIGOS
932;COOPERATIVA SAN SEBASTIAN
933;SCL NTRA.SRA.VISO
934;DST BELVIS
935;GASOLINERA LOS IBORES
936;ALIARA ENERGIA GNV
937;GASOLINERA CAPELLANÍAS
938;GASOLINERA CÁCERES
939;LA PISTA S.L.
940;COOPRADO
941;SAN ROQUE
942;ESTACION DE SERVICIO CASTAÑAR
943;MESILLAS
944;COPAL
945;SOC COOP NTRA SRA DEL PRADO S.C
946;IBERDOEX CHIPI
947;BATAN
948;ACEITUNERA GRANADILLA
949;   PETROL STATION
950;POCITO
951;CARBURANTES COOLOSAR
952;E.S. COMARCA DE LA VERA
953;SOC. COOP. LTDA. DEL CAMPO SAN JUAN
954;FUEL EXTREM MALPA
955;COOP. NTRA SRA DEL PRADO S.C
956;MOMO OIL
957;SAN ISIDRO DE MIAJADAS SCL
958;SEDIMACAR, SL
959;12126
960;TRANSTELLO S.L.
961;ESTACION 24H. MIAJADAS LOGISTICA Y TRANSPORTES SL
962;GRANAOIL
963;E.S. LA CENTRAL
964;GRUPO CRIADO
965;COOPERATIVA VIRGEN DE FATIMA
966;CARBURANTES CAMPO ARAÑUELO S.L.
967;FYDEMSA
968;SOCIEDAD COOPERATIVA SAN MIGUEL ARCANGEL
969;ESTACION SERVICIO NTRA SRA DE LA BLANCA
970;BP LAS HURDES
971;COOP. SAN JOSE
972;BP E.S. LAS CIGÜEÑAS
973;SOC. COOP. Nª SRA. ARGAMASA
974;SAT TAB
975;SDAD COOP SAN LUCAS DEL TORNO
976;COPRECA
977;AGRUPACION COOP. VALLE DEL JERTE
978;COOP. EL PEDROSO
979;BP ALCALA DE LOS GAZULES
980;CLC CALIDAD LOW COST
981;BFUEL ALGECIRAS
982;FRII
983;BP EL RINCONCILLO
984;LA CALLE DEL MOTOR
985;S.C.A. NTRA. SRA. ROSARIO
986;GARRUCHO
987;ARGOMAR
988;BP OIL ESPAÑA S.A.
989;E.S. SHELL LA FRONTERA
990;ES EL PERAL
991;BP LA MONTERA
992;E.S. EL FRESNO
993;GAFISUR PALMONES
994;E.S. SANTA ANA DE LA JANDA
995;E.S.BENALUP
996;E.S NTRA SRA DEL ROSARIO
997;HEMEGAS
998;BP LA PEÑITA DE CADIZ
999;PETROL & GO 
1000;CLC
1001;SUMINISTROS MAZO
1002;BP CARRANZA
1003;RADIOTAXI
1004;BP CADIZ
1005;E.S. LA ALMORAIMA
1006;PETROPRIX CHICLANA
1007;EASYFUEL
1008;BP LA BAHIA
1009;BP EL FLORIN
1010;LAVAOIL
1011;BP URBISUR
1012;ESC
1013;COOPERATIVA AGRÍCOLA SAN PATRICIO DE CONIL
1014;PETROLIA
1015;CENTRO DE LAVADO LA ZORRERA SL
1016;SCA. NTRA. SRA. DE LAS VIRTUDES
1017;GARRUCHO ESPERA
1018;GACOSUR JEREZ
1019;ECONOIL
1020;REPSOL-COOP. SAN DIONISIO
1021;BP AP4 CUADREJON JEREZ
1022;SEROIL ENERGY 
1023;BP AP4 CUADREJON SEVILLA
1024;CNJ
1025;COOPERATIVA LA FLORIDA
1026;LA SEMBRADORA
1027;COOPERATIVA JOSE ANTONIO
1028;JIMENOIL
1029;E.S.CAMPO DE GIBRALTAR
1030;ES COLOSO
1031;Q8EASY
1032;SP
1033;BP LA VICTORIA
1034;BP PUERTO STA. MARIA
1035;PETROL & GO PUERTO DE SANTA MARIA 
1036;ENI
1037;BP LAS SALINAS
1038;E.S. LA LONJA
1039;ASC CARBURANTES
1040;PETROL & GO (TRES CAMINOS)
1041;E.S. TRES CAMINOS
1042;BP ROTA
1043;CAMPO DE ROTA, S.C.A.
1044;LAS MARISMAS DE ROTA (L.M.R.)
1045;BP SAN FERNANDO
1046;PETROPRIX S. FERNANDO
1047;BP CALLE REAL
1048;ROJO
1049;EUCONSA - SELPE
1050;CODES
1051;BFUEL CAMPAMENTO
1052;U.S. TORREGUADIARO
1053;PETROL & GO
1054;BP SANLUCAR AVENIDA
1055;U.S. COOPERATIVA VIRGEN DE LA CARIDAD
1056;E.S. REYCA - AGLA
1057;EESS NTRA SRA DE LOS MILAGROS
1058;BP BONANZA
1059;S.C.A. FRUSANA
1060;0
1061;EL AGRO S C A
1062;TARIFA OIL
1063;WINDFUEL TARIFA LOW COST
1064;TARIFUEL
1065;PETROLIFEROS DE TAHIVILLA
1066;E.S EL BARRIAL S.L
1067;GO UBRIQUE
1068;DP
1069;"""BP"""
1070;CODISAL
1071;PISTOIL VEJER 
1072;GACOSUR VILLAMARTIN
1073;E.S. CARBURANTES DE ARNUERO S.L.
1074;AREA DE SERVICIO LA PALMERA
1075;12241
1076;REDETRANS
1077;BP CASTRO URDIALES
1078;E.S. ISLARES S.L.
1079;ESTACION DE SERVICIO LIEBANA S.L
1080;COOPERATIVA RUISEÑADA
1081;E.S. MARJA
1082;E.S. SOMAHOZ
1083;TALLERES Y SERVICIOS VILLEGAR
1084;VALLE DE LIENDO
1085;AREA DE SERVICIO PAMANES
1086;PETROLEOS DE CUDEYO
1087;AGROCANTABRIA
1088;BP POLANCO
1089;AREA DE SERVICIO URAL
1090;BP LA OLA MARINA
1091;EXPOMARINA
1092;PETROPRIX BEZANA
1093;E.S. ARGOMILLA
1094;GASOLINERA ALISAL
1095;EESSMAS, S.L.
1096;BP MERCASANTANDER
1097;NUEVA ALISAL
1098;RADIO TAXI
1099;CAMPIEZO -AVIA
1100;RUYCOPETROL, S.L.
1101;AREA DE SERVICIO TORRELAVEGA
1102;RUYCO PETROL
1103;COMBUSCAN
1104;E.S. TRECEÑO S.L.
1105;ES FERMAN LIAÑO
1106;COOPNOSTRA
1107;COOP. SAN ISIDRO DE ALCALA
1108;CASTELL XIVERT
1109;L'AREA 
1110;GIAL
1111;L'AREA
1112;BP ALMAZORENSE
1113;LAYTOR
1114;BP ALMAZORA CENTRO
1115;E.S. ALMENARA
1116;LAFUENTE
1117;BÚHO GAS
1118;COOPERATIVA AGRICOLA SAN JAIME
1119;COOP.SAGRADO CORAZON DE ALTURA
1120;COOPERATIVA ATZENETA
1121;GRUPO MAICAS PEIRO
1122;CARCELLER ROYO S.L.
1123;CEEOIL
1124;FM
1125;BENIHORT
1126;EUROFUEL
1127;3GS COMBUSTIBLES 
1128;REPSOL BENICASSIM
1129;BP MONTECASIM MD
1130;COOP. LA UNION DE BENLLOCH
1131;COOPERATIVA DE BETXÍ
1132;CAMPA COOPERATIVA BETXI
1133;SANMARTI
1134;COOP. SAN JOSE DE BURRIANA
1135;CEPSA-GARCIBUR
1136;ALSA Y SERVI OIL LOW COST
1137;COOPERATIVA CABANES
1138;EESS DE CABANES 40 PIES 
1139;LA RIBERA DE CABANES
1140;FACE PETROLEUM
1141;BP RONDA SUR
1142;BP RIU SEC
1143;BENCINAS BORRIOL
1144;MONFORT
1145;BP CASTELLO
1146;AUTOIL
1147;COOPERATIVA SAN ISIDRO DE CASTELLON
1148;BP RONDA NORTE
1149;BP VEHICLES
1150;BP FADRELL
1151;BP ESTAGRAO
1152;SEROIL ENERGY
1153;MASOIL
1154;BENCINAS MESTRETS
1155;AMERICAN PETROL
1156;COOPERATIVA AGRARIA SAN ISIDRO DE CUEVAS DE VINROMA
1157;E.S.MIBECOSL
1158;E.S. BALMAPA
1159;COOP. DIVINA PASTORA DE JERICA
1160;LUCENA
1161;RURALMONCOFA COOP.V.
1162;CARBURANTES COOPERATIVOS
1163;BP MONCOFAR
1164;CARLA
1165;E.S. LA MURALLA 
1166;COOPERATIVA SANT JOSEP
1167;CST OIL
1168;ONDAMITA OIL
1169;RALLO
1170;TRANSPORTES TRAVILL, S.L.
1171;AM CARGO
1172;TRAVOLCAS (TRAVOLPOWER)
1173;VCC OROPESA
1174;AUTOIL OROPESA 
1175;VCC PEÑISCOLA
1176;ANDRASOIL GASOLINERA 24 HORAS
1177;COOP.SAN JUAN DE SAN JUAN DE MORO
1178;BP PASCUAL Y ROCA S.L.
1179;ES ZARAGOZA
1180;LA POSTA
1181;GEST
1182;COOPERATIVA SAN JOSE DE LOS IBARZOS
1183;COOP. Nª Sª DE LA ASUNCION DE SONEJA
1184;TRANSPORTES RODOLFO Y VENTURA
1185;COOPERATIVA SAN ISIDRO DE TORREBLANCA
1186;COOPERATIVA EL PROGRESO DE TRAIGUERA
1187;COOP. AGRARIA SAN ISIDRO DE VALL D'ALBA, COOP.V.
1188;COOP. ISIDRO LA VALL
1189;VCC LA VALL
1190;AUTOIL LA VALL
1191;BP VALL D'UXO
1192;BP EL PONT
1193;RANDERO
1194;COOP. SAN ISIDRO DE VILAFAMES
1195;COOP. AGRICOLA SANT BARTOMEU DE VILANOVA D'ALCOLEA
1196;BP VILLAREAL
1197;COOPERATIVA CATOLICO AGRARIA COOP.V.
1198;RED CAR OIL
1199;COOPERATIVA AGRICOLA SANT JOSEP
1200;AUTOIL VINARÓS
1201;SIMPLY
1202;COOPERATIVA DE VIVER
1203;SHELL MUELLE DATO
1204;ON365
1205;SHELL PUNTA ALMINA
1206;SHELL CATENA
1207;DISA VARADERO
1208;DISA PUERTO
1209;COOP.ENCARNACION
1210;UNIÓN SANTIAGO Y SAN MIGUEL S. COOP. DE C-LM
1211;CBOIL
1212;MACMAOIL
1213;GAS SOLIS
1214;COOPERATIVA AGRICOLA SAN JORGE MARTIR
1215;GAMBA OIL
1216;HGOIL
1217;EL CRISTO 
1218;TEB GASOLINERA 24/7 
1219;ENERGIAS AF
1220;E.S. SAN GREGORIO
1221;COVICAR
1222;VIRGEN DE LAS VIÑAS
1223;SAN BERNABE
1224;REPSOL E.S.MILA HERMANOS REDONDO S.L.
1225;MANCHA CENTRO
1226;COOP NTRA SRA PEÑARROYA
1227;COOPERATIVA NTRA.SRA. DEL SOCORRO
1228;GASOLEOSJUCO
1229;TRADILO INVERSIONES SL
1230;COOVIMAG
1231;E.S.MAZ
1232;CARBURANTES BOLAÑOS S.L.
1233;UNIDAD DE SERVICIO
1234;GALP LA JUNQUERA
1235;P G E HIJOS
1236;VARIOS
1237;COMBUSTIBLES CRIPTANA,SL
1238;TRAVESA
1239;GALP DISTRIBUCION OIL ESPAÑA, S.A.U.
1240;COMATRA
1241;ELECTROMONTAJES CRIPTANA S.L.
1242;BODEGAS SIMBOLO, SDAD. COOP. DE C-LM NTRA. SRA. DE CRIPTANA
1243;MONTES NORTE ENERGETICOS, S.L.
1244;COOP. DE CASTELLAR DE SANTIAGO DE 2º GRADO DE C-LM
1245;EE SS PUENTE DEL AVE
1246;NATURGY ES CIUDAD REAL
1247;SIS CARBURANTES
1248;URBAN OIL
1249;SHELL CARRION
1250;LA LOMA
1251;COOPERATIVA COZAR DE LA SIERRA
1252;COOP. LOS POZOS
1253;GRUPO LOGISTICO CODAITRANS
1254;WETROAD
1255;GRUPO TRANSLOGISTICA
1256;GASOLEO
1257;CARBURANTES QUEVEDO
1258;SOCIEDAD COOPERATIVA AGRARIA EL SANTO CRISTO S. COOP. DE C-LM
1259;LOS DONCELES ENERGY
1260;VITIVINICOLA SAN JOSE
1261;DELFINCARFUEL
1262;OLEOVINICOLA LABOREÑA SDAD COOP DE C-LM
1263;COOP. LOS LLANOS
1264;DISTROIL GASOLINERA
1265;AUTOLAVADOS Y CARBURANTES ALSE SL
1266;JESÚS DEL PERDÓN BODEGAS YUNTERO S. COOP. DE C-LM
1267;E.S. EL CRUCE
1268;RODEROIL
1269;GALÁN DE MEMBRILLA
1270;GALAN DE MEMBRILLA
1271;GRUPO CACHO - CEPSA
1272;CASTILLO DE MONTIEL
1273;EE.SS VALLE PIQUERAS
1274;SDAD. COOP. SANTIAGO APOSTOL
1275;SUMNISTROS AGRICOLAS DE PEDRO MUÑOZ S. COOP. DE C-LM
1276;GP ENERGIA
1277;COOPERATIVA SAN PANTALEON
1278;COOPERATIVA NTRA SRA DE LOS SANTOS
1279;DURAMAX
1280;E.S. LOGAFUELL
1281;PETROL RED
1282;J.UTRILLA
1283;EL ROBLEDO
1284;SAT LOS POCICOS
1285;ESTACION DE CARBURANTES SAN BARTOLOME APOSTOL
1286;TRANSLOGISTICA MARIN SA
1287;CH2M
1288;OLIVARERA DE SOCUELLAMOS, S.COOP. DE C-LM
1289;TRANSPORTES FELIX E HIJOS, S.L.
1290;CARBURANTES LOS SEÑORITOS SL
1291;4572
1292;GALANES OIL
1293;E.S.STO.DOMINGO DE GUZMAN
1294;SERTYMAN
1295;ES
1296;EASY FUEL
1297;STOP OIL
1298;BRISA CENTRO DE LAVADO SL
1299;COTRATO
1300;CENTRO DE LA VEGA
1301;CARBURANTES PANIVERDE SL
1302;TENGO!!
1303;ESAP LA PARÁ ROCIERA
1304;E.E.S.S. MIRA
1305;E.S. MIRA
1306;HAFESA OIL
1307;MELLADO
1308;VALDETRANS SOCIEDAD COOPERATIVA DE CLM
1309;SIS CARBURANTES 
1310;ATENOIL
1311;MLC
1312;CHM
1313;S.C.A. SAN JOSE
1314;MONTES NORTE ENERGETICOS S.L.
1315;SAN ISIDRO LABRADOR S. COOP. DE C-LM
1316;NTRA. SRA. ANTIGUA
1317;E.S. VADILLO
1318;EL RUBIAL SOC. COOP.
1319;VILLA RUBEUM,S.L.
1320;CEPSA-TARAY
1321;COOP. NTRA. SRA. DE LA PAZ
1322;VIRGEN DEL VALLE
1323;COOP. AGRICOLA NTRA. MADRE DEL SOL (DCOOP)
1324;S.C.A.OLIVARERA JESUS NAZARENO
1325;GEDS
1326;PUERTA LOS PEDROCHES
1327;R.R. ESTACION DE SERVICIO
1328;FITO
1329;ENERQUIVIR{ SOTILLO BAJO{
1330;CAJILON
1331;OLIVARERA NTRA. SRA. DE GUADALUPE
1332;COOPERATIVA GERMAN BAENA
1333;ESTACION DE SERVICIO EL SALADILLO
1334;OLIVARERA NTRA. SRA. DE GUADALUPE S.C.A
1335;SCA DE LABRADORES Y GANADEROS
1336;SCA.ALCANTARILLA
1337;ENERPLUS
1338;AREA117
1339;MOTOLUX
1340;SDAD. COOP. OLIV. JESUS NAZARENO
1341;FUEL-ENERGY
1342;ALMAZARAS DE LA SUBBETICA
1343;FC GO
1344;FC PETROLEOS
1345;COOPERATIVA OLIVARERA VIRGEN DE LA SIERRA DE CABRA S.C.A.
1346;COOPERATIVA VIRGEN DEL CAMPO
1347;ES TADISUR 
1348;LA LAGUNILLA
1349;E.S. LA CARLOTA
1350;LA CHICA
1351;EL EMPALME
1352;RIOSOL
1353;AGRO DIESEL 10E
1354;PETROIL ENERGY GRANADAL
1355;AUTACOR
1356;E.S. EL GRANADAL
1357;COTRANCO
1358;PETROIL ENERGY ACCION
1359;CARBURANTES PREMIUM
1360;E.S. GESTINCO CARDADOR 
1361;ESTACIÓN DE SERVICIO EL CRUCE DE SANTA MARÍA DE TRASSIERRA
1362;TRANSPORTES SIERRA MORENA, SCA
1363;LA LANCHA
1364;BP LAS VEGAS
1365;PETROIL ENERGY AZAHARA
1366;PETROIL ENERGY LA GRANJA
1367;BP AEROPUERTO
1368;E.S. LAS CUEVAS
1369;PETROIL ENERGY TORRECILLA
1370;COOP. OLIV. N. S. CONSOLACION
1371;COOPERATIVA ENCINAS REALES
1372;COOP. OLIVARERA SAN ISIDRO
1373;ALMAZARA SAN BARTOLOME
1374;VIRGEN DE LA OLIVA S.A.T.
1375;ABEN-CALEZ
1376;SANTA MARINA
1377;RSPETROL 
1378;SANTIAGO
1379;AGROBORJA
1380;OLIVARERA NTRA.SRA.DEL CARMEN
1381;FAST FUEL HINOJOSA
1382;COOPERATIVA DE IZNAJAR
1383;S.C.A. OLIV. NTRA. SRA. DE LA PIEDAD
1384;BP LAS TRES PROVINCIAS
1385;HISPANIA DE CARBURANTES
1386;FUELING
1387;BP LOS BOMBEROS
1388;COOPERATIVA LUCENA
1389;COOPERATIVA ARACELI
1390;BQP FUEL
1391;ALMAZARA DE LUQUE S.C.A
1392;SAN ACACIO Y AUSUNCION SCA
1393;PETROGLOP
1394;Q-H FUEL
1395;COOP. AGRICOLA LA AURORA, S.C.A.
1396;ESTACIÓN DE SERVICIO ARANDA
1397;EL POLIGONO
1398;SANTO CRISTO
1399;S.C.A.NTRA SRA DEL ROSARIO
1400;COOPERATIVA DEL CAMPO SAN ANTONIO ABAD SCA
1401;COARE
1402;SIN IMAGEN
1403;BP PALMA DEL RIO
1404;HRUIZ
1405;BP PEDRO ABAD
1406;AGROPECUARIA DE PEDROCHE
1407;RS PETROL
1408;GPB
1409;SECSA
1410;EL CARMEN
1411;COVIDESA
1412;E.S. Mª AUXILIADORA
1413;COOPERATIVA OLIVARERA LOS PEDROCHES
1414;PRODENERGY
1415;PETROVAP
1416;COTRAVALLE
1417;S.C.A.OLIVARERA LA PURISIMA
1418;E.S. LA MILANA  AGLA
1419;E.S. LOS LLANOS AGLA
1420;ENERGY LA VARIANTE
1421;SCA OLIVARERA PONTANENSE
1422;PETROMARKT
1423;PETROSOL
1424;M3 PETROLEOS
1425;MINIOIL
1426;MIRASIERRA
1427;COOPERATIVA RUTE
1428;F.DEL MORAL
1429;SCA OLIVARERA SAN JOSE
1430;COOPERATIVA OLIVARERA SAN SEBASTIAN
1431;S.C.A. OLIVARERA C. NTRA. SRA. DEL VALLE
1432;E.S.NTRA . SÑRA. DEL ROSARIO.
1433;S.C.A. VIRGEN DE LA TORRE
1434;SUYLAVIR
1435;COVAP
1436;SDAD.COOP.OLIVARERA NUESTRA SEÑORA DE LUNA
1437;OLIVARERA SANTIAGO APOSTOL
1438;GSM
1439;CLUN
1440;E.S. LA HERMIDA
1441;CARBUGAL SABÓN
1442;CARBUGAL MEICENDE
1443;E.S.TEIRABOA
1444;PETROCASH POL. IND. DE BERGONDO
1445;CARBUGAL CORTIÑAN
1446;SERVICIOS POLIGONO PIADELA
1447;PETROCASH BETANZOS
1448;ESTACION DE SERVICIO PIADELA FASE III
1449;CORREDOIRAS
1450;PETROCASH CABO DE CRUZ
1451;GASOLEOS SAN BENITO
1452;GASUMA
1453;CARBUGAL LARAXE
1454;PETROCASH CAMBRE
1455;SUPERFUEL
1456;CETANOIL
1457;ESTACION DE SERVICIO SIGRAS
1458;MINGACHO OIL
1459;CARBUGAL CARBALLO
1460;CEPSA RUS 
1461;ORTEGAL OIL
1462;ESTACION DE SERVICIO TABEAIO
1463;ESTACION DE SERVICIO A TRABE
1464;CARBUGAL CEE
1465;LOW COST REPOST
1466;BP - COIROS
1467;DIGANA
1468;MAREXADA OIL
1469;CARBUGAL A GRELA
1470;CARBUGAL COLISEUM
1471;MIRAMAR OIL
1472;SBC
1473;PETROCASH BENS
1474;PETROPRIX POCOMACO
1475;CARBUGAL ALVEDRO
1476;DISA
1477;VALCARCE - E.S. TISCO
1478;HAM VILAR DO COLO
1479;ALCAMPO FERROL
1480;LOW COST ATENDIDO O CORGO
1481;E.S VIDUEIROS
1482;CERQUEDA SL
1483;YETHI
1484;FUEL Y FURIOSO
1485;LA GALLADA
1486;PETROCASH
1487;TRANSPORTES ALMACENES TRANSITARIOS,S.A.
1488;SBC 
1489;PETROCASH NARON (POL. GÁNDARA)
1490;E.S. SANTA RITA
1491;ESTACION DE SERVICIO O VAL
1492;BARCIA
1493;AGRARIA COMARCAL ORDES SCG
1494;ESTACION DE SERVICIO ORDES
1495;E.S. OZAGAS
1496;EL PLANTEL
1497;E.S. PEDRON
1498;COMBUSTIBLES RIO EUME
1499;CC OIL
1500;ESTACION DE SERVICIO PENA DE MALATE
1501;AGRO DO FORNO
1502;PETROCASH SADA
1503;PETROCASH OSEDO
1504;GRUPO PENA
1505;E.S. MUIÑO GRANDE
1506;E.S. CABREIRA
1507;LAG XALLAS
1508;MANZANEDA - SIONLLA
1509;CARBUGAL SANTIAGO
1510;GALP&GO
1511;STAROIL
1512;NATURGY - SANTIAGO COMPOSTELA
1513;LA CARABELA
1514;GV OIL
1515;LAG SIGÜEIRO
1516;EESSBENZA
1517;MYG GASOLEOS
1518;E.S. VILABOA
1519;PONTEULLA
1520;CAR OIL
1521;PLUS-24
1522;AGRICOLA LA CEPA SDAD. COOP. DE CLM
1523;SAN ISIDRO LABRADOR SOC. COOP. DE CLM
1524;GRUPO BARAMBIO
1525;S. ANDRES APOSTOL SOCIEDAD COOP. DE C-LM
1526;PLATINUM GASOLINERA 24 HORAS 
1527;NOALLES Y BALANZA 
1528;CUERDA S.L.
1529;UNION DE GANADEROS CONQUENSES S. COOP. DE C-LM
1530;CAÑETE
1531;REAL CONTRERAS E HIJOS, S.L.
1532;ESTACION DE SERVICIO CARDENETE
1533;AGRO-OIL
1534;E.S. LA CUESTA
1535;PURISIMA CONCEPCION, S. COOP. DE C-LM
1536;LA MAGDALENA S. COOP. DE C-LM
1537;S.COOP. DELCAMPO LA CANDELARIA
1538;SAN ISIDRO SDAD. COOPERATIVA DE CLM
1539;LAPEÑA MORATALLA, S.L.
1540;U.S. ESCOBAR RUIZ
1541;CASTIJORGE S. COOP. DE C-LM
1542;LA CANDELARIA DE CERVERA DEL LLANO SDAD. COOP. DE C-LM
1543;HERMANOS NUÑO, S.L.
1544;C.C ALCAMPO
1545;BULL
1546;VITROIL
1547;COOP. NTRA. SRA. SOLEDAD
1548;E.S. VIRGEN DE LA SOLEDAD
1549;COOPERATIVA SAN JORGE
1550;ANDRESOIL
1551;NTRA. SRA DE LA ESTRELLA S. COOP. DE C-LM
1552;LOS COMINARES DE LA HINOJOSA S. COOP. DE C-LM
1553;SAN FERNANDO
1554;AGRICOLA LA CEPA S. COOP. DE C-LM
1555;BP MOYA - HONRUBIA
1556;EL VITOR SOC. COOP. DE C-LM
1557;AGRICOLA HORCAJO MANCHEGA
1558;E.S.HPG
1559;LA CHOPERA SDAD COOP DE C-LM
1560;161100-09363
1561;COINTRANS
1562;FUEN MARIA S. COOP. DE C-LM
1563;INVERSIONES CASTELLANO CANTABRICA, S.L.U.
1564;BODEGAS SIDL, SAN ISIDRO DE LEDAÑA SOC. COOP. DE C-LM
1565;U.S GASOLEOS GUILLEN S.L
1566;S. COOP. AGRARIA SANTO NIÑO DE LA BOLA.
1567;SANTISIMO CRISTO DE LA SALUD,SOC.COOP.DE CLM
1568;GRUPO SERTRANIN
1569;SOC. COOP. S. ANT. ABAD
1570;COOP MONTALBANEJO
1571;ARBA SA
1572;NT.S.DE MANJAVACAS S.COOP DE CLM
1573;LA GAVIOTA GASOLINERA 24 HORAS
1574;LA PALOMAREÑA S. COOP. DE C-LM
1575;SANTA ANA SOC. COOP.
1576;PEDROHERAS E.S.
1577;PEDROGAS S.L. (JULIO CHARCO)
1578;NUESTRA SEÑOA DEL ESPINO S. COOP DE C-LM
1579;BODEGAS CAMPOS REALES
1580;BP MOYA - EL PROVENCIO
1581;ASPERILLA S. COOP. C-LM
1582;"S. COOP. AGRARIA DE C-LM ""SAN ISIDRO"""
1583;E.S.QUINTANAR
1584;SUPEROIL
1585;E.S. VALERO 24 H
1586;SEGOBRICENSE
1587;ESTACIÓN DE SERVICIO SALVACAÑETE
1588;VEN Y VEN OIL
1589;COOPERATIVA DEL CAMPO NTRA SRA DE RUS
1590;SANCLEMENTINA DE TTAS. COOP. CONSUMO
1591;BP SAN CLEMENTE
1592;AGRICOLA SERRA TURIA S. COOP. DE C-LM
1593;"""SAN ISIDRO LABRADOR""SOC.COOP.CLM"
1594;CARBURANTES MUÑOZ PORRAS
1595;N S RIANSARES
1596;T9
1597;EESS ROTONDA
1598;MANZANARES RUIZ
1599;DILAMOR
1600;VIRGEN URBANOS
1601;ASOC AGRI TORRUBIA
1602;AGRICOLA TRESJUNCOS S. COOP. DE C-LM
1603;ALTA ALCARRIA S. COOP. LTDA
1604;VEGA DE TRABAQUE S. COOP. DE C-LM
1605;CRUZ CERRADA S. COOP. DE C-LM
1606;IMPERIO SDAD. COOP. DE CLM
1607;SAN ANTONIO DE PADUA SDAD. COOP. DE C-LM
1608;LA VID Y LA ESPIGA  SOCIEDAD COOP. DE CLM
1609;E.S. VALENCIANO MEDINA
1610;E.S.D VILLANUEVA DE LA JARA
1611;NTRA. SRA. DE LA CABEZA DE VILLAR DE CAÑAS S. COOP. DE C-LM
1612;MATALARA
1613;VILLAREJO PERIESTEBAN S. COOP. DE C-LM
1614;DULCE NOMBRE DE JESUS, SOC. COOP
1615;PASACONSOL S. COOP. DE C-LM
1616;MENDIONDO S.COOP.
1617;2OIL - BI OIL
1618;URKIDE
1619;AVIA-ACITAIN
1620;AVIA-KANTOI
1621;BQ ENERGIES
1622;UREPEL
1623;CEPSA ETXEGARATE
1624;TRANS.O.GUI.COOP.
1625;ELIZATXO-REPSOL
1626;BP IRUN
1627;GACELA
1628;ZABALETA
1629;SACYTRANS
1630;BIDASOIL
1631;ALCAMPO IRUN
1632;TRANSPORTES ZUMALABE, S.L.
1633;NEUMATICOS Y SERVICIOS BEHOBIA, S.A.
1634;GASOLEOA
1635;MERKAOIL
1636;INSAUSTI
1637;GEXA
1638;BP OLABERRIA
1639;COOPERATIVA DE TRANSPORTES DEL PUERTO DE PASAJES
1640;LOW COST EUSKADI - URRETXU
1641;ALKARTASUNA USURBILGO BASERRITARREN KOOPERATIBA
1642;E.S. ZESTOA-AVIA
1643;E.S.AVINYONET
1644;POSTE DE MATA
1645;"""BP""BEGUR"
1646;FULL  ENERGY BELLCAIRE D'EMPORDA
1647;BP SANTA ANA
1648;ES MALAVELLA
1649;PETROSERVICE
1650;RABELL
1651;ANEUOIL
1652;BENZINERA CASSÀ DE LA SELVA
1653;E.S.MEX
1654;COOPERATIVA AGRÍCOLA DE CASTELLÓ D'EMPÚRIES
1655;EPSILON PLUS 
1656;BP PLATJA D'ARO
1657;CERVIA OIL
1658;REPSOL L'ESCALA
1659;GADCAR
1660;EMPURIES OILS L'ESCALA
1661;AVANZA OIL FIGUERES
1662;PETREM
1663;PETROFIGUERES NF
1664;SERVICO
1665;AVELLANEDA OIL 1
1666;BP LA CREUETA
1667;AVELLANEDA OIL 2
1668;MIFASCET,SLU
1669;AND GO
1670;"ANDAMUR ""LA JONQUERA"""
1671;TRAMUNTANA
1672;DYNEFF 
1673;EUROWAG FIGUERES
1674;ANDAMUR
1675;GECKOIL
1676;MDIESEL
1677;PETROLIS
1678;BP VULCANO
1679;"""BP""PROPERLY, S.A."
1680;ZONA ZERO
1681;SERVIOIL
1682;GM OIL PALAMÓS
1683;PETROESTANY
1684;CALSINA CARRE
1685;SERGASA
1686;AUTOSERVEI PUIGCERDÀ 
1687;PETROSELVA
1688;BP SALT
1689;E.S.GUILLERIES,S.L.
1690;PANAWAY ROAD
1691;ENCO SANT JORDI
1692;BP J. LLAVARI SANTA COLOMA DE FARNERS
1693;RIU D'OR
1694;SYM SARRIA
1695;NATURGY SARRIA DE TER - GIRONA
1696;EMPÚRIES OILS SAUS
1697;BP HOSTAL DE LA SELVA
1698;E.S. TOSSA DE MAR
1699;PETREM VALL DE BIANYA
1700;PETREM VALL D'EN BAS
1701;FLUID
1702;FULL ENERGY - VILADAMAT
1703;NOUTRANSPORT
1704;GLOBALTANK
1705;LANJATRANS
1706;BP JUNCARIL
1707;JUNCADIESEL
1708;LOW COST TIBURONOIL
1709;ANDALUZA DE TRANSPORTES SCA
1710;GASOLINERA
1711;GASOLINERA GRANADA LA PALMA S.COOP.AND
1712;SAN SEBASTIAN DE ALFACAR S.C.A
1713;BP ALFACAR
1714;ACEITES ALGARINEJO SCA
1715;S. COOP. AND. AGRÍCOLA LOS TAJOS
1716;E.S.EL MOLINO ALHENDIN
1717;REPSOL ALHENDIN-OTURA
1718;BP ESSA
1719;GRANASOL SAN PABLO
1720;E.S. EL MOLINO ATARFE DOS
1721;E.S. PETRONACHIL - LOS ALAMOS
1722;E.S. EL MOLINO ATARFE I
1723;CARBA
1724;E.S MINIOIL 
1725;BP BAZA
1726;EE SS. VENTA DEL SOL CEPSA
1727;E.S. MIRASIERRA
1728;SAN SEBASTIAN
1729;BP CUBILLAS
1730;EE SS LOS CARRASQUILLAS
1731; AGLA
1732;CASTRIL
1733;BP E.S.LAVEGA DE CENES, S.L.
1734;BP MARINETTO CHAUCHINA
1735;CHURRIANA DE LA VEGA
1736;BP ZONA DE SERVICOS EL MOLINO
1737;COMBUSTIBLES CHT CIJUELA
1738;SAN ANTONIO S.COOP. AND.
1739;NTRA SRA DEL PILAR SCA
1740;LA ESPERANZA DEL CAMPO, SCDA. COOP. ANDALUZA
1741;BP VENTA DEL PERAL I
1742;AGRO-OLIVARERA NTRA. SRA. DE LA CABEZA, S. C. A.
1743; BP VENTA DEL PERAL II
1744;A.AGUAZA
1745;GASOLINERA EL MARGEN
1746;LOS VILLARES
1747;ES.LA NARANJA
1748;SAN ISIDRO S.C.A
1749;E.S. VALLE ZAHOR
1750;BP SAN BLAS
1751;AM PLUS
1752; LAS GABIAS
1753;E. S. SAN JOSÉ
1754;GOR
1755;NATURGY ES GRANADA-PETROL&GO
1756;BP AUTOPISTA GRANADA
1757;ASOCIACION GREMIAL TAXI GRANADA
1758;SAN LAZARO
1759;BP ESTACIÓN DE SERVICIO PUERTA GUADIX
1760;BP SIERRA NEVADA
1761;BP ESTACIÓN DE SERVICIO GUADIX SUR
1762;FENIX OIL
1763;EL GRUPO SCA
1764;EESS GASOLEOS FERRER S.L
1765;SAN LAZARO GUEVEJAR
1766;EGEA HUESCAR
1767;96053
1768;COMBUSTIBLES GOMEZ
1769;CENTRO SUR
1770;COSAFRA
1771;LA VEGA
1772;BP HUETOR TAJAR
1773;CHT
1774;BP RIO MONACHIL
1775;MC
1776;VARAILA DE DOMINGO PÉREZ, S.C.A.
1777;E.S. LOS PAROMALEJOS,S.L.
1778;OLIJAYENA
1779;BP AUTO-GREEN (JUN)
1780;VALCARCE 
1781;E.S. LEMANS
1782;BP MIRADOR
1783;AGLA SAN FRANCISCO
1784;BP MANZANIL
1785;SAN ISIDRO SCA
1786;CAMPOAGRO OLIVARERA
1787;COMB.QUINTANA QUINTANA
1788;E.S. VILLASOL
1789;BP MARACENA
1790;E.S. EL MOLINO MARACENA
1791;SHELL PUERTO LOPE
1792;E.S MOLVIZAR, S.L
1793;COOPERATIVA SAN FRANCISCO DE ASIS DE MONTEFRIO
1794;SCA VIRGEN DE LA CABEZA DE MONTEJICAR
1795;ALMAZARA MONTILLANA
1796;ALCAMPO MOTRIL
1797;BP MOTRIL
1798;SMART OIL 
1799;E.S. CAMPSA
1800;COMOTRANS
1801;BP RUDISA PUERTO 
1802;GASOLINERA GRANADA LA PALMA
1803;SAT LA CAÑA
1804;ESTACIÓN DE SERVICIO NIGÜELAS, S.L. 
1805;E.S. OGICAÑAS 
1806;BP OGIPLATA
1807;E.S. GRANASOL 
1808;SUMINISTROS SAN ANTON
1809;CEPSA  - E.S. ÓRGIVA
1810;BP E.S. ALPUJARRA
1811;BP SUSPIRO DEL MORO
1812;MINIOIL OTURA
1813;E.S MIRADOR DE POQUEIRA
1814;SUR-OIL
1815;TAKI-OIL
1816;LUBRICANTES MARTIN
1817;AREA DE SERVICOIO DE LA PEZA
1818;SANTA MONICA
1819;ES AIRPORT GRUPO CARIÑO
1820;AM97 PLUS S.L.
1821;E.S. PORTUGOS
1822;BP PULIANAS
1823;SANTA ANA
1824;SPS
1825;BP SALOBREÑA
1826;AUTSERVICIO LAS GALESAS S.L.
1827;AIRPORT GRANADA
1828;E.S. PETRONACHIL
1829;BP LA ALPUJARRA-UGIJAR
1830;TEMPLEOLIVA S.C.A.
1831;BP ISRECE A 44
1832;E.S JESMAR
1833;TRES MARIAS
1834;SAN LORENZO SCA
1835;BP LA ZUBIA
1836;BP LA RIOLA
1837;GAIA
1838;ANAYA SL
1839;ALAMEDA
1840;DST CABANILLAS
1841;BP-PAR 72
1842;ATA
1843;AREA DE SERVICIO A2 BP CABANILLAS 365
1844;SDAD COOP CAMPILLO DE DUEÑAS
1845;E.S. LA RURAL
1846;ASOC. AGRIC. Y GANA. CUBILLO DE UCEDA
1847;SIMON GRUP
1848;BP ALTO CAMPOO
1849;ALAMEDA EXPRESS AREA
1850;E.S.LA FONTANA
1851;ALAMEDA EXPRESS
1852;BP GUADALAJARA
1853;ASOCIACION LOCAL DE AGRICULTORES Y GANADEROS DE MARCHAMALO
1854;LOS ANGELES
1855;PETTRAN-OIL AREA LA TORRE
1856;AREA 117
1857;HAM TORREMOCHA
1858;BP FUENTECILLA I
1859;BP GANZO
1860;SUMINISTROS YUNQUERA SOCIEDAD COOPERATIVA DE CASTILLA LAMANCHA
1861;E.S PUERTA DOÑANA 2
1862;BP CANALIEGA
1863;ASB ENERGIA
1864;GESGASOLEO
1865;BTP
1866;DEOIL
1867;COOPERATIVA CORCHERA
1868;SUTACON
1869;BONAFRU
1870;SCAI SAN CRISTÓBAL
1871;CARTAYFRES
1872;E.S. LA CARRASCA
1873;NTRA.SRA. DE LA ESTRELLA,S.C.A
1874;GASOLIVIA
1875;JUCOFUEL
1876;ENCINAFUEL
1877;E.S.CAMPO DE TEJADA
1878;NUESTRA SEÑORA DE LA OLIVA S.C.A.
1879;HIGUEROIL
1880;GAS AUTO
1881;TYCSA AQUALON
1882;TYCSA
1883;COMBUSTIBLES Y LUBRICANTES LA NICOBA, S.L.
1884;TYCSA TRAFICO PESADO
1885;TYCSA RONDA NORTE
1886;CH
1887;VIBE CARBURANTES
1888;PRIMAFRIO
1889;VIBE-CARBURANTES
1890;COBELLA
1891;E.S.MARINA SUR 
1892;COSTAOIL
1893;AGD
1894;CUNA DE PLATERO
1895;SAT LTDA GRUFESA
1896;MOGUEROIL
1897;PLATERO
1898;ESTACION DE SERVICIO LA FONTANILLA
1899;FRESON DE PALOS
1900;OLIPATERNA
1901;PATEROIL
1902;S.C.A. CAMPO DE PATERNA
1903;E.S.NTRA.SRA.DE LA PEÑA
1904;SAT CONDADO
1905;VIRSUR
1906;FRESAFLOR, S.C.A.
1907;VALLE ANCHO
1908;COLOSO
1909;GONDELCU
1910;SUMALCA
1911;S.C.A ARROYO GRANDE
1912;CIUDAD DEL CARMEN S.C.A.
1913;E.S. LA CRUZ DEL GALLO
1914;SUMAROIL
1915;SECADERO SANTIAGO ALBERO BAJO
1916;SCA DE ALCAMPELL
1917;COOPERATIVA OSCA
1918;SC SIERRA DE ALCUBIERRE
1919;VIRGEN DE LA CORONA
1920;ESTACION DE SERVICIO 
1921;CSC
1922;COOPERATIVA TRANSPIRENAICA, S.C.L.
1923;COOP. CAMPO S. ISIDRO
1924;ESTACION SERVICIO BONET SL
1925;LABOIL, S.L.
1926;E.S.BELLAVISTA
1927;SHOP AREA BENAS
1928;COOP. SAN MARCOS
1929;CENTRO DE SERVICIOS AGRICOLAS, S.A.
1930;MAZANA
1931;COOPERATIVA LA MENORCA
1932;MAZANA OIL
1933;CEPSA-E.S.JAIME I
1934;AGROPIENSO
1935;COOP. SAN LORENZO
1936;REPSOL  
1937;COOP.FONZ
1938;AREA DEL BAJO CINCA
1939;MONTLLOBE, S.A.
1940;BP AP2 FRAGA (MI)
1941;AGROPECUARIA
1942;BP AP2 FRAGA (MD)
1943;EL GRADO ESTACION DE SERVICIO
1944;SECADERO SANTIAGO
1945;SAT 3068 
1946;HIPER-OIL
1947;E.S. SAN NICOLAS
1948;ESTACION SERVICIO MUNICIPAL
1949;LABOIL
1950;EXIBOX
1951;DIP ENERGY
1952;HIPER OIL
1953;ESTACION DE SERVICIO RV
1954;AN ENERGÉTICOS - LANAJA
1955;AUTOTRANSPORTES MONZON
1956;ORANGUTAN
1957;COOP.  LAS ONTINAS
1958;REPSOL-E.S.JAIME I
1959;COOPERATIVA LA VALCUERNA
1960;ESTACIÓN DE SERVICIO PERALTA DE ALCOFEA
1961;RUTA SABIÑANIGO 29
1962;AN ENERGETICOS S.L. - CEREALES RAMIRO GRUAS
1963;S.C.L.AGRICOLA DE BARBASTRO
1964;SANTALECINAGANADERA
1965;COMBUSTIBLES  MONEGROS, S.L.
1966;MAZANA 
1967;VSA SOCIEDAD COOPERATIVA LIMITADA
1968;E.S.SIBIERRE
1969;COMBUSTIBLES MONEGROS S.L
1970;S.C.A. NTRA SRA DE LA ASUNCION
1971;SAN ANTONIO
1972;23ESO68F
1973;GCL
1974;S.C.A. LA BOBADILLA
1975;SCA NTRA SRA DE LOS REMEDIOS
1976;EL BALCON DE ANDALUCIA
1977;E.S. ILITURGI
1978;SURAOIL 
1979;E.S. VEGAS DE TRIANA
1980;E.S. EUROPA
1981;COOPERATIVA SAN ROQUE S.C.A.
1982;POZONUEVO
1983;COOPERATIVA EL ALCAZAR
1984;OLEICOLA JAEN S.A.
1985;S. COOP. AND. SAN FELIPE APOSTOL
1986;BP BAEZA-SAN GONZALO
1987;OLEICOLA BAEZA
1988;PICUALIA
1989;ABADES BAILEN
1990;AREA DE SERVICIO EL DELFIN
1991;"S.C.A. ""JESÚS DEL CAMINO"""
1992;SEGUROIL
1993;SDAD. COOP. AND. ACEITERA LA BEDMARENSE
1994;AGLA-ES VIRGEN DE CUADROS
1995;GASOLIVA
1996;"E.S. ""SANTIAGO APÓSTOL"""
1997;S.C.A. UNIÓN OLEÍCOLA CAMBIL 
1998;S.C.A. NTRA. SRA. DE LA CABEZA
1999;COOPERATIVA SAN ISIDRO
2000;S. COOP. AND. SAN ROQUE DE CARCHELEJO
2001;ORELLANA PERDIZ
2002;GASOLWIN
2003;E.S. PASEO DE LA VIRGEN
2004;Q8 CASTELLAR
2005;S.C.A.NTRA.SRA.CONSOLACION
2006;SCA SAN ISIDRO
2007;RUEDAOLIVA
2008;S.C.A. ACEITES CAZORLA
2009;JAENCOOP ENERGY
2010;S.C.A. LA UNION DE CHILLUEVAR
2011;SOCIEDAD COOPERATIVA DEL CAMPO SAN RAFAEL
2012;S.COOP.AND. SAN ISIDRO
2013;"ANDAMUR ""GUARROMAN"""
2014;JAIMAPARK
2015;E.S. SAN CRISTOBAL
2016;S.C.A. SAN ISIDRO LABRADOR
2017;E.S.LAS PILETAS
2018;EE SS HNOS. MORENO PADILLA
2019;E.S. VIRGEN DE LOS REMEDIOS.
2020;JAENCOOP
2021;BP LOS ROSALES
2022;GHNPLUS
2023;FISCOGAS GASOLINERA 24 HORAS
2024;ENERGY24H
2025;E.S.  JAMILENA
2026;S.C.A. NTRA. SRA. DE LOS REMDIOS
2027;E.S. CANAVA
2028;BP JODAR
2029;BP OIL ESPAÑA E.S.SAN GONZALO
2030;S.C.A. SANAGUSTIN
2031;BP LINARES
2032;GASOLINERA SANTANA
2033;ESTACION DE SERVICIO DIEGO PILETA  Y AUTOLAVADO AGUA OSMOTIZADA: HIJOS DE DIEGO PILETA
2034;E.S. LA LOPERANA
2035;BP  
2036;S.C.A SAGRADO CORAZON DE  JESUS
2037;CODO_CM
2038;BP OIL MARTOS
2039;S. COOP. AND. VIRGEN DEL CARMEN
2040;S.C.A. SAN FRANCISCO
2041;ARENAS CAMACHO, S.L.
2042;S.C.A. SAN PEDRO
2043;ESTACIÓN DE SERVICIO ACEITES ALDEAHERMOSA
2044;STMO CRISTO DE LA EXPIRACION
2045;S.C.A. FUENTE DEL ROSAL
2046;SOC. COOP. AND. JESUS DEL GRAN PODER
2047;SCA N.S. ENCARNACION
2048;S.C.A.STA.MARIA
2049;SURTIDOR SCA LA VICARÍA
2050;HERMANOS MORENO PADILLA
2051;ESFER-OIL
2052;SURTIDOR
2053;S.C.A. SAN GINÉS Y SAN ISIDRO
2054;CASTILLO DE SABIOTE
2055;BP PUERTA ANDALUCIA
2056;E.S. MIRA, S.L.
2057;SEGUROIL SLU
2058;SCA SANTO TOMAS APOSTOL
2059;JAENCOOP ENERGY CORTIJOS NUEVOS
2060;REPSOL GARRIMARTI
2061;CEPSA - SAN ANDRES
2062;OLEOCAMPO, S.COOP.AND. DE 2º GRADO
2063;SDAD. COOP. AND. SAN ISIDRO
2064;QP TORREDONJIMENO
2065;DONJIMENO
2066;E S PETROANDALUS
2067;S.C.A. SANTA ISABEL
2068;JAENCOOP ENERGY TORRES DE ALBANCHEZ
2069;PETROANDALUS S.A.
2070; REPSOL UBEDA
2071;EUROIL LA RECTA
2072;BP PUERTA DEL SOL
2073;EUROIL CUATROCAMINOS
2074;DIESELPRIX
2075;OLEICOLA VALDEPEÑAS DE JAEN S.C.A
2076;ESTACION DE SERVICIO ORTEGA
2077;S.C.A. SAN VICENTE
2078;ACEITES GUADALQUIVIR
2079;JAENCOOP ENERGY VILLANUEVA II
2080;SCA SIERRA DE LA PANDERA
2081;ALIJA ENERGIA
2082;PETROAS
2083;SDAD COOPERATIVA DE TRANSPORTES BAÑEZANA 
2084;AN ENERGÉTICOS UCOGAL
2085;CARBUCRIAL
2086;E.S.CARGOSA
2087;CETILE CARBURANTES
2088;PRIO
2089;E-LECLERC
2090;PASO HONROSO
2091;BP LEON - TROBAJO MI
2092;GASOLEOS ARIAS MARTINEZ, S.L.
2093;TRANSLEON
2094;SERVIGORDON
2095;PONFEBUS
2096;GASOLEOS VILLAGER
2097;CEDYC
2098;COMPOSTRA OIL
2099;SUTECAL
2100;RIALCE, S.L.
2101;E.LECLERC LEON
2102;BP LEON - TROBAJO MD
2103;LISARMINIA
2104;COOPERATIVA SAN BLAS
2105;JOVINO ESTHER E HIJOS S.L.
2106;E.S. TRABADELO
2107;ASIR TECHNOLOGY S.L.
2108;SAENZ DE MIERA SL
2109;E.S. ESLA MÓVIL S.L.
2110;VILLAGER
2111;ES ESLA
2112;TEO
2113;ALTO LEON
2114;COOPERATIVA LAR
2115;DISTROL
2116;SERVI AGER 
2117;COOP ALBATARREC
2118;COOPERATIVA SANT ROC
2119;PONENT ENERGIA
2120;ES ALGERRI
2121;AGROSERVEIS
2122;E.S. SEGRIÀ
2123;CEREALES TORREMORELL
2124;COOPSERVICE D'ARTESA
2125;FARRE OIL
2126;COOP.ASPA
2127;SORIGUE
2128;BLTR
2129;LOW COST 24
2130;BP EL CORB - TORRE DE NOVEL
2131;COOP BELLCAIRE
2132;NADAL
2133;E.S.ARENES BELLPUIG
2134;EMCCAT 24H.
2135;SHELL - E.S. BELLVIS
2136;COOPERATIVA DE BELLVÍS SCCL
2137;E.S SANT ISIDRE
2138;SEGRE OIL
2139;CASTELL-OIL
2140;ASSOCIACIÓ DE TRANSPORTISTES DE LA SEGARRA
2141;SEROIL  ENERGY
2142;FRUITERA DE CORBINS
2143;LA TORRASSA
2144;XOPLUC
2145;AUTOSERVEI M3
2146;PETROLIS INDEPENDENTS - PETRO7 
2147;DST VALCARCE
2148;COOP. IVARS
2149;COOP.JUNCOSA
2150;AGROPECUARIA DE JUNEDA
2151;ESTACION BOYA
2152;COOPERATIVA LINYOLA
2153;VERGE LORETO
2154;BP AREA 463
2155;TRANSEGRE
2156;GASOLINERA LOW COST
2157;TROTA
2158;NANTA
2159;INCOENERGY GAS MOBILITY
2160;L ESPIGA SCCL
2161;BENZINERA MARTINET
2162;COOPERATIVA MAIALS
2163;AUTOSERVEI 24 H
2164;AGRARIA DE MIRALCAMP
2165;VALENTI
2166;E.S NAUT ARAN
2167;ESTACIO SERVEI OLIANA
2168;"S.C.C.L.A. ""SANT ROC"""
2169;ONDINA DEL SEGRE
2170;FRU-ROSE, SCCL
2171;E.S. SANT GUIM
2172;E.S. SANT RAMON
2173;PORT CANTÓ
2174;COOPSOSES
2175;TRECOOP
2176;COOP. DEL CAMP DE SUNYER
2177;E.S.TERMENS
2178;NO 
2179;SAV SERVEIS
2180;E.S.MAS
2181;RENOVA OIL
2182;F.A.LES PLANES
2183;ESCLATOIL 
2184;VALLFOGONINA
2185;E. S. BETREN
2186;PAM OIL
2187;CEPSA-E.S. ROCA
2188;E.S.RUTANCARES S.L.
2189;PETROCASH FONTEFRIA
2190;AIRA
2191;CANDO
2192;CAMPO DA CRUZ
2193;ESTACION DE SERVICIO LA FORTALEZA
2194;ARIOSA
2195;AMMNSA, S.L.
2196;AIRA OIL
2197;PARDIÑAS, CENTRO LOGISTICO
2198;E.S. GUNTIN
2199;GASOLEOS CEAO
2200;MASMAR OIL
2201;MOSS PETROLEUM
2202;7345
2203;ULTREYA
2204;LEIRA S.C.G.
2205;O XEIXO,S.COOP GALEGA  OIL 
2206;CAMPA
2207;CAXIGO S COOP GALEGA
2208;GASOLEOS ABELLEIRA
2209;CLUN-MERCARURAL
2210;E.S. A VALIÑA
2211;PETROCASH SARRIA
2212;LERIA S.C.G.
2213;AIRA OIL TABOADA
2214;E.S. POLIGONO
2215;TEX
2216;COMBUS [B]
2217;CRISTO DE LA SALUD
2218;E.S. EL ALAMO, S.L.
2219;BP DUALEZ
2220;LAVAPLUS
2221;ENERGY
2222;BP RIO CORVO 365
2223;BP PUENTE ARCE
2224;BP ISIDORO
2225;BP JUNCAL
2226;BP EL SAPO-ALCOBENDAS
2227;SCAT
2228;BP VALDAVIA
2229;COMBUS
2230;BP MOSTOLES II
2231;BP LA PRINCESA 1
2232;BP SAN MARTIN I
2233;REDEXIS
2234;BP SAN MARTIN II
2235;BP LA PRINCESA 2
2236;BP VALDERAS
2237; CEPSA LISBOA 
2238;ALIARA ENERGÍA
2239;SOLNER
2240;BP OLIMPICA
2241;REPSOL URTINSA 365
2242;BP ALGETE
2243;BP LA FALUA
2244;EMBOCADOR
2245;BP ARGANDA
2246;BLANCO
2247;DELFIOIL
2248;ALIARA ENERGÍA 
2249;BP LA ARGANDEÑA
2250;CHEAPOIL
2251;GASOLEOS SIERRA OESTE,SL
2252;BP CIEMPOZUELOS
2253;REPSOL ÁREA EUROPA 365
2254;GASOLINERA CIEMPOZUELOS
2255;BP EII
2256;BP EI
2257;BP CARVISA 
2258;MERODIO
2259;BP COSLADA - AV CONSTITUCION
2260;BP COSLADA - AV SAN PABLO
2261;GASOLEOS DAGANZO
2262;BP AVANZADA FUENLABRADA
2263;TEB GASOLINERA 24 HORAS 
2264;CARBUGAL
2265;NATURGY ES FUENLABRADA
2266;ALCAMPO FUENLABRADA
2267;BP EL NARANJO
2268;PETROJARAMA
2269;CARBURANTES REQUES 
2270;BP  E.S LA POCILLA   GALAPAGAR
2271;BAGARCIVA
2272;GASOLINERA GETAFE
2273;BP GETAFE - M406
2274;BP A42 CABANAS MI
2275;BP A42 CABANAS MD
2276;REPSOL NASSICA 365
2277;BP GETAFE - PG SAN MARCOS
2278;GASEXPRESS GETAFE
2279;COSTCO 
2280;GASOLEOS GETAFE, S.L.
2281;CDT
2282;GC
2283;BP GUADARRAMA
2284;BP VALDONAIRE 
2285;REPSOL HUMANES
2286;BP HUMANES - EL MOLINO
2287;BP TARAZA 365
2288;BP POLVORANCA
2289;CEPSA CIUDAD DEL AUTOMÓVIL 365
2290;ENERGREEN MOBILITY
2291;ZEROGAS
2292;BP SAN PEDRO MD
2293;POWER3OIL
2294;BP SAN PEDRO MI
2295;SHELL ATALAYUELA 365
2296;CEPSA VALLECAS-LA ATALAYUELA 365
2297;GHC
2298;BP MAYORAZGO 365
2299;ALIARA ENERGIA
2300;HAM TRES CANTOS
2301;BP E.S. NAVALCARRO
2302;BP GUADALCANAL 365
2303;OIL A42 A-42 KM 9,8  DIR. MADRID
2304;ESTACIÓN SUR DE AUTOBUSES DE MADRID
2305;CEPSA MAYORAZGO 365
2306;HUSCO S.L.
2307;ALHAMBRA-BLANCA 
2308;PADRE-BLANCA
2309;BP A42 CHEYPER
2310;BP CARABANCHEL
2311;OIL+
2312;BP ISLA AZUL
2313;BP FERMIN FERNANDEZ
2314;BEROIL LAS ROSAS
2315;BP MADRID - AV DAROCA
2316;VIRGEN-BLANCA 
2317;MADRID WETAXI GLP
2318;OIL SANCHEZ ROMERO
2319;CEPSA RELAMPAGO
2320;BP MECO
2321;EDV
2322;MORAFUEL
2323;LOS ROSALES
2324;OLANCA
2325;E.S. TERUGAS
2326;PETROL MÓSTOLES
2327;BP MÓSTOLES
2328;MAXPETROL
2329;G.P.S. OIL 
2330;SERVIFACIL
2331;BARATOIL
2332;BP A3 PERALES DE TAJUNA
2333;BP NASSICA 365
2334;CEPSA A4 PINTO 365
2335;CEPSA LAS ARENAS 365
2336;BP PARQUE ÓPTIMA
2337;BP PINTO
2338;BP POZUELO
2339;BP SOMOSAGUAS
2340;CAB
2341;FUEL EXPRESS
2342;BP LAS ROZAS
2343;BP SAN FERNANDO - LA PRESA
2344;TIPSA
2345;REPSOL SAN FERNANDO 365
2346;BP SAN FERNANDO PUERTA DE MADRID 365 I
2347;BP SAN FERNANDO - M LUTHER KING
2348;CEPSA SAN FERNANDO 365
2349;BP SAN FERNANDO PUERTA DE MADRID 365 II
2350;INDUSTRIAL LOS ANGELES
2351;OLIVAR ALTO 24H
2352;BP APADIS
2353;SETOR
2354;EMACOIL 24-7
2355;BP LAS NAVAS
2356;BP SOTO I
2357;BP SOTO II
2358;TIELMES S.L.
2359;ÁREA 117 - VALCARCE
2360;BP TORREJON - CTRA LOECHES
2361;STORE FUEL 
2362;BP TORREJON - AV FRONTERAS
2363;BP GASOLEOS TORREJÓN
2364;PETROKAL
2365;GASOLINERA TORREJÓN
2366;GASOLEOS TORRES LOW COST 24H.
2367;GREEN GAS
2368;BP TRES CANTOS
2369;BP POLIGONO ROMPECUBAS
2370;LOUCOS  A.S. EL TORO
2371;SUPER GASOIL
2372;GASOLINERA VALDEMORO
2373;E. LECLERC
2374;BP VALDEMORO
2375;BASIC
2376;CASTROIL
2377;SUPER GASOIL 2016 S.L.
2378;BP VILLALBILLA
2379;ES BP GURUGU
2380;BP VILLAMANTA
2381;GASOLINERA VILLAREJO DE SALVANÉS
2382;RECESPAÑA
2383;BP MARIA
2384;_
2385;DINERGIA
2386;S.C.A. NTRA. SRA. DE MONSALUD
2387;SANTA AMALIA
2388;BP LA TORRE
2389;GUEROIL
2390;BP LA VENTILLA
2391;BP LA PEÑITA
2392;ECOAREA ALHAURÍN
2393;AGROOLIVARERA SAN COSME Y SAN DAMIAN, S.C.A.
2394;AGLA - E.S.VISTA HEMOSA
2395;BP ANTEQUERA
2396;BP  LA VEGA DE ANTEQUERA
2397;GAFISUR ANTEQUERA
2398;NATURGY ANTEQUERA
2399;SCA-N-331
2400;LA PURISIMA
2401;AGRARIA DEL TURON
2402;REPSOL ARRIATE
2403;BP MIRAMAR BENALMADENA
2404;MADESE-BENAMAINA
2405;ASJILEIVA BNAMARGOSA
2406;ADISADI VELEZ
2407;BP EL BURGO
2408;S.C.A.OLIVARERA SAN BENITO
2409;BP SAN RAFAEL
2410;SMART OIL
2411;BP ES CARTAMA
2412;E.S EL VALLE (AGLA)
2413;BP RIO GRANDE
2414;PETROSUR JQ43
2415;SAGRADO CORAZON
2416;E.S. SECADERO
2417;E.S BAHIA DE CASARES
2418;PETROPRIX COIN
2419;LA TROCHA
2420;S. COOP. AND. NTRA. SRA. DE LA CANDELARIA
2421;E.S.MARIDI
2422;LA RECIPROCA
2423;OLIVARERA SAN JUAN BAUTISTA, S.C.A.
2424;S.C.A.A. NTRA. SEÑORA DEL CARMEN
2425;S.C. LOS LLANOS
2426;E.S. SALADILLO
2427;BP ESTEPONA
2428;BP RIO PADRON
2429;BP AVENIDA JUAN CARLOS I
2430;Q8 EASY
2431;BP FUENGIROLA - CENTRO
2432;BP EL TEJAR
2433;BP EL CASTILLO
2434;ÁREA 117 DIR. SEVILLA
2435;S.C.A.OLV.N.S. ROSARIO DE HUMILLADERO
2436;ÁREA 117 DIR. MÁLAGA
2437;BP CHURRIANA
2438;ES COLOSO CHURRIANA
2439;BP MALAGA - CIUDAD JARDIN
2440;AUMAT
2441;BP ES GUADALHORCE
2442;BP VILLANUEVA MALAGA
2443;E.S. LAS PALMERAS
2444;BP CAMINO SUAREZ
2445;BP LAS CHAPAS
2446;VLADOIL MÁLAGA
2447;BP UNIVERSIDAD
2448;NEW OIL MALAGA
2449;ESTACION AUTOBUSES
2450;BP TEATINOS
2451;BP POLIGONO ALAMEDA
2452;ESTACION DE SERVICIO COLOSO MARBELLA
2453;BP JOY MARBELLA
2454;AGLA EL ROCIO DE NAGUELES
2455;BP ARCO MARBELLA
2456;BP OJEN
2457;BP LAS MEDRANAS
2458;BP LA VEGA DE MIJAS
2459;BP LA CALA
2460;AGLA PETROLEROS MIJAS
2461;PETROPRIX MIJAS
2462;BP EL PUERTO DE MIJAS
2463;S.COOP.AND. AGRÍCOLA VIRGEN DE LA OLIVA
2464;ES LIMONAR
2465;BP MONDA
2466;E.S NERJA
2467;AGLA LA VENTILLA
2468;COOPERATIVA ACEITE MONDRON
2469;S. CCO. AND. SAN ISIDRO
2470;BP PIZARRA
2471;BP RINCON DE LA VICTORIA
2472;BP CENTRO COMERCIAL EL RINCÓN
2473;AGRO-OLIVARERA RIOGORDO
2474;VLADOIL RIOGORDO
2475;AORVA GROUP
2476;CEREALISTAS DE ACINIPO, S.C.A
2477;LOS REMEDIOS-PICASAT SCA
2478;BP RONDA
2479;ALMAZARA DE RONDA
2480;SAN ISIDRO SAYALONGA
2481;LA SERRANA DE ADEREZO,S.C.A
2482;AGLA - HNOS MARTIN
2483;SCA.AGRIC.OLIV.NTRA.SRA.DEL ROSARIO
2484;ESTACION SERVICIO TEBA
2485;BP CERRO LARGO
2486;BP TORROX
2487;LOS REMEDIOS
2488;MAXOIL
2489;FEJAMA 2022, S.L.
2490;DISTREAX-22, S. L.
2491;CARBURANTES CLAVERO - SAN SEBASTIAN
2492;LA INMACULADA
2493;LISBONA OIL
2494;TROPS
2495;OLEOALGAIDAS
2496;"S.C.A. OLIVARERA DEL CAMPO ""SANTA RITA"""
2497;SAN JUAN-V.ROSARIO
2498;OLIVARERA TRABUCO
2499;E.S. SILES AGUILERA
2500;ACEITES LOS ROMANES
2501;SHELL CARLOS V
2502;SHELL PUENTE TRIANA
2503;SHELL ALFONSO XIII
2504;BP PUENTE
2505;LOS CALZONES
2506;BP LAS COLONIAS
2507;E.S.MONTEPINAR
2508;C.P.G. LA MARINA
2509;BP TRUCKSTOP AGUILAS
2510;ANIBAL
2511;EXPOAGUILAS
2512;TRANSPORTES GREGORIO
2513;SECOTRANS
2514;CENTRO DIESEL COMBUSTIBLES MURCIANOS
2515;BP LOS ALCÁZARES
2516;LO SOLA
2517;E.S. ALEDO
2518;ES DOSVILLAS SL
2519;DIALCO EL PRADO
2520;JUAN MARTINEZ SAURA
2521;SHELL EL GUADALENTIN
2522;ALAZAN FRESH LINE S.L.
2523;24H
2524;HLH
2525;LA ARCHENERA
2526;PETROGO
2527;US ROSEMUR
2528;CAMPER
2529;COBUCO
2530;IBESSA
2531;HORTIFRUC
2532;E.S PETROGAZ
2533;METAOIL GASOLINERAS
2534;EUROSOL
2535;FRUTAS CARAVACA, S.C.L.
2536;ESTACION DE SERVICIO VENTA CAVILA
2537;EUROLOMA
2538;E.S LA ALMUDEMA
2539;NATURGY LAS CUMBRES CARTAGENA
2540;ESTACION DE AUTOBUSES DE CARTAGENA
2541;ROYMAGA PETROLEOS,SL
2542;ADRIDAN
2543;BP MANGAUTO
2544;PALUSOIL
2545;E.S.MOLERO S.A.
2546;EE.SS. ALJORRA
2547; ROYMAGA PETROLEOS S.L.
2548;CABEZO VENTURA
2549;ROYMAGA PETROLEOS
2550;BUENOS AIRES
2551;RASPAOIL (SERV. ATENDIDO)
2552;APARCADOLORES
2553;E.S. MOLERO S.A.
2554;PENINSULA CARTAGENA
2555;GASOLINERA CARTAGENA
2556;ESTACIÓN MADRID
2557;CARTRANS
2558;VEDICAR
2559;U.S. TRANSMARAVILLAS
2560;CANARAFLOR 
2561;ES MILL SERVICES
2562;LOS TORRAOS
2563;SERMUCO
2564;E.S. PREMIER
2565;RENESUR GR
2566;LA PINTAICA
2567;ALMENDRAS MURCIANAS
2568;EL MARINO
2569;EL BADEN
2570;FYCSA FRESH AND CARRY,S.A.
2571;RENESUR-EL ALTIPLANO
2572;U.C.Y.G.
2573;MULTIGAS ENERTICA S.L.
2574;BP JUMILLA
2575;BP JUMILLA CENTRO
2576;COTRAJU
2577;LORBUS
2578; SUTULLENA-CEPSA
2579;ALIMER
2580;EE.SS AGUADERAS
2581;EL REMOLINO
2582;EUROPA
2583;E.S.GOMEZ (BP)
2584;PETROLORCA,S.L
2585;VENTA LA PETRA
2586;SINERGIA DIESEL
2587;HOYAMAR
2588;JOSE GARCIA GUILLEN
2589;SUMINISTROS LA CASILLA S.L.
2590;AGROTER SAT  Nº1936
2591;M
2592;"ANDAMUR ""LORCA"""
2593;GASMOR E HIJOS S.L
2594;E.S. PAPA ALI
2595;BP BASE 2000
2596;BP MAZARRON CENTRO
2597;HNOS. LARDIN VIVANCOS, S.L.
2598;BP LAS MORERAS
2599;BP MAZARRON PARK
2600;NATURGY ES MOLINA DE SEGURA
2601;BP ATENDIDA EL OASIS
2602;INTERCON
2603;E L   P U E N T E,  S.L.
2604;GPS.MOLINA- TAPIADO
2605;FROET-GAS
2606;APELLAN
2607;GLOBAL TANK LA SERRETA
2608;LA CAÑADA
2609;BP TORREMONTIJO
2610;GPS.MOLINA
2611;EL LLANO
2612;RENESUR
2613;COAMOR
2614;E.S.HNOS.BLAZQUEZ SL
2615;E.S. SOMARES S.L.
2616;FRUCIMU
2617;SOTRAMUL
2618;LOS LLANOS II
2619; EL NIÑO COMBUSTIBLES
2620;BP PAGAN
2621;UTE ESTACION DE MURCIA
2622;E.LECLERC INFANTE
2623;VALEROIL
2624;LA HITA-JC1 MURCIA (SERV.ATENDIDO)
2625;BP CHURRA
2626;THADER I
2627;GPS-NUEVA CONDOMINA
2628;PARA Y SIGUE
2629;E.S. MONTEAGUDO
2630;CASILLAS DE COMBUSTIBLES SL
2631;GPS-PETRO PUENTE
2632;TRANSGALLEGO LOGISTIC SL
2633;OMEGA SANGONERA
2634;GASOLEO EXPRESS (NICOLAS Y RIQUELME SL)
2635;BP MONTEVIDA
2636;EL LIMONAR
2637;CEPSA LOS RAMOS
2638;ALQ
2639;LA NORIA
2640;AIREMAR II
2641;LA HITA-EL VALLE
2642;BP OMEGA ESPINARDO
2643;BP LA PAZ
2644;E.LECLERC HIPERMERCADO
2645;AIREMAR I
2646;BP LOS ARCOS
2647;LA VEGA DE PLIEGO
2648;SUMINISTROS PLIEGO S.L
2649;GLOBAL TANK
2650;PARKING DE CAMIONES
2651;GRUPO EUROGALMAR
2652;S.A.T. SAN CAYETANO
2653;RHR 
2654;EL PORRAS
2655;GRUPO CALICHE
2656;HORTAMIRA
2657;LA HITA-PINATAR PARK
2658;HERMANOS NAVARRO
2659;LA HITA-LO PAGAN
2660;CLAY
2661;GRUPO HEFAME
2662;GREGAL
2663;LA HITA-EL PASICO
2664;LA HITA-MORRASTELAS
2665;LA HITA- EL MOLINO
2666;ATRANSCAR CTM
2667;CEPSA BALSICAS
2668;JCC
2669;F21
2670;TRUCK ENERGY Z,S.L.
2671;LA HITA-RODA
2672;BP SAN CAYETANO
2673;GRUPO FUENTES
2674;BP E.S. VILLASOL
2675;COATO
2676;HNOS BAÑOS
2677;TS
2678;SIERRA ESPUÑA TRADE 2
2679;SIERRA ESPUÑA TRADE
2680;E.S. LA SANTA
2681;HIJOS DE NAVARRO ROBLES (REPSOL)
2682;BALSILLAS I (REPSOL)
2683;RASPAOIL E.S. YECLA
2684;AN ENERGETICOS
2685;COOP EZKIBEL
2686;IZELAI FUEL
2687;COOPERATIVA CARCAR
2688;AN ENERGETICOS ANDOSILLA
2689;LA ROTXA ANSOAIN
2690;ESTACION DE SERVICIO AOIZ, S.L.
2691;LC REPOST
2692;GASOLINERA NOÁIN
2693;AN ENERGÉTICOS - TAJONAR
2694;MG TALLUNTXE
2695;CAN S.L.
2696;A.N. ENERGETICOS - LOS ARCOS
2697;AN ENERGETICOS - ARGUEDAS
2698;S.COOP. SAN ESTEBAN
2699;E.S.LA RECTA
2700;AN ENERGÉTICOS - EZKIBEL 
2701;AN ENERGETICOS ARTAJONA
2702;ADELFAS OIL
2703;BODEGAS SAN GREGORIO S.COOP.
2704;AN ENERGETICOS AZAGRA
2705;COOP.VALDORBA
2706;TALLERES ARRUBLA
2707;NAFAR MENDI
2708;ZONA AUTO MUGAIRE AVIA
2709;NOIL
2710;NAFAROIL
2711;PETROMIRALLES BERA
2712;ENERGETICOS BERBINZANA
2713;ABYCER
2714;ESTACION DE SERVICIO ARALAR
2715;E.S. BUÑUEL SL
2716;ENERGETICOS BUÑUEL
2717;S.COOP. DEL CAMPO SAN ISIDRO
2718;AN ENERGETICOS - CADREITA
2719;AN ENERGETICOS - CAPARROSO
2720;COMBUSTIBLES PIUDO
2721;CARCAR
2722;LUIS MORENO ROLDAN
2723;AN ENERGETICOS - CARCASTILLO
2724;COOPERATIVA AGRICOLA SAN FRANCISCO JAVIER
2725;BODEGA NTRA. SRA. DEL ROMERO
2726;AN ENERGETICOS - CASEDA
2727;AN ENERGETICOS - CASTEJON
2728;ESTACION DE SERVICIO PRADESOL
2729;BM COMPLET 
2730;AN ENERGETICOS/BODEGA CIRBONERA
2731;ESTACION DE SERVICIO LA NORIA
2732;SERTELGAS,SL
2733;AN ENERGETICOS, S.L.
2734;E.S. KONTXA S.L.
2735;IGOA Y PATXI SL
2736;AN ENERGETICOS - URROZ
2737;AN ENERGETICOS S.L. - SARRIGUREN
2738;LOW COST FUEL OIL
2739;BP ESTELLA
2740;IGUZQUIZA Y ECHEVERRIA S.L.
2741;DEL VILLAR ENERGIA
2742;JOSENEA ZUBIRI AVIA
2743;AN ENERGÉTICOS - ETXALAR
2744;ETXARRI OIL
2745;ARALAR
2746;AN ENERGETICOS - FALCES
2747;AN ENERGETICOS - FUNES 2
2748;AN ENERGETICOS - FUNES
2749;AN ENERGETICOS S.L. - FUSTIÑANA
2750;AN ENERGÉTICOS COMARCA 2
2751;GASOLEOS MERCADAIZ
2752;AN ENERGETICOS - HUARTE
2753;VICARLI
2754;BP HUARTE
2755;BI AHIZPAK
2756;AN ENERGETICOS - LARRAGA SAN ISIDRO
2757;AN ENERGETICOS - LARRAGA-ARTAJONA
2758;E.S. LEGARDA
2759;AN ENERGETICOS - LERIN
2760;MARISA
2761;TRANSPORTES BIDASOA
2762;NEUMATICOS BIDASOA
2763;AN ENERGETICOS - LUMBIER
2764;ASLE
2765;LUZAIDE
2766;ZONA AUTO LUAIDE AVIA
2767;SDAD. COOP DEL CAMPO
2768;AN ENERGETICOS - MELIDA
2769;AN ENERGETICOS - MENDAVIA
2770;AN ENERGETICOS - MENDIGORRIA
2771;GASOLINERA G & S
2772;AN ENERGETICOS - MIRANDA DE ARGA
2773;E.S. MURCHANTE  AVIA
2774;MURILLO
2775;TRANSPORTES AZPIROZ
2776;"ANDAMUR ""PAMPLONA"""
2777;BIDASOA COMBUSTIBLES
2778;TRANSPORTES SAKANA SCL
2779;AN ENERGETICOS - OLITE
2780;AGIP
2781;ARGI
2782;S. COOP. LITXARRA
2783;AVANZA OIL PAMPLONA
2784;ITURSER S.L.
2785;A.N. ENERGETICOS, S.L - PERALTA
2786;AGRICOLA SAN BLAS
2787;FORRAJES DE RIBAFORADA, S.L.
2788;AN ENERGETICOS - RIBAFORADA
2789;AN ENERGETICOS - SANGUESA
2790;AN ENERGÉTICOS - SARTAGUDA
2791;AN ENERGETICOS - SESMA
2792;AN ENERGETICOS - TAFALLA
2793;BP TAFALLA
2794;E.S. TIEBAS
2795;TIEBAS
2796;PETROTUDELA
2797;AN ENERGETICOS - TUDELA 2
2798;E.S. BARDENAS
2799;TUDEFRIGO LOGISTICA
2800;AN ENERGETICOS S.L. - TUDELA 1
2801;TGT
2802;COOPERATIVA VALDORBA
2803;ALPE
2804;JOSENEA  AVIA
2805;ES LANDIBAR
2806;CARBURANTES VALTIERRA S.L.
2807;AN ENERGETICOS - VALTIERRA
2808;AN ENERGETICOS - VILLAFRANCA
2809;COMBUSTIBLES VILLAFRANCA
2810;BP VILLAVA
2811;AN ENERGETICOS - YERRI
2812;PETROL LENTELLAIS
2813;ESTACIÓN DE SERVICIO OUTOMURO S.L.
2814;LATEQUIN
2815;GR2
2816;EESS MACEDA
2817;E.S. ALTO DO COUSO
2818;ESTACION DE SERVICIO LUINTRA, S.L.
2819;O SURTIDOR
2820;ESTACION DE SERVICIO MARIÑAMANSA
2821;E. S. PEREZ RUMBAO S.A.
2822;E. S. O PINO
2823;E.S. O VISO
2824;CEPSA V21
2825;J.L E HIJOS
2826;E.S. PEROXA (A)
2827;PETROL A RUA
2828;STAROIL SAN CIBRAO
2829;OURENSANA DE PETROLEOS SL
2830;FINA
2831;GALIOR GASOLINERA 24H
2832;CEPSA- ANTELA E.S.
2833;LIMIA OIL
2834;PUERTA DE LA MONTAÑA 
2835;AGROPAL
2836;LA MOTA - BIESA
2837;LOS LINARES
2838;ESTACION DE SERVICIO TOMAS TRECEÑO
2839;AN ENERGETICOS - CAR CARRION
2840;RÍO NUBIS
2841;J.L.SARDINA S.L.
2842;S.E. SAN AGUSTIN S.L.
2843;COBASGUAR 
2844;PETROCORNER LOS CHOPOS
2845;BP SANTILLANA DE CAMPOS
2846;SUANCES
2847;LAS LAGUNAS
2848;SOCOTEM S.COOP.LTDA.
2849;BP VILLAHERREROS
2850;E.S SHELL VILLARRAMIEL
2851;CEPSA AGAETE
2852;DISA AGAETE
2853;REPSOL OPER CANARIOS  S,L.
2854;DISA AUTOPISTA KM 21
2855;DISA AGUIMES
2856;BP KM 13 CRUCE ARINAGA
2857;DISA AUT.ARINAGA
2858;SHELL ARINAGA
2859;OCÉANO
2860;CANARY OIL
2861;DISA BALOS
2862;DISA LA ALDEA
2863;REPSOL LA ALDEA
2864;DISA EL MATORRAL
2865;CEPSA ANTIGUA
2866;DISA NUEVA AEROPUERTO
2867;SHELL ARRECIFE II
2868;DISA VALTERRA
2869;DISA AEROPUERTO
2870;SHELL FLICK LANZAROTE
2871;DISA CIRCUNVALACION I
2872;DISA LOS MARMOLES
2873;DISA CIRCUNVALACION II
2874;DISA ARRECIFE
2875;SHELL ARRECIFE I
2876;ES ARTENARA
2877;E.S. SHELL AUTOVÍA  ARUCAS
2878;SHELL NUEVA ARUCAS
2879;DISA ARUCAS
2880;CEPSA LOS PORTALES
2881;BP SANTIDAD
2882;CEPSA OPER CANARIOS  S,L.
2883;DISA BAÑADEROS
2884;CANARY OIL, S.L.
2885;SHELL GALDAR
2886;TGAS SARDINA DEL NORTE
2887;EESS HERMANOS DE LEON CABRERA SLU
2888;PCAN ARRIETA
2889;DISA NUEVO INGENIO
2890;BP EL CARRIZAL
2891;CEPSA INGENIO
2892;SHELL INGENIO
2893;DISA CARRIZAL
2894;OCÉANO EL CARRIZAL
2895;SANTANA DOMINGUEZ, S.L.
2896;DISA MOGAN
2897;PUERTO RICO, S.A
2898;BP ARGUINEGUIN
2899;PCAN
2900;SHELL PUERTO RICO
2901;BP MOYA
2902;BP KM 13 - 1 (SAN ANDRES)
2903;H2EXAGON NORTE
2904;DISA LA OLIVA
2905;E.S. REPSOL CORRALEJO
2906;SHELL CORRALEJO
2907;DISA CORRALEJO
2908;DISA COSTA CALMA
2909;SHELL JANDIA
2910;H2GO MORRO JABLE
2911;SHELL VEGUETA
2912;E.S. DISA VEGUETA
2913;CEPSA LA CAZUELA
2914;BP SAN LORENZO
2915;DISA SAN JOSE
2916;SHELL MERCALASPALMAS
2917;DISA EL SEBADAL
2918;CEPSA MUELLE GRANDE
2919;BP PUERTO DE LA LUZ
2920;DISA PUERTO DE LA LUZ
2921;BP CIDELMAR
2922;CEPSA PLAZA DEL PINO
2923;SHELL TOMAS MORALES
2924;BP COOPERATIVA TAXIS S. CRISTOBAL
2925;CEPSA HOYA PARRADO
2926;DISA TAFIRA
2927;E.S. DISA MILLER BAJO
2928;BP LA PATERNA
2929;DISA TARAHALES I
2930;SHELL REHOYAS
2931;CEPSA SIETE PALMAS
2932;DISA JUAN XXIII
2933;BP CIUDAD JARDIN (CAN)
2934;H2EXAGON LAS TORRES
2935;DISA CHIL
2936;BP LOMO LOS FRAILES
2937;BP TAMARACEITE II
2938;BP GUANARTEME
2939;DISA ALCARAVANERAS
2940;E.S. SHELL SCHAMANN
2941;BP BARRANQUILLO TAXISTAS SAN CRISTOBAL
2942;DISA ESCALERITAS
2943;DISA EL DRAGON
2944;DISA ALMATRICHE
2945;DISA TAMARACEITE
2946;CEPSA LA MARINA
2947;REPSOL MUELLE CHICO
2948;CEPSA PUERTO ROSARIO
2949;MERCASOSA
2950;PCAN GIL
2951;DISA RIO CABRAS
2952;DISA  EL CHARCO
2953;DISA SECUNDINO ALONSO
2954;BP LA HONDURA
2955;DISA MASPALOMAS
2956;CEPSA MASPALOMAS
2957;SHELL MASPALOMAS
2958;BP EL VERIL
2959;DISA FATAGA
2960;SHELL JUAN GRANDE
2961;CEPSA TAXISTAS S.AGUSTIN
2962;DISA 
2963;BP SANTA BRIGIDA
2964;SHELL VECINDARIO
2965;DISA POZO IZQUIERDO
2966;OCÉANO SARDINA SUR
2967;SHELL SANTA LUCIA
2968;BP EL TARO
2969;BP DOCTORAL
2970;ESTACION DE SERVICIO P44
2971;BP GUIA
2972;DISA GUIA
2973;DISA COSTA TEGUISE
2974;DISA TEGUISE GOLF
2975;CEPSA TAHICHE II
2976;CEPSA TAHICHE I
2977;DISA TEJEDA
2978;CEPSA EL CUBILLO
2979;DISA PUNTO FIELATO
2980;COOP.TAXIS.TELDE
2981;DISA CRUCE DE MELENARA
2982;DISA EL ROQUE
2983;SHELL TELDE
2984;H2EXAGON JINAMAR
2985;BP CRUZ DE LA GALLINA LOMO LA FRANCIA
2986;BP LAS TERRAZAS
2987;DISA JINAMAR
2988;BP JINAMAR
2989;DISA LA PARDILLA
2990;DISA BOCABARRANCO
2991;BP LA GARITA
2992;DISA CUATRO PUERTAS
2993;FAST FUEL GORO
2994;CEPSA OPER CANARIOS S,L.
2995;BP EL CALERO
2996;BP CRUCE DE MELENARA
2997;DISA TEROR
2998;SPL
2999;DISA PUERTO DEL CARMEN
3000;DISA MACHER
3001;CEPSA TINAJO
3002;SANTANA DOMINGUEZ
3003;CEPSA GRAN TARAJAL
3004;DISA EL CARACOL
3005;BP VALLESECO
3006;CEPSA LOS ALMENDROS
3007;REPSOL SAN MATEO
3008;SHELL SAN MATEO
3009;ESTACION PLAYA BLANCA
3010;E.S.DISA YAIZA
3011;COMBUSTIBLES CANARIOS
3012;MARINA RUBICON
3013;ES RB
3014;CKM
3015;CRP
3016;PETROCASH SAIAR
3017;E.S.VALEIXE
3018;15909
3019;ESTACION DE SERVICIO PARAÑOS
3020;LOIMIL GAS
3021;COAFOR 
3022;CAMPODEZA, S.C.G.
3023;COBIDEZA
3024;CN
3025;ESTACION DE SERVICIO VILANOVIÑA
3026;GASOLEOS
3027;SANCHILAN
3028;SERTUY - SAN COSME - CELA - MOS
3029;PEINADOR
3030;EL SOL
3031;FEGOBLAN SL-VALCARCE
3032;JLLOWCOST
3033;VILALTA CORPORACION SA
3034;A PALMEIRA
3035;ERE AREA DE SERVICIO
3036;GVOIL
3037;EASYGAS PORRIÑO
3038;UNIDAD DE SUMINISTRO RIBADUMIA
3039;O RODO
3040;LA PARADA - VALCARCE
3041;BP SANXENXO I
3042;BP SANXENXO II
3043;LOWXEN
3044;SBC SANXENXO
3045;AIRA SILLEDA
3046;ESTACION DE SERVICIO BANDEIRA
3047;OUTLETUI
3048;SERTUY
3049;GNC IBÉRICA
3050;ALCAMPO VIGO
3051;BYE
3052;E.SERVICIO TEIS P.R.
3053;GALEA
3054;VALLE DORADO
3055;EE.SS. CAMANZO
3056;BP BLANCO (MI)
3057;BP BLANCO (MD)
3058;E.S.EL SALGUEIRAL
3059;CEPSA VILANOVA
3060;ISATIR 
3061;ROYO
3062;NORPETROL AGONCILLO
3063;E.S. IREGUA, S.L
3064;EL SOTILLO
3065;A.N. ENERGETICOS-ALDEANUEVA
3066;REPSOL SA
3067;CARMINA LOW COST
3068;COOPERATIVA GARU
3069;COOP LOS SANTOS MARTIRES
3070;COMBUSTIBLES CALAHORRA S.L.
3071;E.S. RIO LINARES
3072;PETRONOR 
3073;BODEGA SAN PEDRO APOSTOL
3074;CARBURANTES RIOJA
3075;AUTOBUSES JIMENEZ
3076;NORPETROL LA PORTALADA
3077;NALDA
3078;ESTACIONES ARNEDO
3079;COCAVICA
3080;COOPERATIVA AGRICOLA CATOLICA
3081;CEPSA-JUBERA
3082;SANTIAGO HERNANDEZ
3083;BP SALAMANCA
3084;BERNAL
3085;LAS TORRES
3086;BEJAROIL
3087;E.S. CABRERIZOS
3088;EL TREBOL
3089;ARANPINO
3090;GASOLEOS TULLY
3091;NATURGY ES SALAMANCA-BECONSA 
3092;RENACCIA
3093;PGS
3094;EESS GASOLIVIA
3095;IBERFUEL
3096;C.T. GUIJUELO
3097;AN ENERGETICOS - PEÑARANDA
3098;MONTE LA REINA
3099;RONDA OESTE
3100;ESTACION DE AUTOBUSES
3101;COTRADISA
3102;LOW COST CARBURANTES
3103;CETRAMESA CARBURANTES
3104;GASOLINERA VILLAFLORES
3105;ESTACION DE SERVICIO PRIETO, S.L.
3106;ECU VILLARES
3107;USC
3108;EUMOGAS, SL
3109;BP LA ATALAYA
3110;BP COOP SAN SEBASTIAN
3111;TGAS-TU TRÉBOL
3112;DISA FAÑABE
3113;BP SIAM MALL
3114;DISA TIJOCO
3115;REPSOL MAXO ARMEÑIME
3116;OCÉANO PLAYA SANTIAGO
3117;BP POLIGONO GUIMAR
3118;TGAS ARONA
3119;TGAS LAS GALLETAS
3120;CEPSA LLANO AZUL
3121;BP CABO BLANCO
3122;BP LOS CRISTIANOS
3123;BP PLAYA LAS AMERICAS
3124;CEPSA COSTA DEL SILENCIO
3125;BP GUAZA
3126;SHELL ARONA
3127;BP TEN BEL
3128;DISA CANDELARIA
3129;DISA LAS CALETILLAS
3130;TGAS
3131;DISA EL PINAR
3132;DISA FRONTERA
3133;E.S. CEPSA LA CALETA
3134;TGAS GARAFÍA
3135;CEPSA LOS LLANOS - GRANADILLA
3136;DISA GRANADILLA
3137;DISA SAN ISIDRO
3138;TGAS EL MÉDANO
3139;TGAS SANTA CATALINA
3140;DISA           STO DOMINGO
3141;E.S. CEPSA CHIO
3142;DISA PLAYA SAN JUAN
3143;DISA PUERTITO
3144;DISA GÜIMAR
3145;SHELL GUIMAR
3146;EL ESCOBONAL
3147;DISA HERMIGUA
3148;DISA ICOD DE LOS VINOS
3149;SHELL ICOD DE LOS VINOS
3150;RED DE COMBUSTIBLES CANARIOS
3151;BP LOS LLANOS
3152;DISA LA MATANZA
3153;DISA EL BOHIO
3154;SHELL ACENTEJO
3155;BP EL RAMAL
3156;CEPSA LA CAÑADA
3157;REPSOL BARROSO
3158;BP EL TROMPO
3159;SHELL LA PERDOMA
3160;SHELL EL AGUILA
3161;CEPSA PUERTO DE LA CRUZ
3162;BP PUERTO DE LA CRUZ
3163;SHELL PUNTALLANA
3164;SHELL LAS DEHESAS
3165;TGAS LA GORVORANA
3166;SHELL LOS REALEJOS
3167;DISA LOS BARROS
3168;CEPSA LA AZADILLA
3169;OCÉANO LOS REALEJOS
3170;ESTACION DE SERVICIOS EL MIRADOR
3171;TGAS EL ROSARIO
3172;SHELL LA LAGUNA
3173;ES TAXLAGUNA 
3174;BP E.S. LAS CANTERAS S.L.
3175;DISA VISTABELLA
3176;DISA OFRA
3177;OCÉANO TACO
3178;TGAS LO BALDÍOS
3179;DISA TEJINA
3180;BP TEJINA
3181;DISA BAJAMAR
3182;DISA LOS MAJUELOS
3183;CEPSA LOS ANDENES
3184;BP TACO NORTE
3185;DISA LAS CHUMBERAS
3186;BP SAN BENITO
3187;DISA PADRE ANCHIETA
3188;TGAS LAS MERCEDES
3189;DISA SAN MIGUEL
3190;ESTACIÓN DE SERVICIO EL GOMERO
3191;DISA LAS CHAFIRAS
3192;DISA MUELLE GOMERA
3193;BP BAJAMAR
3194;DISA BALNEARIO II
3195;DISA TRES DE MAYO
3196;DISA ARACAYU
3197;BP CRUZ DEL SEÑOR
3198;DISA FOMENTO
3199; BP AVENIDA 3 DE MAYO
3200;DISA VIA PENETRACION
3201;SHELL EL RAMONAL
3202;DISA TIO PINO
3203;E.S.SHELL OFRA
3204;DISA HOGAR TAXISTA
3205;DISA LAS DELICIAS
3206;DISA EL MAYORAZGO
3207;DISA CUEVAS BLANCAS
3208;DISA TACO
3209;DISA EL SOBRADILLO
3210; BP TACO
3211;DISA BARRANCO GRANDE
3212;DISA BALNEARIO I
3213;DISA NAUTICO
3214;DISA EL CHORRILLO
3215;SHELL SANTA URSULA
3216;DISA BAJADA A LOS GIGANTES
3217;DISA EL SAUZAL
3218;DISA RAVELO
3219;DISA LOS SILOS
3220;DISA TACORONTE
3221;CEPSA AGUA GARCIA
3222;TGAS TACORONTE
3223;TGAS TEGUESTE
3224;BP TEGUESTE
3225;DISA EL SOCORRO
3226;DISA VALLE GRAN REY
3227;DISA VALLEHERMOSO
3228;ESTACION  SERVICIO CHIPUDE
3229;DISA VALVERDE
3230;SHELL LA VICTORIA
3231;G CANTALEJO
3232;AN ENERGETICOS MESENOR
3233;AN GLUS
3234;CARLOS DIEZ SEGOVIA
3235;GASOLINERA EL ESPINAR DE SAN RAFAEL
3236;ANDRES TEJEDOR E HIJOS
3237;A.N. GLUS
3238;GAR
3239;BEROIL NAVALMANZANO
3240;NAVATRANS
3241;BRAVOIL 
3242;AGROCOMERCIAL HIGUERA 
3243;SEMUTRANSA
3244;CEPSA  E.S. TORRECABALLEROS (LLORSOIL)
3245;LOW COST VALLELADO
3246;CEPSA  E.S. VALVERDE (LLORSOIL)
3247;BP AP6 VILLACASTIN NORTE
3248;E.S. VILLACASTIN, S.L.
3249;BP AP6 VILLACASTIN SUR
3250;PURICON, S.C.A.
3251;GASOLIVIA 
3252;BP E.S.BAELO
3253;ZACATÍN 
3254;E.S. MAGDAOIL
3255;NOVAOIL
3256;OIL LINE
3257;PRODUCTORES DEL CAMPO, S.C.A.
3258;MOOVE
3259;SIERRA DEL TERRIL SCA
3260;E S C
3261;M4 REPOST
3262;S.C.A. LABRADORES DE LA CAMPIÑA
3263;AGLA AZNALCAZAR
3264;S.C.A. NTRA. SRA. DE LA FUENSANTA
3265;LA JULIANA
3266;AREA DE SERVICIO LAS NIEVES *
3267;AYBCARBURANTES
3268;AGLA, ES AGROENERGETICA LG
3269;BP ALJAROIL S.L.
3270;LOW COST LM EXPRESS
3271;AGRECA,S.C.A
3272;RED AHORRO 
3273;LAVABU
3274;ESTACIONES DE SERVICIO GASOLIVIA
3275;MORA Y CIUDAD COMBUSTIBLES 
3276;BP VEGA DEL REY
3277;7267
3278;OLIVARERA LA CAMPANA, S.C.A.
3279;RUTA 4
3280;GASOLINERA CAÑADA ROSAL S.L.
3281;LA CARROSALEÑA S.C.A
3282;COENCA
3283;LA ESTACION-AGLA
3284;E.S. LOS PAJARES-AGLA
3285;SAN TEODOMIRO
3286;AGRICOLA CARMONENSE S.C.A.
3287;BURBUJAS
3288;BP AVICAN CARMONA
3289;OPERADORA SEVILLANA
3290;SARAS ENERGIA
3291;E.S.LOS MOLINILLOS
3292;SEDIGAS, S.L.
3293;BP A-49 PILAS
3294;41037733
3295;GASOLINERA SANTA BARBARA
3296;EUROPA 1
3297;BP BENCIR(IKEA-CASTILLEJA)
3298;ESTACION EL CASTILLO
3299;VIRGEN DEL ROBLEDO SCA
3300;E.S. EL ROCIO
3301;E.S. IÑIGO
3302;SCA SAN ROQUE
3303;SOL
3304;CEPSA-LA DEHESA S.C.A.
3305;COTREL
3306;E.S. RODALABOTA
3307;SEAT
3308;BP NUESTRA SEÑORA DE VALME
3309;OCTANOS
3310;BP GALISES II
3311;AUTOFUEL EXPRESS
3312;BP ENTRENUCLEOS
3313;BP MONTEQUINTO
3314;CAPI
3315;COESAGRO,S.C.A.
3316;GENIL
3317;ASTIGI - ÉCIJA  - 5:30H A 23:30H
3318;EL BARRERO
3319;TRANSPORTES TEU, S.C.A.
3320;C2I
3321;BEST FUEL
3322;BP MISAN GASOLINERA
3323;NTRA. SRA. DEL ROSARIO SCA
3324;FUENTES DE ANDALUCIA E.S.
3325;395 2/2HS 40-80
3326;OLIVARERA SAN ISIDRO DE GILENA, S.C.A.
3327;MYFUEL LOW COST
3328;E.S.GINES
3329;AGLA - E.S. EL CERRO
3330;JAMAPU
3331;PETROSAND
3332;S.C.A. AGROPECUARIA DE HERRERA
3333;SURTCOOP
3334;COOP AGRICOLA LANTEJUELA
3335;LA CAMPIÑA
3336;COOPERATIVA MARISMAS
3337;LEBRIJANA DE TRANSPORTES SCA
3338;AGLA - PETROUVE
3339;E.S. ATENAS
3340;VIVA LEBRIJA
3341;LOW COST LA MOVIL
3342;BP MATALLANA LORA DEL RIO
3343;ES LOS MONOS
3344;BP EL ALAMO
3345;PETROPLUS
3346;GACOSUR MAIRENA
3347;MAIRENA AGRICOLA,S.C.A
3348;ALCOROIL S.L.
3349;A2D
3350;AUTOLAVADOS
3351;PETROBIKE
3352;AGROJARA, SCA
3353;BP EL FONTANAL
3354; EL OLIVO
3355;GASOLINERA OLIVARES
3356;VOLAROIL
3357;COMBUSTIBLES Y LAVADO LOS PALACIOS
3358;NO TIENE ROTULO
3359;COOPERATIVA AGRICOLA DE PARADAS, S.C.A.
3360;COOPERATIVA OLIVARERA DE PEDRERA, SCA
3361;LA MOVIL GRUPO PUERTAS
3362;COBELEN
3363;LOS VENTOLINES (AGLA)
3364;E.S.ALCARAYON (BP OIL)
3365;U.S. CEPSA POSTE PILAS 
3366;SCA AGRARIA SAN ANTON
3367;COOPERATIVA AGRARIA OLEAND S. COOP. AND. 
3368;OLEAND, S.COOP.AND
3369;APSCA
3370;E.S. SALVADOR CABELLO
3371;CEPSA-ARROCEROS B.G.
3372;A&B 
3373;TJ OIL
3374;E.S. LA CATRIA
3375;AGRICOLA DE EL RUBIO S.C.A.
3376;MALPESA
3377;BP CROSS
3378;BP LA PALMERA
3379;SAJARDINES
3380;ITALICA OIL
3381;BP SANTIPONCE
3382;SCA NTRA. SRA. DEL ROSARIO
3383;CEPSA GLTA.EL CID
3384;E.S. SAN LAZARO
3385;E.S. PARRAGA
3386;SAN JERONIMO GASOLINERA
3387;APJ
3388;E.S. PARQUE ALCOSA
3389;ALCAMPO S.A.
3390;E.S. SU EMINENCIA
3391;UNIÓN SEVILLANA DE SERVICIOS DEL TAXI S.C.A.
3392;RONDA NORTE
3393;NUEVA CALONGE
3394;GACOSUR PARSI
3395;BP  PARQUE DE LOS PRINCIPES
3396;PERTROPRIX
3397;BP SEVILLA SE30 CALONGE
3398;PETROAMARILLA
3399;AGLA  
3400;COOP.SAN LUIS
3401;REDCAROIL
3402;PETROUYA
3403;CANGES DEL HOYO
3404;E.S.VISTALEGRE
3405;GASOLINERA UTRERA
3406;BP LA AURORA
3407;E.S EL PALMAR
3408;TRAJANO, S.C.A.
3409;E.S. MARIA AUXILIADORA
3410;COMBUSTIBLES VILLAMANRIQUE
3411;SAN JUAN BAUTISTA S COOP AND
3412;GAS RUNNER ( Q8)
3413;TALA FOODS
3414;CAIVA
3415;UNION COMARCAL AGREDANA.S.C.L
3416;EL MAYORIA COMBUSTIBLES
3417;ÁREA 117
3418;E.S. EL VALLE
3419;LA VALENTI
3420;GAMAR
3421;ORUCA
3422;GHC SORIA
3423;GASHOME
3424;DE PEDRO
3425;GASOLEOS MARTIN NAVAS SLU
3426;ESTACION DE SERVICIO HERMANOS OLALLA 
3427;SIN DETERMINAR
3428;ES LAS CASAS
3429;DPM
3430;COPISO
3431;+B ENERGIAS
3432;EUREKA
3433;ICOR ENERGIA
3434;ALAS
3435;JAYOMI SERVEIS
3436;CARBURANTS TOSSES
3437;GASAMP
3438;QUALITY MONTSIÀ
3439;CECATRANS TRANSPORT & LOGISTICS, S.L
3440;COOP AGRICOLA DE BOT
3441;ARROSSAIRES
3442;AREA CAMBRILS COOPERATIVA
3443;PETROLIS DE BARCELONA S.A
3444;TRADILO INVERSIONES
3445;COOP. LA GALERA
3446;LA BOTIGA DEL SINDICAT
3447;COOP. AGRICOLA SANT ISIDRE
3448;ENERGETICS CONCA S.L.
3449;CATERRA
3450;LORRY PETROL
3451;ENTREAUTO
3452;MONTEPIO
3453;PETRORÀPITA
3454;CARBURANTS TOSSES 
3455;AGRICOLA DEL CAMP SANTA BARBARA
3456;COPERAL
3457;VINICOLA DE SARRAL, SCCL
3458;JOAN OILS
3459;EXOIL
3460;BP TARRAGONA CITY
3461;SIN ASIGNAR
3462;BIONET
3463;HAM BIONET
3464;SOLDEBRE
3465;CAMPO
3466;INCOENERGY
3467;ALAS CENTRAL
3468;BP LA COMETA
3469;COVILALBA
3470;COPVILAR
3471;E.S. AGUAVIVA
3472;CEREALES TERUEL
3473;GBA
3474;COOPERATIVA SAN MIGUEL
3475;COOPERATIVA PUEYOS
3476;ALCORCÍ COOPERATIVA DE LABRADORES
3477;E.S DE ALFAMBRA
3478;ESTACION DE SERVICIO
3479;GASOLEOS TERUEL
3480;RIO PANCRUDO
3481;CEREALES TERUEL 
3482;GASOLINERA JILOCA
3483;LA CALANDINA
3484;SANICOOP
3485;SUBIGAS
3486;COOP. CODOÑERA
3487;COOP.CRETAS
3488;CEREALES TERUEL S.COOP.
3489;SANBRAULIO
3490;COOP.SAN ANTONIO
3491;FYCASA LOGISTICA S.L.
3492;COOP ODON
3493;E.S.ORIHUELA DEL TREMEDAL
3494;COOP. PANCRUDO
3495;SAT. SAN FABIAN
3496;SERAGAS
3497;CIVERA
3498;AGRIMARTIN
3499;COTRATUR
3500;S.COOP.V.OLMOS
3501;COOPERATIVA DEL CAMPO SAN ANTONIO ABAD
3502;SCOAVAL
3503;SERSUCO S. COOP.
3504;GASOLEOS SERSUCO
3505;COOP. SAN MIGUEL
3506;GASOLEOS DEGAS
3507;BP ALCAUDETE DE LA JARA
3508;COOP. NTRA.SRA.DEL CAMPO
3509;PETROLIVA
3510;COOPERATIVA STMO. CRISTO DE LA PIEDAD
3511;COOP. LA SAGRA
3512;CARBURANTES AÑOVER
3513; BP  ALOD
3514;CARBURANTES ARGÉS, S.L.
3515;FASTFUELBARGAS
3516;COOP. SAN ESTEBAN
3517;PETROJARA
3518;NAVAMUEL
3519;COOP. SAN ANTONIO DE PADUA
3520;AGUDO GASOLEOS
3521;PETRODOS
3522;COOP. LA FE
3523;FARRUCO S.A.
3524;SAN ROQUE ( LOW COST )
3525;PETROCASARRUBIOS
3526;BICOCA-OIL
3527;COOP.INTEGRAL SERVICIOS DE CEBOLLA
3528;PUNTO AZUL 24H
3529;HNOS. NAVAMUEL ESPERANZA
3530;E.S. ABOX-OIL
3531;E.S. EL DESVIO
3532;COOP. EL AMARGUILLO
3533;COOP. NTRA.SRA. DE LA PAZ
3534;NTRA SRA DE LA MUELA Y LA PAZ S. COOP CLM
3535;PETROLEOS PEÑAFLOR
3536;COOP. SANTO TOMAS CANTUARIENSE
3537;PETROALBERCHE, S COOP DE CLM
3538;COOP. NTRA.SRA. PIEDRAESCRITA
3539;EL QUIJOTE
3540;COOP. NTRA.SRA. SOLEDAD
3541;PETROLEOS DE FUENSALIDA
3542;STAR24H
3543;PETROLEOS DE GALVEZ
3544;BERMUDEZ
3545;DAGAS-OIL S.L.
3546;PRADOGAS, S.COOP. DE C-LM
3547;BP LA GUARDIA
3548;PETROGUARDIA, S.COOP. DE C-LM
3549;SAN ILDEFONSO, S.COOP. DE C-LM
3550;COMBUSTIBLES HUERTA
3551;BP ILLESCAS
3552;HOILA
3553;LILLO SUMINISTROS
3554;PETROPRIX.COM
3555;CABEZA DEL CONDE
3556;CEPSA . LOHANA
3557;SUMINISTROS GASOLEOS TALAVERA, S,L.
3558;CARBUNOR
3559;BP OIL 
3560;HERMANOS FERNANDEZ GARCIA SA
3561;MAZARANOIL
3562;COOP. FUENTE DE BARTOLO
3563;COOP. NTRA.SRA. DE LA SALUD
3564;COOP. VALLE DE MENA
3565;PETROMENTRIDA
3566;COOP. SAN ISIDRO DE MIGUEL ESTEBAN
3567;COOP. AMARTAJO
3568;ECOSUMINISTROS
3569;HNOS.FERNANDEZ
3570;ACEVIN
3571;NTRA. SRA. DE LA ANTIGUA S. COOP. DE CLM
3572;BP MENCHERO VEGUE S.L.
3573;45110020416
3574;OILNAVA
3575;GAMOSA, S COOP DE CLM
3576;COOP. SAN ISIDRO DE NAVALCAN
3577;NAVALGAS, S.COOP. DE CLM
3578;BP GASOLEOS LOS NAVALMORALES
3579;GASONAVA
3580;PETRONOBLE
3581;ECOSUMINISTROS 24 H K40
3582;BP JOSMA
3583;LA MESA DE OCAÑA
3584;V.O.
3585;GASOLEORGAZ, S COOP DE CLM
3586;AGROPECUARIA SANTO CRISTO,S.COOP. DE C-LM
3587;NTRA.SRA.PAZ  PORTILLO
3588;COOP.NTRA.SRA.DEL EGIDO
3589;COOP.NTRA.SRA.SOLEDAD
3590;COOP. SANTA CRUZ DE LA JARA
3591;COOP. SAN ANTON
3592;COOP. NTRA.SRA.DEL PILAR
3593;PETROQUINTANAR, C COOP DE CLM
3594;PETROCOES     
3595;R M
3596;PETRORECAS
3597;COOP. SAN SEBASTIAN
3598;VALDELPOZO
3599;COOP. NTRA.SRA. DE GRACIA
3600;SAN SEBASTIAN DE PUSA
3601;COOP. LA COSECHA
3602;NUBOIL
3603;GASOLEOS SANTA CRUZ
3604;GAMBA OIL 
3605;PETROLEOS DE SONSECA
3606;PETROLEOS MARTIN CORPORATION
3607;BP TALVAR
3608;U.S.TORREHIERRO
3609;C. ORTIZ
3610;AZUL-OIL
3611;EDAN (REPSOL)
3612;SILVER FUEL
3613;ITV LA FLORESTA
3614;COOP. SAN FRANCISCO DE ASIS
3615;COOP. CRISTO DE LA PALMA
3616;COOP. LA HUMILDAD
3617;NATURGY TOLEDO
3618;CEPSA LA TORRE
3619;COOP. NTRA.SRA.DEL ROSARIO
3620;HENERGY
3621;COOP. STMO.CTO.VERACRUZ
3622;*
3623;J. UTRILLA
3624;PETROVENTAS, S.COOP. DE C-LM
3625;GASOLINERA VELA, S.L.
3626;COOP. SAN ISIDRO DE LA VILLA
3627;GFM CA
3628;SUMINISTROS VILLACAÑAS
3629;DELFINOIL
3630;SUMINISTROS VILLACAÑAS, S. COOP. DE C-LM
3631;CRISTO DE SANTA ANA, S. COOP. DE CLM
3632;UNION AGRICULTORES VILLAFRANCA
3633;VILLAOIL, S COOP DE CLM
3634;COOP. SAN ISIDRO DE VVA.ALCARDETE
3635;BODEGAS ALCARDET/ NTRA.SRA.PILAR DE VVA.ALCARDETE
3636;PETROBOGAS
3637;PETROCASTELAR, S COOP DE CLM
3638;LA ERMITA S.L.
3639;VEGA-MELGAR S.COOP. DE C.L.M
3640;TOBASPETRO
3641;SOCIEDAD COOPERATIVA DE TRANSPORTES DE LOS YEBENES
3642;ASOCIACION LOS YEBENES
3643;PETROYEPES
3644;PETROLCAR
3645;AUTOIL ADEMUZ
3646;GASOLINERA AGULLENT
3647;GALP - AMERICAN PETROL 
3648;BENZINA ALAQUAS
3649;ECOIL LEVANTE
3650;GASOLBEN
3651;LOWCOST24H
3652;E.S.+AGRICOLA+S.C.J.+DE+ALBAL%2C+C.V.
3653;STARMA
3654;COOPERATIVA ALBALAT
3655;BP BERTA
3656;EXOIL ALBERIC
3657;ELS GAFARRONS
3658;GASOLINERA ES
3659;BZ ALBORAYA
3660;AGRICOLA SAN JOSE ALCASSER COOP.V.
3661;CANSO+CARBURANTS
3662;PETROMAX
3663;FULL & GO
3664;ALCAMPO, S.A.
3665;GASOLINERA ALFAFAR
3666;POPULAR PRICE OIL
3667;VCC ALFAFAR
3668;DUROIL
3669;COOP EL PORVENIR
3670;PETROLEOS CN-340
3671;CRIEL
3672;COAGRI
3673;VCC ALGINET
3674;S2
3675;COAGAL
3676;CCOOPERATIVA DE ALPUENTE
3677;LOW COST ALZIRA
3678;COOP. SANT BERNAT
3679;ALZICOOP CARBURANTS
3680;ANNA
3681;COOPERATIVA SAN MARCOS
3682;INFINITY OIL
3683;LA AYORENSE CARBURANTES
3684;CARBURANTES Y SERVICIOS AYORA SL
3685;PETROMAR
3686;LOWCOST BENAGUACIL
3687;RURAL SAN VICENTE FERRER
3688;E.S. BENETUSER
3689;BENIARJO
3690;AUTOIL BENIFAIÓ
3691;SAT BEATA INES
3692;CANSO CARBUANTES BENIMODO
3693;MULTIMARCA COMBUSTIBLES
3694;COOPERATIVA DE BENISANO
3695;VC ENERGIA
3696;BP BETERA
3697;E.S. SHELL BETERA
3698;CENTRE LA VEREDA
3699;BENZINA
3700; AGRICAR
3701;COOPCARLET
3702;BP LA REINA CARLET
3703;COOPERATIVA AGRICOLA DE CASINOS
3704;E.S. AMADO S.L.
3705; BP BENICADELL
3706;ESTACIO DE SERVICI EL REGAIXO
3707;E.S.SANTA BARBARA CAMPSA
3708;HNOS. FRIGOLS LILA, S.L.
3709;E.S.CHELVA
3710;CHESTE AGRARIA
3711;CHESTE AGRARIA COOP.V.
3712;EXOIL CHIVA
3713;LA UNION CHIVANA
3714;BP CHIVA
3715;COOPERATIVA AGRICOLA SANTA BARBARA
3716;COOPERATIVA DE CORBERA
3717;BP FARO DE CULLERA
3718;PEGASOLINA STAR
3719;E.S. DAIMUS
3720;OPTYME SELF SYSTEM
3721;BP VEGA JUNCAL
3722;CAMPOENGUERA COOP V
3723;SEL
3724;GASEXPRESS FOIOS
3725;AUTOIL FOIOS
3726;COOP LA VIÑA
3727;BP A35 FUENTE LA HIGUERA
3728;GRUPO CIRUGEDA COLOM SL 
3729;VCC GANDIA
3730;UNIGESCO
3731;RUEDAS Y SUELAS
3732;REPSOL VARIANTE GANDIA
3733;SAFOROIL
3734;BP GRAU 
3735;V.C.
3736;BP OIL GODELLA
3737;SERVICOOP
3738;SERVICOOP +
3739;EL VALLE
3740;E.S. SAN CORONADO
3741;E.S. MONTECOLLADO S.L.
3742;AUTOIL LLIRIA
3743;EDETAGAS
3744;GASOLWIN LLIRIA
3745;COOPERATIVA DE LLIRIA
3746;ATUNOIL
3747;CARBURANTS+DEL+CAMP+DE+LLUTXENT
3748;GRUPO LARATRANS
3749;GASOLINERA GALMAR
3750;ASG MANISES
3751;ESTACIÓN AEROPUERTO
3752;EXOIL MANISES
3753;STELS
3754;RIBERCOST
3755;PETROMAX LEVANTE
3756;AGRICOLA SAN ISIDRO
3757;AUROSERVICIO CIRUGEDA 24 H
3758;BP HOFIRA
3759;E.S.METROARTE MONCADA
3760;BP CHASAN CAMPOS MONTSERRAT
3761;BON SERVICI
3762;COARVAL CARBURANTS
3763;CENTRE LA ALQUERIA
3764;SLH-REPSOL-MUSEROS
3765;REPSOL FENOLLOSA
3766;AUTOIL MUSEROS
3767;SLH LOW-COST MUSEROS
3768;SMET SA
3769;ROS
3770;ESTACION SERVICIO
3771;COSOTRANS
3772;MAS DEL PI
3773;LILA ENERGY
3774;LOW COST   ES J NUÑEZ 
3775;FAMILY ENERGY, S.L
3776;VCC ONTINYENT
3777;COOP. LLUTXENT-OTOS
3778;SMILE OIL
3779;TRES CAMINOS SL-DIV.LA CAÑADA
3780;BP SANTA RITA
3781;MIGUEL PI
3782;ELDISSER
3783;BP PARQUE TECNOLÓGICO
3784;E.S. METROARTE
3785;GALP-3 CAMINOS
3786;VCC PATERNA 
3787;BZ ESTACION DE SERVICIO
3788;MAS GASOIL
3789;TC CAMPILLO
3790;ANYMORE TRANSPORT, SL
3791;BP E.S. FAITANAR
3792;DIESELF
3793;AUTOIL PICASSENT
3794;COOPIC
3795;BP PICASSENT
3796;GASEXPRESS LA POBLA DE FARNALS
3797;COOPERATIVA AGRICOLA LA POBLA S.C.V.
3798;RED OIL TEC
3799;GASOLEOS LA ELIANA
3800;AUTOIL LA POBLA DE VALLBONA
3801;REPOSTA EXPRESS
3802;COPUZOL
3803;AUTOIL PUZOL
3804;PUZOL
3805;PUÇOIL
3806;GASEXPRESS PUZOL
3807;GASPUIG
3808;BP EL PUIG
3809;BP AMAYVI I
3810;BP RIU TURIA
3811;BP RAFELBUNYOL GRUPO MAICAS
3812;YENO
3813;EXOIL REAL DE GANDIA
3814;EXOIL EXPRESS
3815;COOP. EL PROGRESO
3816;BP OLIVERAL GRUPO MAICAS
3817;MOLGAS ALZ
3818; OCTAPLUS
3819;REPSOL CARBURANTES SAGUNTO
3820;RAPIDFUEL
3821;OPTYME
3822;BP PUERTO DE SAGUNTO
3823;CARBURANTES SAGUNTO
3824;GASOPRIX
3825;BENZINA CARBURANTES
3826;BDMED SAGUNTO
3827;AUTOIL SAN ANTONIO
3828;SAN ANTONIO OIL
3829;SIN ABANDERAMIENTO
3830;BP  MARIOLA
3831;TEXAKO TRUCKS
3832;EXOIL PISTA DE SILLA
3833;GLOBAL TANK SILLA
3834;COOP SILLA
3835;+OIL
3836;GASOPOTENZ
3837;MANCEBO
3838;E.S.VISA
3839;E.S. MIDES, S.L.
3840;BP EL SEQUIAL
3841;ECONOMY CASH 24H
3842;BP SUECA
3843;FUTURGASOIL
3844;ALROOIL
3845;BP VALLDIGNA
3846;UNITAT 2000
3847;LANDETE GIMENO
3848;E.S.TITAGUAS S.L
3849;BP BERNABE MARI
3850;BP TORRENTE
3851;GAS DEL MAS
3852;AS TURÍS
3853;GALP-3CAMINOS UTIEL
3854;COOP. VIRGEN DE LORETO
3855;E.S. FORN D'ALCEDO S.L.
3856;NATURGY VALENCIA SUR
3857; E.S. SUR
3858;LION ENERGY
3859;BP ARNAU
3860;BP CAMPANAR
3861; E.S. LA TORRETA
3862;GALP/3CAMINOS-VALENCIA
3863;BP FUSA
3864;TAXCO
3865;BP CASTILVIEJO
3866;BP LA CRUZ
3867;CARRREFOUR
3868;TRANSPORTES GENERALES ORTEGA SL
3869;LB ENERGIA
3870;BP PINEDO
3871;BP LA DEHESA
3872;ESTACION DE SERVICIO SORIANO S.L.
3873;BENZINERA VILAMARXANT
3874;E.S. VILLALONGA
3875;MASIP
3876;CEPSA CANONCHE
3877;TOSCANA LOW COST
3878;JEISER OIL
3879;FAMILY ENERGY,SL
3880;LOW COST CIRUGEDA
3881;BP AP7 LA SAFOR ALICANTE
3882;BP AP7 LA SAFOR VALENCIA
3883;GAX
3884;AUTOIL XIRIVELLA
3885;SCVA VIRGEN DESAMPARADOS
3886;GASEXPRESS VALLADOLID 5
3887;SAN AGUSTIN
3888;BECILLA
3889;EL PARAMO S.C.L.
3890;COCOPE S.COOP
3891;ARION
3892;SERVICOCETRA S.L.U.
3893;ES CASTRONUÑO
3894;E.S. REAL
3895;COCOPE S.COOP.
3896;AN ENERGETICOS, S.L. - ESGUEVILLAS DE ESGUEVA
3897;ION+
3898;COCOCEA
3899;SUGASYL SL
3900;AN ENERGÉTICOS - MEDINA DE RIOSECO
3901;NUÑEZ VILLARREAL
3902;MAXPETROL 
3903;LA LOBA 2000
3904;COOP COCOL
3905;E.S.PEDRAJAS
3906;AUTOSERVICIO 24H JLZ
3907;COCOPE, S. COOP.
3908;LOS CEAS
3909;COOP LATARCE
3910;AVIA U.S. LA AGUILERA
3911;SERVATRA
3912;SVG
3913;COADUERO
3914;EOIL
3915;SHELL 
3916;AN ENERGETICOS - JARAMIEL
3917;GASEXPRESS 
3918;ESTACION AUTOBUSES VALLADOLID
3919;ESPECIAL OIL
3920;TEXACOIL
3921;TENCAR
3922;DEL OLMO HERMANOS
3923;DST ARCA REAL
3924;CENTROLID
3925;DST MERCAOLID
3926;ESPANOIL
3927;BEROIL VILLANUBLA
3928;GASOLINERA ZARATAN
3929;REPOSTAR--ZARATAN
3930;FERTIBLEND
3931;BEROIL 
3932;NUTECAL
3933;COORDINACION AGRARIA SA
3934;CARAMANZANA MARKETING Y MEDIO AMBIENTE, S.L.
3935;|> ENERTRIX <|
3936;REPSOL CASTRILLO DE LA  GUAREÑA
3937;BP PUEBLA DE SANABRIA MD
3938;BP PUEBLA DE SANABRIA MI
3939;AGRODUERO S. COOP. LTDA.
3940;EL PILAR
3941;SEGUIN Y DIEGO S.L.
3942;E.S. DIEZ CENTIMOS
3943;REPSOL MONFARRACINOS
3944;LOSADA CEPSA - MONTAMARTA
3945;REPOSTAR - ANSELMO MONTERO BRAGADO
3946;MUELAS DEL PAN
3947;REPOSTAR--ALFA
3948;LA CHUCA
3949;REPOSTAR,  ANTONIO  DEL ESTAL LÓPEZ S.L.
3950;E.S. CASHER
3951;SERVICIOS AGRARIOS LA UNION SLU
3952;CEPSA-ELF
3953;AREA DE SERVICIO TORO
3954;AGRINZA
3955;MOZAR ENERGIA
3956;REPOSTAR GOMEZ OSORIO
3957;REPSOL - LOSADA RONDA
3958;REPSOL -  LOSADA  AVENIDA
3959;REPOSTAR--VISTA ALEGRE
3960;STAR OIL ZAMORA
3961;MORAOIL
3962;COOPERATIVA VITICOLA SAN JOSE
3963;CRIANZAS Y VIÑEDOS SANTO CRISTO, S. COOP.
3964;SANANTONIO
3965;OCHOA LORES (LA JAREA)
3966;ALFA ENERGY
3967;COOP. SAN ISIDRO SCL
3968;COSANSE
3969;COOPERATIVA DE AMBEL
3970;ARENTO
3971;COOPERATIVA SAN MARTIN
3972;COOP BORJA
3973;BOLA
3974;SENERSA S.L
3975;COOP SAN AGUSTIN
3976;COOP. SAN ATILANO
3977;MG
3978;E.S. VALDEHERRERA
3979;LA CHARLUCA ES
3980;CALATORAO ES
3981;BODEGA SANTO CRISTO
3982;DECA 2006 
3983;COOP. SAN LAMBERTO
3984;GANAR, S. COOP.
3985;SOCIEDAD COOPERATIVA AGRARIA VIRGEN OLIVA SCL
3986;CRISTO DEL CASTILLO
3987;SAN GREGORIO
3988;MONTE ALUMA
3989;E.S.SANTA FE
3990;S.A.T. 23 - CUBEL
3991;COOP. VIRGEN OLIVA
3992;SAN MIGUEL ARCANGEL
3993;S.C.A. SAN MATEO
3994;E.S.EPILA
3995;COOPERATIVA SAN PEDRO ARBUES
3996;MLC ALUENDA
3997;COVA
3998;COOP GALLOCANTA
3999;COSANPE
4000;SDAD. COOP. AGRARIA VIRGEN DE HERRERA
4001;D P S
4002;E.S. LA JOYOSA
4003;COOP. LANGA DEL CASTILLO
4004;ES NTRA SRA OLIVAR
4005;COOP. SAN ISIDRO LECIÑENA
4006;COOP. SAN ESTEBAN DE LUESIA
4007;SAN FRANCISCO DE ASIS
4008;COOPERATIVA DE LUNA
4009;MAGALIA ENERGIA, S.L.
4010;E.S.MAELLA
4011;SANTO CRISTO DE MAGALLON S.C.C.
4012;COOP. MAINAR
4013;COOPERATIVA COMARCAL STMO CRISTO DE LA COLUMNA
4014;COSANCLEMENTE
4015;E.S.LA MUELA
4016;EL PLANO
4017;CARBURANTES NONASPE, SL
4018;COOP. NTRA.SRA. PILAR
4019;MONTEPIEDRA
4020;MARCOTRAN
4021;CAPSA
4022;COALFA
4023;COOPERATIVA SAN GREGORIO
4024;SOCIEDAD COOPERATIVA AGRARIA SANTA ANA
4025;COOP SAN JOSE
4026;COOP SAN JOSE - ARENTO
4027;COOP. VIRGEN DEL ROSARIO
4028;SDAD.COOP.SAN ANTONIO
4029;COOP SIERRA DE LUNA
4030;AN ENERGETICOS S,L - SOS DEL REY CATOLICO
4031;COOP.AGR. NTRA. SEÑORA DEL NIÑO PERDIDO
4032;COOPERATIVA SAN ATILANO
4033;SASO DE MIRA S.L.
4034;CAMPO DE USED
4035;COOPERATIVA SANTA ANA
4036;COOPERATIVA DE VALPALMAS
4037;EL PUEYO
4038;US SAN MIGUEL
4039;COOP.VILLARREAL
4040;ES MIRALBUENO CEPSA
4041;GASOLPRIME
4042;ARAGONESA DE TRANSPORTES SCL
4043;JMR SERVICIOS, S.L.
4044;BP AVELLANAS
4045;DAGO
4046;COOPERATIVA SAN LAMBERTO
4047;AN ENERGETICOS - ZUERA
4048; Sin Rótulo
4049;COFRADIA DE PESCADORES DE CALPE
4050;MARINA DE DENIA S.A
4051;MARINA DE LAS DUNAS (REPSOL)
4052;NOU FONTANA
4053;MARINA MIRAMAR
4054;MARINA SALINAS DE TORREVIEJA
4055;COFRADIA
4056;ALCUDIAMAR
4057;CLUB NAUTICO LA RAPITA
4058;GALP- CLUB NÁUTICO CIUTADELLA  
4059;U.S.PUERTO FORNELLS
4060;CLUB DE MAR - MALLORCA
4061;POR RELLENAR
4062;RCNPP
4063;COFRADIA DE PESCADORS DE VILANOVA I LA GELTRU
4064;TRAFALGAR OILS
4065;MARINA BURRIANANOVA, S.A.
4066;REAL CLUB NAUTICO DE CASTELLON
4067;CLUB NAUTICO DE OROPESA
4068;MARINA CORUÑA
4069;SADAMAR - GALP
4070;CLUB VELA BLANES
4071;CLUB NAUTIC L'ESCALA
4072;CLUB NÀUTIC LLANÇÀ
4073;PETREM MAR
4074;CLUB NAUTIC SANT FELIU DE GUIXOLS
4075;CLUB NAUTIC ESTARTIT
4076;ENERPUS
4077;ROYMAGA PETROELOS
4078;PALUSOIL, S.L.U.
4079;H2GO REPSOL MORRO JABLE
4080;MARINA PUERTO CALERO
4081;COMBUSTIBLES PUERTO DE CANGAS
4082;MARINA DAVILA
4083;E.S. PORTO DE VILAXOAN
4084;CARBURANTES PORTO DE VILANOVA
4085;ALAS - PORT CALAFAT
4086;PORT SEGUR CALAFELL, S.A.
4087;CARBURANTS DEL MONTSIÀ
4088;VILALTA CORPORACION S.A.
4089;POBLA MARINA
4090;EXCLUSIVAS BAYMAR, S.A.
