municipio_id;provincia_id;nombre
1;26;BALAZOTE
2;26;MONTEALEGRE DEL CASTILLO
3;26;VERA
4;1;CANGAS DEL NARCEA
5;1;SAN MARTÍN DE OSCOS
6;1;CASTILBLANCO
7;1;CORONADA (LA)
8;1;CERVELLÓ
9;1;MONTORNÈS DEL VALLÈS
10;2;PARDILLA
11;12;ARROYO DE LA LUZ
12;12;CASTAÑAR DE IBOR
13;12;MERUELO
14;38;HIGUERUELA
15;38;ALCALALÍ
16;38;CARBONERAS
17;38;CUEVAS DEL ALMANZORA
18;38;MACAEL
19;38;VÍCAR
20;38;SAN MARTÍN DEL REY AURELIO
21;31;MONTIJO
22;31;CASTELLBISBAL
23;31;ESPLUGUES DE LLOBREGAT
24;31;GUALBA
25;31;GURB
26;31;OLÈRDOLA
27;31;SANT QUIRZE DEL VALLÈS
28;31;VILADECAVALLS
29;31;ARTEA
30;31;ERANDIO
31;31;PINOFRANQUEADO
32;18;LÁUJAR DE ANDARAX
33;18;BARCO DE ÁVILA (EL)
34;18;PUEBLA DE LA CALZADA
35;39;PETRA
36;39;SASAMÓN
37;39;VILLALMANZO
38;39;AHIGAL
39;39;CASAR DE CÁCERES
40;16;JEREZ DE LA FRONTERA
41;16;BANYERES DE MARIOLA
42;13;VILLAR DE RENA
43;13;LLUCMAJOR
44;13;SANTA EULÀLIA DE RONÇANA
45;13;SANTA MARÍA DE CAYÓN
46;35;ALGORFA
47;35;ORBA
48;35;PALACIOS DE GODA
49;35;CAMPANARIO
50;17;SAN VICENTE DE ALCÁNTARA
51;17;ALAIOR
52;49;BINISSALEM
53;49;MASNOU (EL)
54;31;SANT VICENÇ DELS HORTS
55;31;SANTA MARGARIDA DE MONTBUI
56;18;MEDINA DE POMAR
57;18;VALLE DE TOBALINA
58;39;ALMARAZ
59;26;VILLALGORDO DEL JÚCAR
60;35;CATRAL
61;35;JÁVEA/XÀBIA
62;1;GÉRGAL
63;31;ÒDENA
64;49;ABADIÑO
65;49;BALMASEDA
66;18;ROA
67;18;VALLE DE SEDANO
68;39;CAÑAVERAL
69;26;FUENTEALBILLA
70;26;HELLÍN
71;26;POZO-LORENTE
72;35;HONDÓN DE LAS NIEVES
73;35;REDOVÁN
74;1;ABLA
75;1;ANTAS
76;1;DALÍAS
77;1;VÉLEZ-RUBIO
78;12;GRANDAS DE SALIME
79;17;SAN ESTEBAN DEL VALLE
80;38;ALBUERA (LA)
81;38;ALCONCHEL
82;38;BADAJOZ
83;38;MONESTERIO
84;38;VILLAGONZALO
85;13;SANTA MARÍA DEL CAMÍ
86;31;AMETLLA DEL VALLÈS (L')
87;31;MOLLET DEL VALLÈS
88;31;SALDES
89;31;SANT ANDREU DE LLAVANERES
90;31;SANT FRUITÓS DE BAGES
91;31;SANTA MARGARIDA I ELS MONJOS
92;31;VALLGORGUINA
93;18;BERBERANA
94;39;ALCÁNTARA
95;2;ALGECIRAS
96;2;BARRIOS (LOS)
97;2;TREBUJENA
98;16;PENAGOS
99;16;PUENTE VIESGO
100;16;RIBAMONTÁN AL MAR
101;26;ALCALÁ DEL JÚCAR
102;1;FIÑANA
103;1;NACIMIENTO
104;17;NAVA DE ARÉVALO
105;13;MAHÓN
106;31;MONTMELÓ
107;31;PAPIOL (EL)
108;49;OTXANDIO
109;18;CARCEDO DE BURGOS
110;18;QUINTANILLAS (LAS)
111;18;SALAS DE LOS INFANTES
112;2;BOSQUE (EL)
113;26;VILLAPALACIOS
114;35;FINESTRAT
115;35;HONDÓN DE LOS FRAILES
116;1;LUBRÍN
117;1;ORIA
118;47;ALEGRÍA-DULANTZI
119;47;AMURRIO
120;47;ARRAIA-MAEZTU
121;47;ARRAZUA-UBARRUNDIA
122;47;ARTZINIEGA
123;12;TEVERGA
124;17;CANDELEDA
125;17;PIEDRAHÍTA
126;38;BARCARROTA
127;38;BERLANGA
128;38;HIGUERA LA REAL
129;13;SANT JOAN
130;13;SANT JOAN DE LABRITJA
131;13;SANT JOSEP DE SA TALAIA
132;31;LLIÇÀ D'AMUNT
133;31;LLINARS DEL VALLÈS
134;31;MANLLEU
135;31;MASIES DE VOLTREGÀ (LES)
136;31;PALAU-SOLITÀ I PLEGAMANS
137;31;PARETS DEL VALLÈS
138;31;TEIÀ
139;31;TORELLÓ
140;31;TORRE DE CLARAMUNT (LA)
141;49;BASAURI
142;49;BERANGO
143;49;BERRIZ
144;49;BILBAO
145;49;DERIO
146;49;ETXEBARRI, ANTEIGLESIA DE SAN ESTEBAN-ETXEBARRI DONEZTEBEKO
147;49;GERNIKA-LUMO
148;49;GETXO
149;49;GORDEXOLA
150;49;GORLIZ
151;49;IGORRE
152;49;IURRETA
153;49;IZURTZA
154;49;KARRANTZA HARANA/VALLE DE CARRANZA
155;49;LARRABETZU
156;49;LEIOA
157;49;PORTUGALETE
158;49;SOPELANA
159;49;VALLE DE TRÁPAGA-TRAPAGARAN
160;49;ZIERBENA
161;18;AMEYUGO
162;18;CASTRILLO DE LA VEGA
163;18;GUMIEL DE IZÁN
164;18;OLMEDILLO DE ROA
165;18;VILLALBILLA DE BURGOS
166;18;VILLAZOPEQUE
167;39;GALISTEO
168;39;JARANDILLA DE LA VERA
169;2;CASTELLAR DE LA FRONTERA
170;26;ALATOZ
171;35;GUARDAMAR DEL SEGURA
172;35;ROMANA (LA)
173;12;RIBADESELLA
174;38;CALAMONTE
175;38;LLERENA
176;38;SANTA MARTA
177;38;TORRE DE MIGUEL SESMERO
178;38;VALENCIA DE LAS TORRES
179;38;VILLANUEVA DEL FRESNO
180;13;ALGAIDA
181;13;CAMPOS
182;13;POLLENÇA
183;31;CARDEDEU
184;31;IGUALADA
185;18;FRANDOVÍNEZ
186;2;ALCALÁ DE LOS GAZULES
187;16;REINOSA
188;16;RUENTE
189;16;SAN FELICES DE BUELNA
190;35;BUSOT
191;35;ORIHUELA
192;1;CANJÁYAR
193;12;COAÑA
194;17;ADANERO
195;17;MADRIGAL DE LAS ALTAS TORRES
196;17;PEDRO BERNARDO
197;38;PUEBLA DE OBANDO
198;13;SÓLLER
199;31;ARENYS DE MAR
200;31;BALSARENY
201;31;SANT ISCLE DE VALLALTA
202;31;SANT JOAN DESPÍ
203;31;TORDERA
204;18;VILLADIEGO
205;39;TEJEDA DE TIÉTAR
206;2;VEJER DE LA FRONTERA
207;26;MADRIGUERAS
208;26;TARAZONA DE LA MANCHA
209;26;VALDEGANGA
210;12;CASTROPOL
211;13;MANACOR
212;31;BADALONA
213;39;MADRIGALEJO
214;39;MIAJADAS
215;39;MOHEDAS DE GRANADILLA
216;39;MONTÁNCHEZ
217;39;TORRECILLAS DE LA TIESA
218;2;ARCOS DE LA FRONTERA
219;16;RIBAMONTÁN AL MONTE
220;38;ESPARRAGALEJO
221;13;ESPORLES
222;31;SANT CELONI
223;31;SANT CUGAT DEL VALLÈS
224;18;FUENTECÉN
225;39;ARROYOMOLINOS
226;39;SANTIAGO DEL CAMPO
227;35;CAÑADA
228;35;CREVILLENT
229;35;IBI
230;31;ARENYS DE MUNT
231;31;SANT QUIRZE SAFAJA
232;18;BELORADO
233;18;OÑA
234;18;REVILLA Y AHEDO (LA)
235;18;VILLAGONZALO PEDERNALES
236;39;MORALEJA
237;2;JIMENA DE LA FRONTERA
238;2;PUERTO DE SANTA MARÍA (EL)
239;26;POZUELO
240;35;JACARILLA
241;35;NOVELDA
242;47;ELBURGO/BURGELU
243;12;BOAL
244;17;MUÑANA
245;38;VILLAFRANCA DE LOS BARROS
246;38;VILLALBA DE LOS BARROS
247;31;CABRILS
248;31;SANTA MARIA DE CORCÓ
249;49;SESTAO
250;18;SANTA MARÍA DEL CAMPO
251;39;MALPARTIDA DE CÁCERES
252;39;RIOLOBOS
253;2;BORNOS
254;2;PRADO DEL REY
255;16;CARTES
256;16;CORRALES DE BUELNA (LOS)
257;16;CORVERA DE TORANZO
258;26;BIENSERVIDA
259;26;NERPIO
260;26;PEÑAS DE SAN PEDRO
261;35;CASTALLA
262;35;COCENTAINA
263;1;ZURGENA
264;12;CANGAS DE ONÍS
265;38;ACEDERA
266;13;FORMENTERA
267;13;MONTUÏRI
268;13;VILAFRANCA DE BONANY
269;31;BERGA
270;31;NAVÀS
271;31;SANT ANTONI DE VILAMAJOR
272;18;PUEBLA DE ARGANZÓN (LA)
273;18;QUINTANAPALLA
274;39;LOSAR DE LA VERA
275;2;PUERTO REAL
276;2;ROTA
277;16;COMILLAS
278;26;MINAYA
279;1;MOJONERA (LA)
280;12;PILOÑA
281;38;MONTEMOLÍN
282;38;USAGRE
283;13;MERCADAL (ES)
284;31;CALAF
285;31;FOGARS DE LA SELVA
286;31;MALLA
287;31;SANT LLORENÇ D'HORTONS
288;49;AMOREBIETA-ETXANO
289;2;OLVERA
290;16;CAMPOO DE ENMEDIO
291;16;CILLORIGO DE LIÉBANA
292;35;ASPE
293;35;DOLORES
294;35;TIBI
295;1;ALBOX
296;1;NÍJAR
297;1;RIOJA
298;12;GRADO
299;12;LENA
300;12;OVIEDO
301;17;NAVARREDONDILLA
302;31;CANYELLES
303;31;CASTELLDEFELS
304;31;JORBA
305;31;LLAGOSTA (LA)
306;31;OLESA DE MONTSERRAT
307;31;POBLA DE CLARAMUNT (LA)
308;31;PRATS DE LLUÇANÈS
309;31;PREMIÀ DE MAR
310;31;SANT VICENÇ DE CASTELLET
311;31;TERRASSA
312;18;PALACIOS DE LA SIERRA
313;39;SANTA CRUZ DE LA SIERRA
314;16;CASTAÑEDA
315;16;RIONANSA
316;26;CENIZATE
317;35;ALFÀS DEL PI (L')
318;35;SAN MIGUEL DE SALINAS
319;1;FINES
320;1;MARÍA
321;1;MOJÁCAR
322;1;PULPÍ
323;47;RIBERA BAJA/ERRIBERA BEITIA
324;12;CABRALES
325;12;MORCÍN
326;38;ALMENDRAL
327;38;MONTERRUBIO DE LA SERENA
328;38;NAVA DE SANTIAGO (LA)
329;38;QUINTANA DE LA SERENA
330;38;SEGURA DE LEÓN
331;31;ARGENTONA
332;31;CALELLA
333;31;MOIÀ
334;31;SANT JOAN DE VILATORRADA
335;49;MUXIKA
336;49;URDUÑA-ORDUÑA
337;49;ZALLA
338;39;ALDEA DEL CANO
339;39;CÁCERES
340;39;MONTEHERMOSO
341;39;POZUELO DE ZARZÓN
342;2;MEDINA-SIDONIA
343;16;CABEZÓN DE LA SAL
344;16;PIÉLAGOS
345;35;MURO DE ALCOY
346;12;PEÑAMELLERA BAJA
347;12;SALAS
348;12;SAN TIRSO DE ABRES
349;38;SOLANA DE LOS BARROS
350;38;TALARRUBIAS
351;13;ARTÀ
352;13;BUNYOLA
353;13;EIVISSA
354;39;CORIA
355;2;ALCALÁ DEL VALLE
356;16;RUILOBA
357;16;SANTANDER
358;35;MONFORTE DEL CID
359;35;SAN ISIDRO
360;35;SANT JOAN D'ALACANT
361;1;BERJA
362;1;CHIRIVEL
363;47;CAMPEZO/KANPEZU
364;47;IRUÑA OKA/IRUÑA DE OCA
365;17;HERNANSANCHO
366;17;MOMBELTRÁN
367;17;NAVALPERAL DE PINARES
368;17;NAVALUENGA
369;38;CASTUERA
370;38;OLIVENZA
371;31;MONTCADA I REIXAC
372;31;SANT ESTEVE SESROVIRES
373;49;GALDAKAO
374;49;GÜEÑES
375;49;MALLABIA
376;49;MUNDAKA
377;18;ESTÉPAR
378;26;ELCHE DE LA SIERRA
379;26;GOLOSALVO
380;26;YESTE
381;35;MONÓVAR/MONÒVER
382;1;CANTORIA
383;47;LLODIO
384;47;SALVATIERRA/AGURAIN
385;12;NOREÑA
386;17;SAN PEDRO DEL ARROYO
387;38;GUAREÑA
388;38;PUEBLA DE ALCOCER
389;38;RIBERA DEL FRESNO
390;38;SANTOS DE MAIMONA (LOS)
391;38;VALDECABALLEROS
392;38;ZAFRA
393;31;CALLDETENES
394;31;PACS DEL PENEDÈS
395;31;RUBÍ
396;31;VACARISSES
397;49;SANTURTZI
398;39;VALENCIA DE ALCÁNTARA
399;2;CHIPIONA
400;2;TARIFA
401;16;MOLLEDO
402;1;ALHAMA DE ALMERÍA
403;17;ESPINOSA DE LOS CABALLEROS
404;38;ROCA DE LA SIERRA (LA)
405;38;VALLE DE LA SERENA
406;31;MATARÓ
407;18;MERINDAD DE SOTOSCUEVA
408;39;GARROVILLAS DE ALCONÉTAR
409;39;NAVALMORAL DE LA MATA
410;39;TORRE DE SANTA MARÍA
411;39;VALDASTILLAS
412;35;BENITACHELL/POBLE NOU DE BENITATXELL (EL)
413;35;MONTESINOS (LOS)
414;35;SALINAS
415;35;TEULADA
416;1;SORBAS
417;12;ALLER
418;38;CALZADILLA DE LOS BARROS
419;38;PEÑALSORDO
420;31;SÚRIA
421;49;ZEANURI
422;39;TORNO (EL)
423;16;ARENAS DE IGUÑA
424;16;RAMALES DE LA VICTORIA
425;26;BONILLO (EL)
426;26;HOYA-GONZALO
427;26;PÉTROLA
428;35;ALTEA
429;35;SAN VICENTE DEL RASPEIG/SANT VICENT DEL RASPEIG
430;17;ARENAS DE SAN PEDRO
431;17;MINGORRÍA
432;17;NAVAS DEL MARQUÉS (LAS)
433;38;ENTRÍN BAJO
434;38;PUEBLONUEVO DEL GUADIANA
435;38;TALAVERA LA REAL
436;38;VALENCIA DEL VENTOSO
437;38;VILLAR DEL REY
438;38;ZAHÍNOS
439;38;ZALAMEA DE LA SERENA
440;31;TORRELLES DE LLOBREGAT
441;18;MERINDAD DE MONTIJA
442;18;VALLE DE VALDELUCIO
443;39;PASARÓN DE LA VERA
444;2;CÁDIZ
445;16;POLANCO
446;26;CASAS DE VES
447;35;COX
448;35;ELDA
449;35;GATA DE GORGOS
450;35;MUTXAMEL
451;35;ONIL
452;1;HUÉRCAL DE ALMERÍA
453;1;OLULA DEL RÍO
454;12;BELMONTE DE MIRANDA
455;17;ORBITA
456;38;HIGUERA DE VARGAS
457;38;PUEBLA DEL MAESTRE
458;38;SIRUELA
459;38;VALDELACALZADA
460;38;VALENCIA DEL MOMBUEY
461;38;VALLE DE SANTA ANA
462;38;VALVERDE DE MÉRIDA
463;38;VILLANUEVA DE LA SERENA
464;13;SANT ANTONI DE PORTMANY
465;31;CORNELLÀ DE LLOBREGAT
466;31;MOLINS DE REI
467;18;ARCOS
468;18;MILAGROS
469;18;VADOCONDES
470;39;MADROÑERA
471;39;NUÑOMORAL
472;39;PALOMERO
473;2;VILLAMARTÍN
474;35;FORMENTERA DEL SEGURA
475;47;VITORIA-GASTEIZ
476;17;ÁVILA
477;17;SOLOSANCHO
478;13;CAPDEPERA
479;31;PONT DE VILOMARA I ROCAFORT (EL)
480;31;SANT ANDREU DE LA BARCA
481;31;SANTA MARIA DE PALAUTORDERA
482;31;SANTPEDOR
483;31;VIC
484;49;MUNGIA
485;49;URDULIZ
486;18;BURGOS
487;18;CALERUEGA
488;39;ZORITA
489;2;BARBATE
490;26;CAUDETE
491;35;ALCOY/ALCOI
492;35;ALICANTE/ALACANT
493;35;CALLOSA D'EN SARRIÀ
494;35;ELCHE/ELX
495;35;NUCIA (LA)
496;35;TORREVIEJA
497;12;MIERES
498;12;VEGADEO
499;38;CAMPILLO DE LLERENA
500;38;CORDOBILLA DE LÁCARA
501;38;MEDINA DE LAS TORRES
502;38;TORREMEJÍA
503;13;FELANITX
504;13;INCA
505;31;BADIA DEL VALLÈS
506;31;PALLEJÀ
507;31;PIERA
508;31;SANT SALVADOR DE GUARDIOLA
509;18;ESPINOSA DE LOS MONTEROS
510;18;FUENTESPINA
511;18;MADRIGALEJO DEL MONTE
512;18;TRESPADERNE
513;18;VALLE DE LOSA
514;39;BARRADO
515;39;CUACOS DE YUSTE
516;39;GUADALUPE
517;39;PERALES DEL PUERTO
518;39;TALAYUELA
519;2;BENALUP-CASAS VIEJAS
520;26;ABENGIBRE
521;35;BENIJÓFAR
522;35;VILLENA
523;47;SAN MILLÁN/DONEMILIAGA
524;17;CEBREROS
525;17;NAVARREDONDA DE GREDOS
526;17;TORRE (LA)
527;38;MÉRIDA
528;13;MARRATXÍ
529;13;SENCELLES
530;31;MALGRAT DE MAR
531;31;PLA DEL PENEDÈS (EL)
532;31;POLINYÀ
533;31;PUIG-REIG
534;31;RODA DE TER
535;26;OSSA DE MONTIEL
536;26;RIÓPAR
537;35;ALBATERA
538;35;SANTA POLA
539;1;VÉLEZ-BLANCO
540;12;LLANERA
541;12;TAPIA DE CASARIEGO
542;38;ALANGE
543;38;FUENLABRADA DE LOS MONTES
544;38;FUENTE DEL MAESTRE
545;38;GRANJA DE TORREHERMOSA
546;38;SALVALEÓN
547;31;CABRERA DE MAR
548;31;CASTELLGALÍ
549;31;OLOST
550;31;SANT MARTÍ SARROCA
551;31;SEVA
552;31;VALLROMANES
553;49;UGAO-MIRABALLES
554;18;CONDADO DE TREVIÑO
555;18;LERMA
556;18;RUBENA
557;18;VALLE DE VALDEBEZANA
558;39;CAMPO LUGAR
559;2;ALGODONALES
560;2;LÍNEA DE LA CONCEPCIÓN (LA)
561;2;SAN ROQUE
562;2;SANLÚCAR DE BARRAMEDA
563;35;AGOST
564;35;BENISSA
565;1;SERÓN
566;1;TABERNAS
567;1;TAHAL
568;1;TÍJOLA
569;12;LAVIANA
570;12;NAVIA
571;17;TIEMBLO (EL)
572;38;AHILLONES
573;38;ALMENDRALEJO
574;38;JEREZ DE LOS CABALLEROS
575;38;SAN PEDRO DE MÉRIDA
576;31;MONTMANEU
577;18;MELGAR DE FERNAMENTAL
578;39;CABEZUELA DEL VALLE
579;2;SETENIL DE LAS BODEGAS
580;13;VALLDEMOSSA
581;26;ALBACETE
582;1;SANTA FE DE MONDÚJAR
583;12;CASTRILLÓN
584;31;PALMA DE CERVELLÓ (LA)
585;31;VILAFRANCA DEL PENEDÈS
586;18;BASCONCILLOS DEL TOZO
587;39;PERALEDA DE LA MATA
588;39;VILLAR DEL PEDROSO
589;35;ALGUEÑA
590;35;BENIDORM
591;35;CALLOSA DE SEGURA
592;35;CAMPELLO (EL)
593;35;PILAR DE LA HORADADA
594;35;PINOSO
595;35;SAN FULGENCIO
596;12;PARRES
597;12;RIBERA DE ARRIBA
598;17;ADRADA (LA)
599;17;ARÉVALO
600;17;BLASCOSANCHO
601;17;HOYO DE PINARES (EL)
602;38;ORELLANA LA VIEJA
603;13;ALCÚDIA
604;13;ANDRATX
605;13;CAMPANET
606;13;CIUTADELLA DE MENORCA
607;13;PALMA DE MALLORCA
608;13;SON SERVERA
609;31;BALENYÀ
610;31;CASTELLAR DEL VALLÈS
611;31;GELIDA
612;18;ARANDA DE DUERO
613;39;CAMINOMORISCO
614;39;TORREJÓN EL RUBIO
615;39;VILLANUEVA DE LA VERA
616;39;ZARZA LA MAYOR
617;2;ALGAR
618;2;ESPERA
619;16;SANTA CRUZ DE BEZANA
620;31;ALELLA
621;31;ARTÉS
622;31;ESPARREGUERA
623;31;GAVÀ
624;31;PALAFOLLS
625;31;SANT MARTÍ D'ALBARS
626;31;SANT VICENÇ DE TORELLÓ
627;31;VILADECANS
628;18;VILLANUEVA DE ARGAÑO
629;2;GRAZALEMA
630;16;HAZAS DE CESTO
631;35;BENEIXAMA
632;35;VERGER (EL)
633;12;RIBADEDEVA
634;17;SOTILLO DE LA ADRADA
635;17;VELAYOS
636;38;FREGENAL DE LA SIERRA
637;38;HORNACHOS
638;18;CILLERUELO DE ABAJO
639;39;JARAÍZ DE LA VERA
640;2;SAN FERNANDO
641;16;AMPUERO
642;26;SOCOVOS
643;17;BARRACO (EL)
644;31;BARCELONA
645;31;CANET DE MAR
646;31;GRANADA (LA)
647;49;LOIU
648;16;LIENDO
649;35;CALPE/CALP
650;35;VILLAJOYOSA/VILA JOIOSA (LA)
651;1;BENAHADUX
652;1;HUÉRCAL-OVERA
653;47;ZUIA
654;12;PROAZA
655;17;MUÑOGRANDE
656;38;DON BENITO
657;38;FUENTE DE CANTOS
658;38;HERRERA DEL DUQUE
659;13;POBLA (SA)
660;13;SANTA MARGALIDA
661;13;SINEU
662;31;CALDERS
663;31;CUBELLES
664;31;POBLA DE LILLET (LA)
665;31;PREMIÀ DE DALT
666;31;RIPOLLET
667;31;SANT POL DE MAR
668;31;VALLIRANA
669;39;TRUJILLO
670;26;LETUR
671;35;GRANJA DE ROCAMORA
672;38;NAVALVILLAR DE PELA
673;31;SANTA PERPÈTUA DE MOGODA
674;49;ARRIGORRIAGA
675;26;ALPERA
676;26;TOBARRA
677;26;VILLAMALEA
678;12;CORVERA DE ASTURIAS
679;13;ESCORCA
680;31;SITGES
681;31;TONA
682;49;BARAKALDO
683;39;ALDEANUEVA DEL CAMINO
684;26;ALCARAZ
685;35;BIAR
686;1;GARRUCHA
687;17;VILLANUEVA DEL ACERAL
688;38;ACEUCHAL
689;38;HABA (LA)
690;38;LOBÓN
691;38;SANTA AMALIA
692;13;FERRERIES
693;13;SANT LLUÍS
694;31;MASQUEFA
695;31;SANT CUGAT SESGARRIGUES
696;31;SANT PERE DE TORELLÓ
697;49;ALONSOTEGI
698;49;OROZKO
699;18;VILLARCAYO DE MERINDAD DE CASTILLA LA VIEJA
700;39;ALISEDA
701;39;BROZAS
702;47;OYÓN/OION
703;12;VALDÉS
704;17;SANCHIDRIÁN
705;38;CORTE DE PELEAS
706;13;PORRERES
707;13;SALINES (SES)
708;31;CERCS
709;31;SANT VICENÇ DE MONTALT
710;49;ZAMUDIO
711;18;BALBASES (LOS)
712;18;CASTROJERIZ
713;39;MALPARTIDA DE PLASENCIA
714;26;POZOHONDO
715;35;BIGASTRO
716;35;SAX
717;47;LABASTIDA
718;47;LANTARÓN
719;12;GOZÓN
720;12;IBIAS
721;12;NAVA
722;12;TINEO
723;38;BURGUILLOS DEL CERRO
724;38;CASAS DE DON PEDRO
725;38;FUENTE DEL ARCO
726;38;MEDELLÍN
727;13;ALARÓ
728;31;COLLBATÓ
729;31;GRANOLLERS
730;31;MARTORELL
731;31;SANT ADRIÀ DE BESÒS
732;31;SANT BOI DE LLOBREGAT
733;31;TAGAMANENT
734;18;HUERTA DE REY
735;39;CILLEROS
736;39;VILLAR DE PLASENCIA
737;35;ROJALES
738;31;SANT JUST DESVERN
739;49;ABANTO Y CIÉRVANA-ABANTO ZIERBENA
740;49;SOPUERTA
741;18;SOTRESGUDO
742;26;LEZUZA
743;26;RODA (LA)
744;35;ONDARA
745;35;PEGO
746;17;BURGOHONDO
747;38;OLIVA DE LA FRONTERA
748;31;BEGUES
749;31;SANT PERE DE RIBES
750;31;SANTA SUSANNA
751;49;BERMEO
752;49;DURANGO
753;49;ELORRIO
754;49;LEMOA
755;49;MARKINA-XEMEIN
756;18;CARDEÑAJIMENO
757;18;QUINTANAR DE LA SIERRA
758;39;BAÑOS DE MONTEMAYOR
759;39;CASAS DEL CASTAÑAR
760;39;VALVERDE DEL FRESNO
761;2;CHICLANA DE LA FRONTERA
762;2;CONIL DE LA FRONTERA
763;16;ESCALANTE
764;26;CASAS DE JUAN NÚÑEZ
765;26;CASAS-IBÁÑEZ
766;26;MAHORA
767;26;ROBLEDO
768;35;BENEJÚZAR
769;35;JALÓN/XALÓ
770;12;FRANCO (EL)
771;12;LLANES
772;38;AZUAGA
773;13;SANTA EULALIA DEL RÍO
774;31;AVINYÓ
775;31;CALDES DE MONTBUI
776;31;CARDONA
777;31;ROCA DEL VALLÈS (LA)
778;49;PLENTZIA
779;39;GUIJO DE GALISTEO
780;39;PIORNAL
781;2;PATERNA DE RIVERA
782;16;ALFOZ DE LLOREDO
783;26;ALMANSA
784;26;NAVAS DE JORQUERA
785;26;POZO CAÑADA
786;1;ALMERÍA
787;1;EJIDO (EL)
788;1;TABERNO
789;1;TURRE
790;47;RIBERA ALTA
791;12;ALLANDE
792;12;CUDILLERO
793;12;LANGREO
794;12;MUROS DE NALÓN
795;12;PRAVIA
796;12;VILLAVICIOSA
797;38;ALBURQUERQUE
798;38;CABEZA LA VACA
799;38;FUENTES DE LEÓN
800;38;HIGUERA DE LA SERENA
801;38;PUEBLA DE SANCHO PÉREZ
802;31;ABRERA
803;31;CASTELLTERÇOL
804;31;CENTELLES
805;31;CERDANYOLA DEL VALLÈS
806;31;DOSRIUS
807;31;GARRIGA (LA)
808;31;MONISTROL DE MONTSERRAT
809;31;PRAT DE LLOBREGAT (EL)
810;31;SANT FOST DE CAMPSENTELLES
811;31;SANT PERE DE RIUDEBITLLES
812;31;SANT PERE SALLAVINERA
813;31;VILANOVA DEL VALLÈS
814;31;VILANOVA I LA GELTRÚ
815;31;VILASSAR DE DALT
816;49;LEKEITIO
817;49;ORTUELLA
818;18;FONTIOSO
819;18;SARRACÍN
820;39;ALCUÉSCAR
821;39;CECLAVÍN
822;39;COLLADO
823;39;LOGROSÁN
824;39;PLASENCIA
825;39;VALDEOBISPO
826;39;ZARZA DE GRANADILLA
827;16;BÁRCENA DE CICERO
828;16;CAMARGO
829;16;COLINDRES
830;16;MARINA DE CUDEYO
831;16;MEDIO CUDEYO
832;16;MIENGO
833;26;BARRAX
834;26;BONETE
835;26;CHINCHILLA DE MONTE-ARAGÓN
836;26;FUENTE-ÁLAMO
837;26;GINETA (LA)
838;26;MUNERA
839;26;VILLARROBLEDO
840;35;ALMORADÍ
841;35;PEDREGUER
842;35;PETRER
843;1;ADRA
844;1;GALLARDOS (LOS)
845;1;ROQUETAS DE MAR
846;47;ASPARRENA
847;12;CARREÑO
848;12;SIERO
849;17;ALDEASECA
850;17;COLILLA (LA)
851;17;CRESPOS
852;17;FONTIVEROS
853;38;ARROYO DE SAN SERVÁN
854;38;CABEZA DEL BUEY
855;38;CODOSERA (LA)
856;38;VALVERDE DE LEGANÉS
857;13;LLOSETA
858;13;LLUBÍ
859;13;SANT LLORENÇ DES CARDASSAR
860;31;BARBERÀ DEL VALLÈS
861;31;CASTELLBELL I EL VILAR
862;31;GIRONELLA
863;31;HOSPITALET DE LLOBREGAT (L')
864;31;LLIÇÀ DE VALL
865;31;MANRESA
866;31;MONTSENY
867;31;NAVARCLES
868;31;PINEDA DE MAR
869;31;SANT FELIU DE LLOBREGAT
870;31;SANT SADURNÍ D'ANOIA
871;31;SANTA COLOMA DE GRAMENET
872;31;SUBIRATS
873;18;MIRANDA DE EBRO
874;18;QUINTANILLA VIVAR
875;39;BOHONAL DE IBOR
876;39;CASAS DE DON GÓMEZ
877;39;TORREORGAZ
878;2;UBRIQUE
879;16;CASTRO-URDIALES
880;16;ENTRAMBASAGUAS
881;16;LAREDO
882;16;LIÉRGANES
883;26;ONTUR
884;35;DÉNIA
885;1;GÁDOR
886;1;VIATOR
887;12;COLUNGA
888;12;GIJÓN
889;13;SANTA EUGÈNIA
890;13;SANTANYÍ
891;31;CASTELLET I LA GORNAL
892;31;VILASSAR DE MAR
893;18;BUNIEL
894;18;MERINDAD DE RÍO UBIERNA
895;39;DELEITOSA
896;39;ESCURIAL
897;39;TORREJONCILLO
898;31;BIGUES I RIELLS
899;31;BRUC (EL)
900;31;MONTGAT
901;31;SENTMENAT
902;49;BAKIO
903;18;BRIVIESCA
904;39;GUIJO DE GRANADILLA
905;39;MAJADAS
906;16;ASTILLERO (EL)
907;26;ALCADOZO
908;1;ARBOLEAS
909;1;PURCHENA
910;47;LAGUARDIA
911;12;AVILÉS
912;12;SOTO DEL BARCO
913;38;BIENVENIDA
914;38;ZARZA (LA)
915;13;CALVIÀ
916;13;MURO
917;31;CANOVELLES
918;31;FRANQUESES DEL VALLÈS (LES)
919;31;SABADELL
920;31;SALLENT
921;31;SANTA MARIA DE MIRALLES
922;18;OQUILLAS
923;18;VALLE DE MENA
924;18;VILLAQUIRÁN DE LOS INFANTES
925;39;ALMOHARÍN
926;39;BELVÍS DE MONROY
927;2;SAN JOSÉ DEL VALLE
928;16;ARNUERO
929;16;REOCÍN
930;31;GUARDIOLA DE BERGUEDÀ
931;38;CALERA DE LEÓN
932;41;ABADÍN
933;45;ABANILLA
934;45;ABARÁN
935;40;ABEGONDO
936;23;ABEJAR
937;27;ABENÓJAR
938;46;ABLITAS
939;3;ADAMUZ
940;15;ADEJE
941;37;ADEMUZ
942;14;AGAETE
943;33;ÀGER
944;43;AGOLADA
945;11;AGÓN
946;50;AGONCILLO
947;33;AGRAMUNT
948;23;ÁGREDA
949;8;AGUADULCE
950;11;AGUARÓN
951;10;AGUAVIVA
952;27;AGUDO
953;20;AGUILAR DE CAMPOO
954;3;AGUILAR DE LA FRONTERA
955;45;ÁGUILAS
956;14;AGÜIMES
957;37;AGULLENT
958;48;AIA
959;46;AIBAR/OIBAR
960;37;AIELO DE MALFERIT
961;32;AIGUAVIVA
962;9;AÍNSA-SOBRARBE
963;11;AINZÓN
964;44;AJALVIR
965;30;AJOFRÍN
966;24;ALAEJOS
967;11;ALAGÓN
968;15;ALAJERÓ
969;7;ALAMEDA
970;30;ALAMEDA DE LA SAGRA
971;44;ÁLAMO (EL)
972;33;ALAMÚS (ELS)
973;8;ALANÍS
974;37;ALAQUÀS
975;20;ALAR DEL REY
976;10;ALBA
977;21;ALBA DE TORMES
978;37;ALBAIDA
979;37;ALBAL
980;27;ALBALADEJO
981;37;ALBALAT DE LA RIBERA
982;37;ALBALAT DELS SORELLS
983;9;ALBALATE DE CINCA
984;10;ALBALATE DEL ARZOBISPO
985;6;ALBANCHEZ DE MÁGINA
986;10;ALBARRACÍN
987;30;ALBARREAL DE TAJO
988;33;ALBATÀRREC
989;50;ALBELDA DE IREGUA
990;10;ALBENTOSA
991;21;ALBERCA (LA)
992;28;ALBERCA DE ZÁNCARA (LA)
993;37;ALBERIC
994;50;ALBERITE
995;9;ALBERO BAJO
996;33;ALBESA
997;36;ALBOCÀSSER
998;4;ALBOLOTE
999;37;ALBORACHE
1000;37;ALBORAYA
1001;37;ALBUIXECH
1002;4;ALBUÑÁN
1003;4;ALBUÑOL
1004;30;ALCABÓN
1005;8;ALCALÁ DE GUADAÍRA
1006;44;ALCALÁ DE HENARES
1007;10;ALCALÁ DE LA SELVA
1008;36;ALCALÀ DE XIVERT
1009;8;ALCALÁ DEL RÍO
1010;6;ALCALÁ LA REAL
1011;9;ALCAMPELL
1012;50;ALCANADRE
1013;34;ALCANAR
1014;45;ALCANTARILLA
1015;25;ALCAÑICES
1016;10;ALCAÑIZ
1017;3;ALCARACEJOS
1018;33;ALCARRÀS
1019;37;ALCÀSSER
1020;6;ALCAUDETE
1021;30;ALCAUDETE DE LA JARA
1022;27;ALCÁZAR DE SAN JUAN
1023;24;ALCAZARÉN
1024;45;ALCÁZARES (LOS)
1025;44;ALCOBENDAS
1026;27;ALCOLEA DE CALATRAVA
1027;9;ALCOLEA DE CINCA
1028;30;ALCOLEA DE TAJO
1029;29;ALCOLEA DEL PINAR
1030;8;ALCOLEA DEL RÍO
1031;33;ALCOLETGE
1032;36;ALCORA (L')
1033;44;ALCORCÓN
1034;10;ALCORISA
1035;34;ALCOVER
1036;9;ALCUBIERRE
1037;23;ALCUBILLA DE LAS PEÑAS
1038;27;ALCUBILLAS
1039;37;ALCÚDIA (L')
1040;37;ALCÚDIA DE CRESPINS (L')
1041;37;ALDAIA
1042;34;ALDEA (L')
1043;14;ALDEA DE SAN NICOLÁS (LA)
1044;44;ALDEA DEL FRESNO
1045;27;ALDEA DEL REY
1046;21;ALDEALENGUA
1047;24;ALDEAMAYOR DE SAN MARTÍN
1048;50;ALDEANUEVA DE EBRO
1049;21;ALDEANUEVA DE FIGUEROA
1050;21;ALDEATEJADA
1051;21;ALDEHUELA DE LA BÓVEDA
1052;45;ALEDO
1053;4;ALFACAR
1054;37;ALFAFAR
1055;11;ALFAJARÍN
1056;10;ALFAMBRA
1057;11;ALFAMÉN
1058;37;ALFARA DEL PATRIARCA
1059;7;ALFARNATE
1060;50;ALFARO
1061;33;ALFARRÀS
1062;33;ALFÉS
1063;34;ALFORJA
1064;41;ALFOZ
1065;8;ALGABA (LA)
1066;8;ALGÁMITAS
1067;4;ALGARINEJO
1068;7;ALGARROBO
1069;37;ALGEMESÍ
1070;33;ALGERRI
1071;44;ALGETE
1072;37;ALGIMIA DE ALFARA
1073;37;ALGINET
1074;29;ALGORA
1075;33;ALGUAIRE
1076;45;ALGUAZAS
1077;4;ALHAMA DE GRANADA
1078;45;ALHAMA DE MURCIA
1079;7;ALHAURÍN DE LA TORRE
1080;7;ALHAURÍN EL GRANDE
1081;4;ALHENDÍN
1082;10;ALIAGA
1083;28;ALIAGUILLA
1084;19;ALIJA DEL INFANTADO
1085;5;ALJARAQUE
1086;46;ALLO
1087;33;ALMACELLES
1088;27;ALMADÉN
1089;8;ALMADÉN DE LA PLATA
1090;29;ALMADRONES
1091;27;ALMAGRO
1092;28;ALMARCHA (LA)
1093;7;ALMARGEN
1094;23;ALMARZA
1095;37;ALMÀSSERA
1096;23;ALMAZÁN
1097;36;ALMAZORA/ALMASSORA
1098;27;ALMEDINA
1099;3;ALMEDINILLA
1100;25;ALMEIDA DE SAYAGO
1101;33;ALMENAR
1102;36;ALMENARA
1103;8;ALMENSILLA
1104;37;ALMISERÀ
1105;27;ALMODÓVAR DEL CAMPO
1106;3;ALMODÓVAR DEL RÍO
1107;29;ALMOGUERA
1108;37;ALMOINES
1109;11;ALMOLDA (LA)
1110;30;ALMONACID DE TOLEDO
1111;29;ALMONACID DE ZORITA
1112;28;ALMONACID DEL MARQUESADO
1113;5;ALMONASTER LA REAL
1114;5;ALMONTE
1115;30;ALMOROX
1116;9;ALMUDÉVAR
1117;11;ALMUNIA DE DOÑA GODINA (LA)
1118;4;ALMUÑÉCAR
1119;27;ALMURADIEL
1120;37;ALMUSSAFES
1121;7;ÁLORA
1122;5;ALOSNO
1123;29;ALOVERA
1124;7;ALOZAINA
1125;44;ALPEDRETE
1126;33;ALPICAT
1127;37;ALPUENTE
1128;37;ALQUERÍA DE LA CONDESA/ALQUERIA DE LA COMTESSA (L')
1129;36;ALQUERÍAS DEL NIÑO PERDIDO
1130;9;ALQUÉZAR
1131;34;ALTAFULLA
1132;9;ALTORRICÓN
1133;46;ALTSASU/ALSASUA
1134;36;ALTURA
1135;37;ALZIRA
1136;11;AMBEL
1137;32;AMER
1138;40;AMES
1139;46;AMÉSCOA BAJA
1140;34;AMETLLA DE MAR (L')
1141;34;AMPOLLA (L')
1142;34;AMPOSTA
1143;20;AMUSCO
1144;48;ANDOAIN
1145;10;ANDORRA
1146;46;ANDOSILLA
1147;6;ANDÚJAR
1148;32;ANGLÈS
1149;33;ANGLESOLA
1150;37;ANNA
1151;48;ANOETA
1152;46;ANSOÁIN
1153;41;ANTAS DE ULLA
1154;7;ANTEQUERA
1155;14;ANTIGUA
1156;19;ANTIGUA (LA)
1157;46;ANUE
1158;3;AÑORA
1159;30;AÑOVER DE TAJO
1160;46;AOIZ/AGOITZ
1161;5;ARACENA
1162;15;ARAFO
1163;8;ARAHAL
1164;46;ARAITZ
1165;46;ARAKIL
1166;46;ARANGUREN
1167;44;ARANJUEZ
1168;21;ARAPILES
1169;37;ARAS DE LOS OLMOS
1170;33;ARBECA
1171;43;ARBO
1172;34;ARBOÇ (L')
1173;32;ARBÚCIES
1174;25;ARCENILLAS
1175;45;ARCHENA
1176;7;ARCHIDONA
1177;46;ARCOS (LOS)
1178;23;ARCOS DE JALÓN
1179;7;ARDALES
1180;19;ARDÓN
1181;9;ARÉN
1182;27;ARENALES DE SAN GREGORIO
1183;27;ARENAS DE SAN JUAN
1184;27;ARGAMASILLA DE ALBA
1185;27;ARGAMASILLA DE CALATRAVA
1186;44;ARGANDA DEL REY
1187;30;ARGÉS
1188;46;ARGUEDAS
1189;46;ARIBE
1190;15;ARICO
1191;11;ARIZA
1192;6;ARJONA
1193;6;ARJONILLA
1194;4;ARMILLA
1195;50;ARNEDO
1196;5;AROCHE
1197;15;ARONA
1198;6;ARQUILLOS
1199;48;ARRASATE/MONDRAGÓN
1200;14;ARRECIFE
1201;7;ARRIATE
1202;46;ARRÓNIZ
1203;24;ARROYO DE LA ENCOMIENDA
1204;6;ARROYO DEL OJANCO
1206;46;ARTAJONA
1207;36;ARTANA
1208;40;ARTEIXO
1209;14;ARTENARA
1210;33;ARTESA DE LLEIDA
1211;33;ARTESA DE SEGRE
1212;14;ARUCAS
1213;40;ARZÚA
1214;33;ASPA
1215;48;ASTIGARRAGA
1216;19;ASTORGA
1217;20;ASTUDILLO
1218;28;ATALAYA DEL CAÑAVATE
1219;24;ATAQUINES
1220;4;ATARFE
1221;48;ATAUN
1222;11;ATECA
1223;29;ATIENZA
1224;37;ATZENETA D'ALBAIDA
1225;36;ATZENETA DEL MAESTRAT
1226;50;AUTOL
1227;32;AVINYONET DE PUIGVENTÓS
1228;42;AVIÓN
1229;5;AYAMONTE
1230;9;AYERBE
1231;22;AYLLÓN
1232;37;AYORA
1233;46;AZAGRA
1234;48;AZKOITIA
1235;8;AZNALCÁZAR
1236;8;AZNALCÓLLAR
1237;48;AZPEITIA
1238;11;AZUARA
1239;29;AZUQUECA DE HENARES
1240;8;BADOLATOSA
1241;3;BAENA
1242;6;BAEZA
1243;6;BAILÉN
1244;43;BAIONA
1245;33;BALAGUER
1246;41;BALEIRA
1247;9;BALLOBAR
1248;20;BALTANÁS
1249;42;BANDE
1250;32;BANYOLES
1251;40;BAÑA (A)
1252;50;BAÑARES
1253;19;BAÑEZA (LA)
1254;10;BAÑÓN
1255;6;BAÑOS DE LA ENCINA
1256;50;BAÑOS DE RÍO TOBÍA
1257;28;BARAJAS DE MELO
1258;41;BARALLA
1259;46;BARAÑAIN
1260;46;BARÁSOAIN
1261;42;BARBADÁS
1262;9;BARBASTRO
1263;42;BARCO DE VALDEORRAS (O)
1264;30;BARGAS
1265;15;BARLOVENTO
1266;36;BARRACAS
1267;10;BARRACHINA
1268;41;BARREIROS
1269;43;BARRO
1270;21;BARRUECOPARDO
1271;20;BARRUELO DE SANTULLÁN
1272;37;BARXETA
1273;32;BÀSCARA
1274;33;BASSELLA
1275;34;BATEA
1276;33;BAUSEN
1277;4;BAZA
1278;46;BAZTAN
1279;42;BEADE
1280;5;BEAS
1281;6;BEAS DE SEGURA
1282;48;BEASAIN
1283;41;BECERREÁ
1284;44;BECERRIL DE LA SIERRA
1285;24;BECILLA DE VALDERADUEY
1286;6;BEDMAR Y GARCÍEZ
1287;6;BEGÍJAR
1288;41;BEGONTE
1289;32;BEGUR
1290;21;BÉJAR
1291;36;BEJÍS
1292;3;BELALCÁZAR
1293;11;BELCHITE
1294;28;BELINCHÓN
1295;32;BELLCAIRE D'EMPORDÀ
1296;33;BELLCAIRE D'URGELL
1297;33;BELL-LLOC D'URGELL
1298;10;BELLO
1299;33;BELLPUIG
1300;37;BELLREGUARD
1301;34;BELLVEI
1302;33;BELLVER DE CERDANYA
1303;33;BELLVÍS
1304;3;BELMEZ
1305;6;BÉLMEZ DE LA MORALEDA
1306;28;BELMONTE
1307;30;BELVÍS DE LA JARA
1308;19;BEMBIBRE
1309;9;BENABARRE
1310;8;BENACAZÓN
1311;37;BENAGUASIL
1312;7;BENALMÁDENA
1313;4;BENALÚA DE LAS VILLAS
1314;7;BENAMARGOSA
1315;4;BENAMAUREL
1316;3;BENAMEJÍ
1317;7;BENAMOCARRA
1318;7;BENAOJÁN
1319;36;BENASAL
1320;9;BENASQUE
1321;33;BENAVENT DE SEGRIÀ
1322;25;BENAVENTE
1323;37;BENEIXIDA
1324;37;BENETÚSSER
1325;37;BENIARJÓ
1326;36;BENICARLÓ
1327;36;BENICASIM/BENICÀSSIM
1328;45;BENIEL
1329;37;BENIFAIÓ
1330;34;BENIFALLET
1331;37;BENIGÁNIM
1332;37;BENIMODO
1333;37;BENIPARRELL
1334;37;BENISANÓ
1335;34;BENISSANET
1336;36;BENLLOCH
1337;46;BERA/VERA DE BIDASOA
1338;46;BERBINZANA
1339;48;BERGARA
1340;40;BERGONDO
1341;46;BERIÁIN
1342;23;BERLANGA DE DUERO
1343;25;BERMILLO DE SAYAGO
1344;29;BERNINCHES
1345;46;BERRIOPLANO
1346;46;BERRIOZAR
1347;5;BERROCAL
1348;46;BERTIZARANA
1349;32;BESALÚ
1350;32;BESCANÓ
1351;40;BETANZOS
1352;37;BÉTERA
1353;28;BETETA
1354;36;BETXÍ
1355;9;BIELSA
1356;9;BIESCAS
1357;9;BINACED
1358;9;BINÉFAR
1359;11;BIOTA
1360;34;BISBAL DEL PENEDÈS (LA)
1361;32;BISBAL D'EMPORDÀ (LA)
1362;32;BIURE
1363;45;BLANCA
1364;10;BLANCAS
1365;32;BLANES
1366;3;BLÁZQUEZ (LOS)
1367;44;BOADILLA DEL MONTE
1368;44;BOALO (EL)
1369;24;BOBADILLA DEL CAMPO
1370;37;BOCAIRENT
1371;22;BOCEGUILLAS
1372;24;BOECILLO
1373;40;BOIMORTO
1374;40;BOIRO
1375;27;BOLAÑOS DE CALATRAVA
1376;8;BOLLULLOS DE LA MITACIÓN
1377;5;BOLLULLOS PAR DEL CONDADO
1378;42;BOLO (O)
1379;9;BOLTAÑA
1380;5;BONARES
1381;19;BOÑAR
1382;40;BOQUEIXÓN
1383;33;BORGES BLANQUES (LES)
1384;11;BORJA
1385;8;BORMUJOS
1386;32;BORRASSÀ
1387;36;BORRIOL
1388;34;BOT
1389;25;BÓVEDA DE TORO (LA)
1390;27;BRAZATORTAS
1391;19;BRAZUELO
1392;11;BREA DE ARAGÓN
1393;8;BRENES
1394;15;BREÑA ALTA
1395;29;BRIHUEGA
1396;40;BRIÓN
1397;9;BROTO
1398;44;BRUNETE
1399;32;BRUNYOLA
1400;28;BUENACHE DE ALARCÓN
1401;21;BUENAVISTA
1402;20;BUENAVISTA DE VALDAVIA
1403;15;BUENAVISTA DEL NORTE
1404;43;BUEU
1405;44;BUITRAGO DEL LOZOYA
1406;3;BUJALANCE
1407;11;BUJARALOZ
1408;45;BULLAS
1409;37;BUÑOL
1410;46;BUÑUEL
1411;41;BURELA
1412;7;BURGO (EL)
1413;11;BURGO DE EBRO (EL)
1414;23;BURGO DE OSMA-CIUDAD DE OSMA
1415;19;BURGO RANERO (EL)
1416;8;BURGUILLOS
1417;30;BURGUILLOS DE TOLEDO
1418;37;BURJASSOT
1419;46;BURLADA/BURLATA
1420;36;BURRIANA
1421;11;BUSTE (EL)
1422;40;CABANA DE BERGANTIÑOS
1423;40;CABANAS
1424;32;CABANELLES
1425;36;CABANES
1426;46;CABANILLAS
1427;29;CABANILLAS DEL CAMPO
1428;30;CABAÑAS DE LA SAGRA
1429;30;CABEZAMESADA
1430;8;CABEZAS DE SAN JUAN (LAS)
1431;24;CABEZÓN DE PISUERGA
1432;3;CABRA
1433;6;CABRA DEL SANTO CRISTO
1434;23;CABREJAS DEL PINAR
1435;44;CABRERA (LA)
1436;21;CABRERIZOS
1437;19;CABREROS DEL RÍO
1438;19;CACABELOS
1439;44;CADALSO DE LOS VIDRIOS
1440;32;CADAQUÉS
1441;4;CÁDIAR
1442;46;CADREITA
1443;11;CADRETE
1444;5;CALA
1445;10;CALACEITE
1446;34;CALAFELL
1447;50;CALAHORRA
1448;4;CALAHORRA (LA)
1449;10;CALAMOCHA
1450;10;CALANDA
1451;5;CALAÑAS
1452;45;CALASPARRA
1453;23;CALATAÑAZOR
1454;11;CALATAYUD
1455;11;CALATORAO
1456;43;CALDAS DE REIS
1457;32;CALDES DE MALAVELLA
1458;30;CALERA Y CHOZAS
1459;4;CALICASAS
1460;32;CALONGE
1461;21;CALVARRASA DE ABAJO
1462;21;CALVARRASA DE ARRIBA
1463;27;CALZADA DE CALATRAVA
1464;30;CALZADA DE OROPESA
1465;21;CALZADA DE VALDUNCIEL
1466;33;CAMARASA
1467;30;CAMARENA
1468;10;CAMARILLAS
1469;40;CAMARIÑAS
1470;34;CAMARLES
1471;25;CAMARZANA DE TERA
1472;8;CAMAS
1473;43;CAMBADOS
1474;6;CAMBIL
1475;40;CAMBRE
1476;34;CAMBRILS
1477;10;CAMINREAL
1478;8;CAMPANA (LA)
1479;24;CAMPASPERO
1480;32;CAMPELLES
1481;5;CAMPILLO (EL)
1482;28;CAMPILLO DE ALTOBUEY
1483;6;CAMPILLO DE ARENAS
1484;29;CAMPILLO DE DUEÑAS
1485;7;CAMPILLOS
1486;9;CAMPO
1487;27;CAMPO DE CRIPTANA
1488;19;CAMPO DE VILLAVIDEL
1489;43;CAMPO LAMEIRO
1490;44;CAMPO REAL
1491;19;CAMPONARAYA
1492;37;CAMPORROBLES
1493;28;CAMPOS DEL PARAÍSO
1494;4;CAMPOTÉJAR
1495;32;CAMPRODON
1496;30;CAMUÑAS
1497;24;CANALEJAS DE PEÑAFIEL
1498;37;CANALS
1499;9;CANDASNOS
1500;15;CANDELARIA
1501;6;CANENA
1502;37;CANET D'EN BERENGUER
1503;9;CANFRANC
1504;43;CANGAS
1505;4;CANILES
1506;22;CANTALEJO
1507;21;CANTALPINO
1508;10;CANTAVIEJA
1509;8;CANTILLANA
1510;8;CAÑADA ROSAL
1511;28;CAÑAVERAS
1512;28;CAÑAVERUELAS
1513;28;CAÑETE
1514;3;CAÑETE DE LAS TORRES
1515;7;CAÑETE LA REAL
1516;43;CAÑIZA (A)
1517;25;CAÑIZAL
1518;46;CAPARROSO
1519;40;CAPELA (A)
1520;9;CAPELLA
1521;32;CAPMANY
1522;45;CARAVACA DE LA CRUZ
1523;25;CARBAJALES DE ALBA
1524;21;CARBAJOSA DE LA SAGRADA
1525;41;CARBALLEDO
1526;42;CARBALLIÑO (O)
1527;40;CARBALLO
1528;28;CARBONERAS DE GUADAZAÓN
1529;22;CARBONERO EL MAYOR
1530;6;CARBONEROS
1531;3;CARCABUEY
1532;37;CARCAIXENT
1533;46;CÁRCAR
1534;46;CARCASTILLO
1535;6;CÁRCHELES
1536;28;CARDENETE
1537;3;CARDEÑA
1538;11;CARIÑENA
1539;40;CARIÑO
1540;37;CARLET
1541;3;CARLOTA (LA)
1542;30;CARMENA
1543;8;CARMONA
1544;40;CARNOTA
1545;6;CAROLINA (LA)
1546;3;CARPIO (EL)
1547;30;CARPIO DE TAJO (EL)
1548;40;CARRAL
1549;30;CARRANQUE
1550;27;CARRIÓN DE CALATRAVA
1551;8;CARRIÓN DE LOS CÉSPEDES
1552;20;CARRIÓN DE LOS CONDES
1553;19;CARRIZO
1554;27;CARRIZOSA
1555;19;CARROCERA
1556;45;CARTAGENA
1557;7;CÁRTAMA
1558;5;CARTAYA
1559;42;CARTELLE
1560;7;CASABERMEJA
1561;29;CASAR (EL)
1562;30;CASAR DE ESCALONA (EL)
1563;7;CASARABONELA
1564;7;CASARES
1565;8;CASARICHE
1566;30;CASARRUBIOS DEL MONTE
1567;44;CASARRUBUELOS
1568;28;CASAS DE BENÍTEZ
1569;28;CASAS DE FERNANDO ALONSO
1570;28;CASAS DE HARO
1571;28;CASAS DE LOS PINOS
1572;25;CASASECA DE LAS CHANAS
1573;28;CASASIMARRO
1574;24;CASASOLA DE ARIÓN
1575;46;CASCANTE
1576;46;CÁSEDA
1577;37;CASINOS
1578;11;CASPE
1579;32;CASSÀ DE LA SELVA
1580;46;CASTEJÓN
1581;9;CASTEJÓN DE SOS
1582;11;CASTEJÓN DE VALDEJASA
1583;9;CASTEJÓN DEL PUENTE
1584;21;CASTELLANOS DE MORISCOS
1585;6;CASTELLAR
1586;27;CASTELLAR DE SANTIAGO
1587;33;CASTELLDANS
1588;37;CASTELLÓ DE RUGAT
1589;32;CASTELLÓ D'EMPÚRIES
1590;36;CASTELLÓN DE LA PLANA/CASTELLÓ DE LA PLANA
1591;32;CASTELL-PLATJA D'ARO
1592;10;CASTELSERÁS
1593;37;CASTIELFABIB
1594;8;CASTILBLANCO DE LOS ARROYOS
1595;11;CASTILISCAR
1596;8;CASTILLEJA DE LA CUESTA
1597;4;CASTILLÉJAR
1598;28;CASTILLEJO DE INIESTA
1599;22;CASTILLEJO DE MESLEÓN
1600;30;CASTILLO DE BAYUELA
1601;28;CASTILLO DE GARCIMUÑOZ
1602;8;CASTILLO DE LAS GUARDAS (EL)
1603;6;CASTILLO DE LOCUBÍN
1604;24;CASTREJÓN DE TRABANCOS
1605;42;CASTRELO DE MIÑO
1606;4;CASTRIL
1607;25;CASTRILLO DE LA GUAREÑA
1608;42;CASTRO CALDELAS
1609;41;CASTRO DE REI
1610;3;CASTRO DEL RÍO
1611;19;CASTROCALBÓN
1612;19;CASTROCONTRIGO
1613;25;CASTROGONZALO
1614;24;CASTRONUÑO
1615;41;CASTROVERDE
1616;24;CASTROVERDE DE CERRATO
1617;37;CATADAU
1618;34;CATLLAR (EL)
1619;43;CATOIRA
1620;37;CAUDETE DE LAS FUENTES
1621;30;CAZALEGAS
1622;8;CAZALLA DE LA SIERRA
1623;6;CAZORLA
1624;30;CEBOLLA
1625;40;CEDEIRA
1626;30;CEDILLO DEL CONDADO
1627;10;CEDRILLAS
1628;40;CEE
1629;45;CEHEGÍN
1630;10;CELADAS
1631;42;CELANOVA
1632;10;CELLA
1633;32;CELLERA DE TER (LA)
1634;32;CELRÀ
1635;4;CENES DE LA VEGA
1636;50;CENICERO
1637;44;CENICIENTOS
1638;40;CERCEDA
1639;44;CERCEDILLA
1640;43;CERDEDO
1641;40;CERDIDO
1642;22;CEREZO DE ABAJO
1643;30;CERRALBOS (LOS)
1644;5;CERRO DE ANDÉVALO (EL)
1645;33;CERVERA
1646;11;CERVERA DE LA CAÑADA
1647;20;CERVERA DE PISUERGA
1648;28;CERVERA DEL LLANO
1649;50;CERVERA DEL RÍO ALHAMA
1650;32;CERVIÀ DE TER
1651;41;CERVO
1652;11;CETINA
1653;51;CEUTA
1654;45;CEUTÍ
1655;20;CEVICO DE LA TORRE
1656;41;CHANTADA
1657;22;CHAÑE
1658;4;CHAUCHINA
1659;37;CHELLA
1660;37;CHELVA
1661;37;CHESTE
1662;6;CHICLANA DE SEGURA
1663;36;CHILCHES/XILXES
1664;28;CHILLARÓN DE CUENCA
1665;27;CHILLÓN
1666;6;CHILLUÉVAR
1667;29;CHILOECHES
1668;44;CHINCHÓN
1669;37;CHIVA
1670;19;CHOZAS DE ABAJO
1671;30;CHOZAS DE CANALES
1672;5;CHUCENA
1673;37;CHULILLA
1674;4;CHURRIANA DE LA VEGA
1675;44;CIEMPOZUELOS
1676;45;CIEZA
1677;29;CIFUENTES
1678;24;CIGALES
1679;4;CIJUELA
1680;46;CINTRUÉNIGO
1681;24;CISTÉRNIGA
1682;19;CISTIERNA
1683;27;CIUDAD REAL
1684;21;CIUDAD RODRIGO
1685;46;CIZUR
1686;44;COBEÑA
1687;30;COBISA
1688;25;COBREROS
1689;22;COCA
1690;10;CODOÑERA (LA)
1691;24;COGECES DEL MONTE
1692;4;COGOLLOS DE LA VEGA
1693;7;COÍN
1694;40;COIRÓS
1695;42;COLES
1696;33;COLL DE NARGÓ
1697;22;COLLADO HERMOSO
1698;44;COLLADO MEDIANO
1699;44;COLLADO VILLALBA
1700;7;COLMENAR
1701;44;COLMENAR DE OREJA
1702;44;COLMENAR DEL ARROYO
1703;44;COLMENAR VIEJO
1704;4;COLOMERA
1705;7;CÓMPETA
1706;29;CONDEMIOS DE ARRIBA
1707;19;CONGOSTO
1708;34;CONSTANTÍ
1709;8;CONSTANTINA
1710;30;CONSUEGRA
1711;37;CORBERA
1712;34;CORBERA D'EBRE
1713;33;CORBINS
1714;32;CORÇÀ
1715;3;CÓRDOBA
1716;46;CORELLA
1717;41;CORGO (O)
1718;8;CORIA DEL RÍO
1719;8;CORIPE
1720;40;CORISTANCO
1721;34;CORNUDELLA DE MONTSANT
1722;8;CORONIL (EL)
1723;30;CORRAL DE ALMAGUER
1724;27;CORRAL DE CALATRAVA
1725;25;CORRALES
1726;8;CORRALES (LOS)
1727;42;CORTEGADA
1728;5;CORTEGANA
1729;46;CORTES
1730;7;CORTES DE LA FRONTERA
1731;27;CORTIJOS (LOS)
1732;40;CORUÑA (A)
1733;44;COSLADA
1734;41;COSPEITO
1735;43;COTOBADE
1736;23;COVALEDA
1737;43;COVELO
1738;36;COVES DE VINROMÀ (LES)
1739;27;CÓZAR
1740;10;CRETAS
1741;42;CUALEDRO
1742;11;CUARTE DE HUERVA
1743;11;CUBEL
1744;33;CUBELLS
1745;19;CUBILLAS DE RUEDA
1746;24;CUBILLAS DE SANTA MARTA
1747;29;CUBILLO DE UCEDA (EL)
1748;19;CUBILLOS DEL SIL
1749;25;CUBO DE TIERRA DEL VINO (EL)
1750;22;CUÉLLAR
1751;28;CUENCA
1752;30;CUERVA
1753;8;CUERVO DE SEVILLA (EL)
1754;7;CUEVAS BAJAS
1755;7;CUEVAS DE SAN MARCOS
1756;7;CUEVAS DEL BECERRO
1757;4;CUEVAS DEL CAMPO
1758;4;CÚLLAR
1759;4;CÚLLAR VEGA
1760;37;CULLERA
1761;40;CULLEREDO
1762;34;CUNIT
1763;43;CUNTIS
1764;40;CURTIS
1765;50;CUZCURRITA DE RÍO TIRÓN
1766;44;DAGANZO DE ARRIBA
1767;27;DAIMIEL
1768;37;DAIMÚS
1769;11;DAROCA
1770;4;DARRO
1771;48;DEBA
1772;4;DEIFONTES
1773;34;DELTEBRE
1774;4;DIEZMA
1775;40;DODRO
1776;4;DÓLAR
1777;46;DONEZTEBE/SANTESTEBAN
1778;48;DONOSTIA-SAN SEBASTIÁN
1779;3;DOÑA MENCÍA
1780;8;DOS HERMANAS
1781;30;DOSBARRIOS
1782;43;DOZÓN
1783;20;DUEÑAS
1784;40;DUMBRÍA
1785;4;DÚRCAL
1786;8;ÉCIJA
1787;46;EGÜÉS
1788;48;EIBAR
1789;11;EJEA DE LOS CABALLEROS
1790;48;ELGOIBAR
1791;37;ELIANA (L')
1792;21;ENCINAS DE ABAJO
1793;3;ENCINAS REALES
1794;5;ENCINASOLA
1795;37;ENGUERA
1796;42;ENTRIMO
1797;11;ÉPILA
1798;11;ERLA
1799;48;ERRENTERIA
1800;46;ERRO
1801;5;ESCACENA DEL CAMPO
1802;32;ESCALA (L')
1803;30;ESCALONA
1804;30;ESCALONILLA
1805;11;ESCATRÓN
1806;44;ESCORIAL (EL)
1807;24;ESGUEVILLAS DE ESGUEVA
1808;48;ESKORIATZA
1809;8;ESPARTINAS
1810;21;ESPEJA
1811;3;ESPEJO
1812;3;ESPIEL
1813;22;ESPINAR (EL)
1814;29;ESPINOSA DE HENARES
1815;30;ESPINOSO DEL REY
1816;34;ESPLUGA DE FRANCOLÍ (L')
1817;9;ESPLÚS
1818;33;ESPOT
1819;30;ESQUIVIAS
1820;9;ESTADILLA
1821;46;ESTELLA/LIZARRA
1822;8;ESTEPA
1823;7;ESTEPONA
1824;46;ESTERIBAR
1825;33;ESTERRI D'ÀNEU
1826;37;ESTIVELLA
1827;9;ESTOPIÑÁN DEL CASTILLO
1828;43;ESTRADA (A)
1829;44;ESTREMERA
1830;46;ETXALAR
1831;46;ETXARRI-ARANATZ
1832;46;EZCABARTE
1833;19;FABERO
1834;46;FALCES
1835;34;FALSET
1836;32;FAR D'EMPORDÀ (EL)
1837;11;FARLETE
1838;15;FASNIA
1839;34;FATARELLA (LA)
1840;40;FENE
1841;25;FERMOSELLE
1842;3;FERNÁN-NÚÑEZ
1843;10;FERRERUELA DE HUERVA
1844;40;FERROL
1845;32;FIGUERES
1846;14;FIRGAS
1847;40;FISTERRA
1848;46;FITERO
1849;34;FLIX
1850;37;FOIOS
1851;33;FONDARELLA
1852;41;FONSAGRADA (A)
1853;37;FONT DE LA FIGUERA (LA)
1854;37;FONT D'EN CARRÒS (LA)
1855;29;FONTANAR
1856;37;FONTANARS DELS ALFORINS
1857;32;FONTANILLES
1858;46;FONTELLAS
1859;9;FONZ
1860;32;FORALLAC
1861;36;FORCALL
1862;43;FORCAREI
1863;32;FORNELLS DE LA SELVA
1864;32;FORTIÀ
1865;45;FORTUNA
1866;41;FOZ
1867;40;FRADES
1868;9;FRAGA
1869;6;FRAILES
1870;11;FRASNO (EL)
1871;4;FREILA
1872;21;FRESNO ALHÁNDIGA
1873;22;FRESNO DE CANTESPINO
1874;19;FRESNO DE LA VEGA
1875;20;FRESNO DEL RÍO
1876;7;FRIGILIANA
1877;41;FRIOL
1878;20;FRÓMISTA
1879;15;FRONTERA
1880;27;FUENCALIENTE
1881;15;FUENCALIENTE DE LA PALMA
1882;11;FUENDEJALÓN
1883;7;FUENGIROLA
1884;44;FUENLABRADA
1885;50;FUENMAYOR
1886;30;FUENSALIDA
1887;45;FUENTE ÁLAMO DE MURCIA
1888;28;FUENTE DE PEDRO NAHARRO
1889;7;FUENTE DE PIEDRA
1890;21;FUENTE DE SAN ESTEBAN (LA)
1891;27;FUENTE EL FRESNO
1892;44;FUENTE EL SAZ DE JARAMA
1893;3;FUENTE OBEJUNA
1894;3;FUENTE PALMERA
1895;4;FUENTE VAQUEROS
1896;22;FUENTEPELAYO
1897;37;FUENTERROBLES
1898;10;FUENTES CALIENTES
1899;10;FUENTES CLARAS
1900;8;FUENTES DE ANDALUCÍA
1901;11;FUENTES DE EBRO
1902;20;FUENTES DE NAVA
1903;21;FUENTES DE OÑORO
1904;25;FUENTESAÚCO
1905;22;FUENTESAÚCO DE FUENTIDUEÑA
1906;3;FUENTE-TÓJAR
1907;44;FUENTIDUEÑA DE TAJO
1908;6;FUERTE DEL REY
1909;33;FULIOLA (LA)
1910;46;FUNES
1911;46;FUSTIÑANA
1912;4;GABIAS (LAS)
1913;44;GALAPAGAR
1914;46;GALAR
1915;14;GÁLDAR
1916;4;GALERA
1917;34;GALERA (LA)
1918;21;GALINDO Y PERAHUY
1919;11;GALLOCANTA
1920;11;GALLUR
1921;30;GÁLVEZ
1922;25;GAMONES
1923;34;GANDESA
1924;37;GANDIA
1925;15;GARACHICO
1926;15;GARAFÍA
1927;22;GARCILLÁN
1928;32;GARRIGÀS
1929;8;GARROBO (EL)
1930;7;GAUCÍN
1931;11;GELSA
1932;8;GELVES
1933;37;GENOVÉS
1934;8;GERENA
1935;30;GERINDOTE
1936;44;GETAFE
1937;48;GETARIA
1938;5;GIBRALEÓN
1939;8;GILENA
1940;33;GIMENELLS I EL PLA DE LA FONT
1941;8;GINES
1942;32;GIRONA
1943;37;GODELLA
1944;37;GODELLETA
1945;23;GOLMAYO
1946;33;GOLMÉS
1947;22;GOMEZSERRACÍN
1948;43;GONDOMAR
1949;4;GOR
1950;9;GRADO (EL)
1951;28;GRAJA DE INIESTA
1952;22;GRAJERA
1953;4;GRANADA
1954;15;GRANADILLA DE ABONA
1955;5;GRANADO (EL)
1956;27;GRANÁTULA DE CALATRAVA
1957;25;GRANJA DE MORERUELA
1958;33;GRANYANELLA
1959;9;GRAÑÉN
1960;9;GRAUS
1961;20;GRIJOTA
1962;44;GRIÑÓN
1963;43;GROVE (O)
1964;4;GUADAHORTUNA
1965;29;GUADALAJARA
1966;8;GUADALCANAL
1967;44;GUADALIX DE LA SIERRA
1968;27;GUADALMEZ
1969;30;GUADAMUR
1970;44;GUADARRAMA
1971;37;GUADASEQUIES
1972;37;GUADASSUAR
1973;4;GUADIX
1974;4;GUALCHOS
1975;15;GUANCHA (LA)
1976;43;GUARDA (A)
1977;30;GUARDIA (LA)
1978;6;GUARDIA DE JAÉN (LA)
1979;20;GUARDO
1980;7;GUARO
1981;6;GUARROMÁN
1982;42;GUDIÑA (A)
1983;4;GÜEJAR SIERRA
1984;4;GÜEVÉJAR
1985;15;GUÍA DE ISORA
1986;21;GUIJUELO
1987;8;GUILLENA
1988;15;GÜÍMAR
1989;33;GUISSONA
1990;41;GUITIRIZ
1991;41;GUNTÍN
1992;9;GURREA DE GÁLLEGO
1993;14;HARÍA
1994;50;HARO
1995;27;HERENCIA
1996;15;HERMIGUA
1997;48;HERNANI
1998;8;HERRERA
1999;11;HERRERA DE LOS NAVARROS
2000;20;HERRERA DE PISUERGA
2001;30;HERRERUELA DE OROPESA
2002;28;HERRUMBLAR (EL)
2003;5;HIGUERA DE LA SIERRA
2004;10;HÍJAR
2005;5;HINOJOS
2006;28;HINOJOSA (LA)
2007;3;HINOJOSA DEL DUQUE
2008;28;HINOJOSOS (LOS)
2009;28;HITO (EL)
2010;48;HONDARRIBIA
2011;28;HONRUBIA
2012;22;HONTALBILLA
2013;44;HORCAJO DE LA SIERRA
2014;28;HORCAJO DE SANTIAGO
2015;50;HORMILLA
2016;3;HORNACHUELOS
2017;34;HORTA DE SANT JOAN
2018;19;HOSPITAL DE ÓRBIGO
2019;32;HOSTALRIC
2020;44;HOYO DE MANZANARES
2021;46;HUARTE/UHARTE
2022;6;HUELMA
2023;5;HUELVA
2024;4;HUÉNEJA
2025;50;HUÉRCANOS
2026;30;HUERTA DE VALDECARÁBANOS
2027;9;HUERTO
2028;6;HUESA
2029;9;HUESCA
2030;4;HUÉSCAR
2031;28;HUETE
2032;4;HUÉTOR DE SANTILLÁN
2033;4;HUÉTOR TÁJAR
2034;4;HUÉTOR VEGA
2035;8;HUÉVAR DEL ALJARAFE
2036;29;HUMANES
2037;44;HUMANES DE MADRID
2038;7;HUMILLADERO
2039;6;IBROS
2040;15;ICOD DE LOS VINOS
2041;48;IDIAZABAL
2042;30;ILLESCAS
2043;4;ILLORA
2044;11;ILLUECA
2045;14;INGENIO
2046;28;INIESTA
2047;6;IRUELA (LA)
2048;48;IRUN
2049;48;IRURA
2050;46;IRURTZUN
2051;9;ISÁBENA
2052;24;ÍSCAR
2053;5;ISLA CRISTINA
2054;8;ISLA MAYOR
2055;48;ITSASONDO
2056;33;IVARS D'URGELL
2057;46;IZA
2058;3;IZNÁJAR
2059;4;IZNALLOZ
2060;6;IZNATORAF
2061;6;JABALQUINTO
2062;9;JACA
2063;29;JADRAQUE
2064;6;JAÉN
2065;37;JALANCE
2066;6;JAMILENA
2067;36;JANA (LA)
2068;37;JARAFUEL
2069;10;JARQUE DE LA VAL
2070;4;JAYENA
2071;36;JÉRICA
2072;6;JIMENA
2073;6;JÓDAR
2074;32;JONQUERA (LA)
2075;11;JOYOSA (LA)
2076;32;JUIÀ
2077;45;JUMILLA
2078;4;JUN
2079;33;JUNCOSA
2080;33;JUNEDA
2081;22;LABAJOS
2082;27;LABORES (LAS)
2083;9;LABUERDA
2084;4;LÁCHAR
2085;24;LAGUNA DE DUERO
2086;19;LAGUNA DE NEGRILLOS
2087;6;LAHIGUERA
2088;43;LALÍN
2089;9;LALUEZA
2090;9;LANAJA
2091;28;LANDETE
2092;11;LANGA DEL CASTILLO
2093;24;LANGAYO
2094;4;LANJARÓN
2095;8;LANTEJUELA (LA)
2096;46;LANTZ
2097;40;LARACHA (A)
2098;50;LARDERO
2099;46;LARRAGA
2100;46;LARRAUN
2101;48;LASARTE-ORIA
2102;22;LASTRILLA (LA)
2103;40;LAXE
2104;48;LAZKAO
2105;8;LEBRIJA
2106;11;LÉCERA
2107;11;LECIÑENA
2108;4;LECRÍN
2109;29;LEDANCA
2110;28;LEDAÑA
2111;21;LEDESMA
2112;44;LEGANÉS
2113;46;LEGARDA
2114;48;LEGAZPI
2115;48;LEGORRETA
2116;46;LEITZA
2117;19;LEÓN
2118;5;LEPE
2119;46;LERÍN
2120;33;LES
2121;46;LESAKA
2122;48;LEZO
2123;45;LIBRILLA
2124;46;LIÉDENA
2125;30;LILLO
2126;6;LINARES
2127;21;LINARES DE RIOFRÍO
2128;33;LINYOLA
2129;32;LLAGOSTERA
2130;32;LLANÇÀ
2131;15;LLANOS DE ARIDANE (LOS)
2132;27;LLANOS DEL CAUDILLO
2133;33;LLARDECANS
2134;33;LLEIDA
2135;32;LLERS
2136;33;LLES DE CERDANYA
2137;37;LLÍRIA
2138;32;LLÍVIA
2139;37;LLOCNOU DE SANT JERONI
2140;34;LLORENÇ DEL PENEDÈS
2141;32;LLORET DE MAR
2142;36;LLOSA (LA)
2143;37;LLOSA DE RANES (LA)
2144;37;LLUTXENT
2145;42;LOBEIRA
2146;44;LOECHES
2147;50;LOGROÑO
2148;4;LOJA
2149;6;LOPERA
2150;9;LOPORZANO
2151;8;LORA DEL RÍO
2152;45;LORCA
2153;37;LORIGUILLA
2154;45;LORQUÍ
2155;37;LOSA DEL OBISPO
2156;41;LOURENZÁ
2157;44;LOZOYA
2158;44;LOZOYUELA-NAVAS-SIETEIGLESIAS
2159;25;LUBIÁN
2160;3;LUCENA
2161;36;LUCENA DEL CID
2162;5;LUCENA DEL PUERTO
2163;27;LUCIANA
2164;11;LUESIA
2165;41;LUGO
2166;8;LUISIANA (LA)
2167;46;LUMBIER
2168;21;LUMBRALES
2169;11;LUMPIAQUE
2170;11;LUNA
2171;3;LUQUE
2172;46;LUZAIDE/VALCARLOS
2173;32;MAÇANET DE CABRENYS
2174;32;MAÇANET DE LA SELVA
2175;42;MACEDA
2176;21;MACOTERA
2177;44;MADRID
2178;30;MADRIDEJOS
2179;11;MAELLA
2180;11;MAGALLÓN
2181;20;MAGAZ DE PISUERGA
2182;33;MAIALS
2183;11;MAINAR
2184;8;MAIRENA DEL ALCOR
2185;8;MAIRENA DEL ALJARAFE
2186;44;MAJADAHONDA
2187;7;MÁLAGA
2188;27;MALAGÓN
2189;11;MALLÉN
2190;40;MALPICA DE BERGANTIÑOS
2191;30;MALPICA DE TAJO
2192;6;MANCHA REAL
2193;7;MANILVA
2194;37;MANISES
2195;19;MANSILLA DE LAS MULAS
2196;19;MANSILLA MAYOR
2197;27;MANZANARES
2198;44;MANZANARES EL REAL
2199;10;MANZANERA
2200;5;MANZANILLA
2201;30;MAQUEDA
2202;4;MARACENA
2203;29;MARANCHÓN
2204;7;MARBELLA
2205;29;MARCHAMALO
2206;8;MARCHENA
2207;46;MARCILLA
2208;11;MARÍA DE HUERVA
2209;43;MARÍN
2210;8;MARINALEDA
2211;37;MARINES
2212;6;MARMOLEJO
2213;8;MARTÍN DE LA JARA
2214;21;MARTÍN DE YELTES
2215;22;MARTÍN MUÑOZ DE LA DEHESA
2216;22;MARTÍN MUÑOZ DE LAS POSADAS
2217;6;MARTOS
2218;34;MAS DE BARBERANS
2219;10;MAS DE LAS MATAS
2220;37;MASALAVÉS
2221;30;MASCARAQUE
2222;42;MASIDE
2223;37;MASSALFASSAR
2224;37;MASSAMAGRELL
2225;21;MASUECO
2226;23;MATALEBRERAS
2227;15;MATANZA DE ACENTEJO (LA)
2228;24;MAYORGA
2229;10;MAZALEÓN
2230;30;MAZARAMBROZ
2231;40;MAZARICOS
2232;45;MAZARRÓN
2233;43;MEAÑO
2234;44;MECO
2235;24;MEDINA DE RIOSECO
2236;24;MEDINA DEL CAMPO
2237;23;MEDINACELI
2238;41;MEIRA
2239;43;MEIS
2240;44;MEJORADA DEL CAMPO
2241;37;MELIANA
2242;46;MÉLIDA
2243;40;MELIDE
2244;52;MELILLA
2245;42;MELÓN
2246;27;MEMBRILLA
2247;30;MENASALBAS
2248;46;MENDAVIA
2249;46;MENDAZA
2250;46;MENDIGORRÍA
2251;6;MENGÍBAR
2252;30;MÉNTRIDA
2253;42;MERCA (A)
2254;28;MESAS (LAS)
2255;42;MEZQUITA (A)
2256;10;MEZQUITA DE JARQUE
2257;25;MICERECES DE TERA
2258;30;MIGUEL ESTEBAN
2259;27;MIGUELTURRA
2260;7;MIJAS
2261;46;MILAGRO
2262;5;MINAS DE RIOTINTO
2263;28;MINGLANILLA
2264;40;MIÑO
2265;28;MIRA
2266;29;MIRABUENO
2267;44;MIRAFLORES DE LA SIERRA
2268;33;MIRALCAMP
2269;46;MIRANDA DE ARGA
2270;37;MISLATA
2271;43;MOAÑA
2272;30;MOCEJÓN
2273;4;MOCLÍN
2274;40;MOECHE
2275;14;MOGÁN
2276;37;MOGENTE/MOIXENT
2277;5;MOGUER
2278;24;MOJADOS
2279;44;MOLAR (EL)
2280;8;MOLARES (LOS)
2281;29;MOLINA DE ARAGÓN
2282;45;MOLINA DE SEGURA
2283;33;MOLLERUSSA
2284;7;MOLLINA
2285;4;MOLVÍZAR
2286;25;MOMBUEY
2287;4;MONACHIL
2288;37;MONCADA
2289;36;MONCOFA
2290;7;MONDA
2291;43;MONDARIZ-BALNEARIO
2292;29;MONDÉJAR
2293;41;MONDOÑEDO
2294;11;MONEGRILLO
2295;25;MONFARRACINOS
2296;41;MONFORTE DE LEMOS
2297;11;MONREAL DE ARIZA
2298;10;MONREAL DEL CAMPO
2299;10;MONROYO
2300;37;MONSERRAT
2301;10;MONTALBÁN
2302;3;MONTALBÁN DE CÓRDOBA
2303;28;MONTALBANEJO
2304;28;MONTALBO
2305;25;MONTAMARTA
2306;36;MONTANEJOS
2307;37;MONTAVERNER
2308;34;MONTBLANC
2309;34;MONTBRIÓ DEL CAMP
2310;4;MONTEFRÍO
2311;4;MONTEJÍCAR
2312;21;MONTEJO
2313;8;MONTELLANO
2314;3;MONTEMAYOR
2315;41;MONTERROSO
2316;37;MONTESA
2317;33;MONTFERRER I CASTELLBÒ
2318;27;MONTIEL
2319;3;MONTILLA
2320;4;MONTILLANA
2321;6;MONTIZÓN
2322;33;MONTOLIU DE LLEIDA
2323;3;MONTORO
2324;32;MONT-RAS
2325;34;MONT-ROIG DEL CAMP
2326;37;MONTROY
2327;3;MONTURQUE
2328;9;MONZÓN
2329;30;MORA
2330;10;MORA DE RUBIELOS
2331;34;MÓRA D'EBRE
2332;34;MÓRA LA NOVA
2333;27;MORAL DE CALATRAVA
2334;4;MORALEDA DE ZAFAYONA
2335;44;MORALEJA DE ENMEDIO
2336;25;MORALEJA DEL VINO
2337;25;MORALES DE TORO
2338;25;MORALES DEL VINO
2339;44;MORALZARZAL
2340;43;MORAÑA
2341;44;MORATA DE TAJUÑA
2342;45;MORATALLA
2343;4;MORELÁBOR
2344;34;MORELL (EL)
2345;36;MORELLA
2346;46;MORENTIN
2347;3;MORILES
2348;8;MORÓN DE LA FRONTERA
2349;43;MOS
2350;10;MOSQUERUELA
2351;44;MÓSTOLES
2352;28;MOTA DEL CUERVO
2353;24;MOTA DEL MARQUÉS
2354;28;MOTILLA DEL PALANCAR
2355;4;MOTRIL
2356;14;MOYA
2357;22;MOZONCILLO
2358;24;MUDARRA (LA)
2359;11;MUEL
2360;11;MUELA (LA)
2361;25;MUELAS DEL PAN
2362;40;MUGARDOS
2363;45;MULA
2364;11;MUNÉBREGA
2365;10;MUNIESA
2366;46;MURCHANTE
2367;45;MURCIA
2368;50;MURILLO DE RÍO LEZA
2369;46;MURILLO EL FRUTO
2370;40;MUROS
2371;37;MUSEROS
2372;48;MUTRIKU
2373;40;MUXÍA
2374;50;NÁJERA
2375;50;NALDA
2376;30;NAMBROCA
2377;37;NÁQUERA
2378;40;NARÓN
2379;33;NAUT ARAN
2380;5;NAVA (LA)
2381;22;NAVA DE LA ASUNCIÓN
2382;30;NAVA DE RICOMALILLO (LA)
2383;24;NAVA DEL REY
2384;44;NAVACERRADA
2385;30;NAVAHERMOSA
2386;30;NAVALCÁN
2387;44;NAVALCARNERO
2388;22;NAVALMANZANO
2389;30;NAVALMORALES (LOS)
2390;30;NAVALUCILLOS (LOS)
2391;37;NAVARRÉS
2392;8;NAVAS DE LA CONCEPCIÓN (LAS)
2393;22;NAVAS DE SAN ANTONIO
2394;6;NAVAS DE SAN JUAN
2395;44;NAVAS DEL REY
2396;41;NAVIA DE SUARNA
2397;40;NEDA
2398;40;NEGREIRA
2399;7;NERJA
2400;5;NERVA
2401;4;NEVADA
2402;43;NEVES (AS)
2403;5;NIEBLA
2404;43;NIGRÁN
2405;4;NIGÜELAS
2406;46;NOÁIN (VALLE DE ELORZ)/NOAIN (ELORTZIBAR)
2407;6;NOALEJO
2408;30;NOBLEJAS
2409;42;NOGUEIRA DE RAMUÍN
2410;40;NOIA
2411;11;NONASPE
2412;11;NOVALLAS
2413;37;NOVELÉ/NOVETLÈ
2414;9;NUENO
2415;3;NUEVA CARTEYA
2416;11;NUÉVALOS
2417;44;NUEVO BAZTÁN
2418;36;NULES
2419;30;NUMANCIA DE LA SAGRA
2420;3;OBEJO
2421;30;OCAÑA
2422;10;ODÓN
2423;4;OGÍJARES
2424;43;OIA
2425;48;OIARTZUN
2426;42;OÍMBRA
2427;7;OJÉN
2428;10;OJOS NEGROS
2429;48;OLABERRIA
2430;46;OLAZTI/OLAZAGUTÍA
2431;40;OLEIROS
2432;33;OLIANA
2433;30;OLÍAS DEL REY
2434;46;OLITE
2435;33;OLIUS
2436;37;OLIVA
2437;14;OLIVA (LA)
2438;8;OLIVARES
2439;37;OLLERIA (L')
2440;24;OLMEDO
2441;37;OLOCAU
2442;36;OLOCAU DEL REY
2443;32;OLOT
2444;23;ÓLVEGA
2445;46;OLZA
2446;36;ONDA
2447;49;ONDARROA
2448;30;ONTÍGOLA
2449;37;ONTINYENT
2450;9;ONTIÑENA
2451;19;ONZONILLA
2452;48;OÑATI
2453;4;ORCE
2454;6;ORCERA
2455;46;ORCOYEN
2456;40;ORDES
2457;48;ORDIZIA
2458;33;ORGANYÀ
2459;30;ORGAZ
2460;4;ÓRGIVA
2461;10;ORIHUELA DEL TREMEDAL
2462;46;ORONZ
2463;30;OROPESA
2464;36;OROPESA DEL MAR/ORPESA
2465;40;OROSO
2466;15;OROTAVA (LA)
2467;10;ORRIOS
2468;40;ORTIGUEIRA
2469;44;ORUSCO DE TAJUÑA
2470;20;OSORNO LA MAYOR
2471;9;OSSO DE CINCA
2472;8;OSUNA
2473;46;OTEIZA
2474;30;OTERO
2475;25;OTERO DE BODAS
2476;37;OTOS
2477;4;OTURA
2478;42;OURENSE
2479;41;OUTEIRO DE REI
2480;40;OUTES
2481;40;OZA DOS RÍOS
2482;40;PADERNE
2483;42;PADRENDA
2484;40;PADRÓN
2485;4;PADUL
2486;37;PAIPORTA
2487;14;PÁJARA
2488;8;PALACIOS Y VILLAFRANCA (LOS)
2489;32;PALAFRUGELL
2490;32;PALAMÓS
2491;41;PALAS DE REI
2492;33;PALAU D'ANGLESOLA (EL)
2493;22;PALAZUELOS DE ERESMA
2494;20;PALENCIA
2495;3;PALENCIANA
2496;37;PALMA DE GANDÍA
2497;5;PALMA DEL CONDADO (LA)
2498;3;PALMA DEL RÍO
2499;14;PALMAS DE GRAN CANARIA (LAS)
2500;32;PALOL DE REVARDIT
2501;28;PALOMARES DEL CAMPO
2502;8;PALOMARES DEL RÍO
2503;5;PALOS DE LA FRONTERA
2504;4;PAMPANEIRA
2505;46;PAMPLONA/IRUÑA
2506;10;PANCRUDO
2507;30;PANTOJA
2508;41;PANTÓN
2509;44;PARACUELLOS DE JARAMA
2510;8;PARADAS
2511;41;PARADELA
2512;19;PÁRAMO DEL SIL
2513;7;PARAUTA
2514;20;PAREDES DE NAVA
2515;44;PARLA
2516;48;PASAIA
2517;15;PASO (EL)
2518;41;PASTORIZA (A)
2519;29;PASTRANA
2520;37;PATERNA
2521;5;PATERNA DEL CAMPO
2522;32;PAU
2523;5;PAYMOGO
2524;6;PEAL DE BECERRO
2525;28;PEDERNOSO (EL)
2526;41;PEDRAFITA DO CEBREIRO
2527;24;PEDRAJA DE PORTILLO (LA)
2528;24;PEDRAJAS DE SAN ESTEBAN
2529;8;PEDRERA
2530;32;PEDRET I MARZÀ
2531;3;PEDRO ABAD
2532;27;PEDRO MUÑOZ
2533;3;PEDROCHE
2534;11;PEDROLA
2535;28;PEDROÑERAS (LAS)
2536;24;PEDROSA DEL REY
2537;21;PEDROSILLO EL RALO
2538;8;PEDROSO (EL)
2539;6;PEGALAJAR
2540;44;PELAYOS DE LA PRESA
2541;4;PELIGROS
2542;24;PEÑAFIEL
2543;8;PEÑAFLOR
2544;9;PEÑALBA
2545;21;PEÑARANDA DE BRACAMONTE
2546;10;PEÑARROYA DE TASTAVINS
2547;3;PEÑARROYA-PUEBLONUEVO
2548;36;PEÑÍSCOLA
2549;30;PEPINO
2550;32;PERA (LA)
2551;34;PERAFORT
2552;28;PERAL (EL)
2553;44;PERALES DE TAJUÑA
2554;10;PERALES DEL ALFAMBRA
2555;46;PERALTA
2556;9;PERALTA DE ALCOFEA
2557;9;PERALTILLA
2558;11;PERDIGUERA
2559;42;PEREIRO DE AGUIAR (O)
2560;34;PERELLÓ (EL)
2561;25;PERERUELA
2562;7;PERIANA
2563;42;PEROXA (A)
2564;4;PEZA (LA)
2565;44;PEZUELA DE LAS TORRES
2566;37;PICANYA
2567;37;PICASSENT
2568;27;PIEDRABUENA
2569;8;PILAS
2570;11;PINA DE EBRO
2571;40;PINO (O)
2572;4;PINOS PUENTE
2573;11;PINSEQUE
2574;44;PINTO
2575;4;PÍÑAR
2576;42;PIÑOR
2577;29;PIOZ
2578;7;PIZARRA
2579;34;PLA DE SANTA MARIA (EL)
2580;32;PLANES D'HOSTOLES (LES)
2581;33;PLANS DE SIÓ (ELS)
2582;45;PLIEGO
2583;37;POBLA DE FARNALS (LA)
2584;34;POBLA DE MAFUMET (LA)
2585;34;POBLA DE MASSALUCA (LA)
2586;33;POBLA DE SEGUR (LA)
2587;37;POBLA DE VALLBONA (LA)
2588;37;POBLA DEL DUC (LA)
2589;37;POBLA LLARGA (LA)
2590;36;POBLA TORNESA (LA)
2591;10;POBO (EL)
2592;42;POBRA DE TRIVES (A)
2593;41;POBRA DO BROLLÓN (A)
2594;40;POBRA DO CARAMIÑAL (A)
2595;43;POIO
2596;41;POL
2597;19;POLA DE GORDÓN (LA)
2598;30;POLÁN
2599;37;POLINYÀ DE XÚQUER
2600;19;PONFERRADA
2601;32;PONT DE MOLINS
2602;33;PONT DE SUERT (EL)
2603;43;PONTE CALDELAS
2604;43;PONTEAREAS
2605;40;PONTECESO
2606;43;PONTECESURES
2607;40;PONTEDEUME
2608;41;PONTENOVA (A)
2609;40;PONTES DE GARCÍA RODRÍGUEZ (AS)
2610;43;PONTEVEDRA
2611;33;PONTS
2612;6;PORCUNA
2613;32;PORQUERES
2614;43;PORRIÑO (O)
2615;32;PORT DE LA SELVA (EL)
2616;43;PORTAS
2617;32;PORTBOU
2618;10;PORTELLADA (LA)
2619;24;PORTILLO
2620;30;PORTILLO DE TOLEDO
2621;40;PORTO DO SON
2622;41;PORTOMARÍN
2623;4;PÓRTUGOS
2624;27;PORZUNA
2625;3;POSADAS
2626;6;POZO ALCÓN
2627;29;POZO DE GUADALAJARA
2628;28;POZOAMARGO
2629;3;POZOBLANCO
2630;28;POZORRUBIELOS DE LA MANCHA
2631;44;POZUELO DE ALARCÓN
2632;11;POZUELO DE ARAGÓN
2633;27;POZUELO DE CALATRAVA
2634;22;PRADALES
2635;50;PRADEJÓN
2636;22;PRÁDENA
2637;34;PRADES
2638;33;PRATS I SANSOR
2639;32;PRESES (LES)
2640;28;PRIEGO
2641;3;PRIEGO DE CÓRDOBA
2642;28;PROVENCIO (EL)
2643;8;PRUNA
2644;37;PUÇOL
2645;11;PUEBLA DE ALFINDÉN (LA)
2646;28;PUEBLA DE ALMENARA
2647;30;PUEBLA DE ALMORADIEL (LA)
2648;8;PUEBLA DE CAZALLA (LA)
2649;4;PUEBLA DE DON FADRIQUE
2650;27;PUEBLA DE DON RODRIGO
2651;5;PUEBLA DE GUZMÁN
2652;10;PUEBLA DE HÍJAR (LA)
2653;19;PUEBLA DE LILLO
2654;8;PUEBLA DE LOS INFANTES (LA)
2655;30;PUEBLA DE MONTALBÁN (LA)
2656;10;PUEBLA DE VALVERDE (LA)
2657;27;PUEBLA DEL PRÍNCIPE
2658;8;PUEBLA DEL RÍO (LA)
2659;30;PUEBLANUEVA (LA)
2660;19;PUENTE DE DOMINGO FLÓREZ
2661;6;PUENTE DE GÉNAVE
2662;3;PUENTE GENIL
2663;9;PUENTE LA REINA DE JACA
2664;46;PUENTE LA REINA/GARES
2665;6;PUERTA DE SEGURA (LA)
2666;21;PUERTO DE BÉJAR
2667;15;PUERTO DE LA CRUZ
2668;14;PUERTO DEL ROSARIO
2669;27;PUERTO LÁPICE
2670;45;PUERTO LUMBRERAS
2671;27;PUERTOLLANO
2672;37;PUIG
2673;32;PUIGCERDÀ
2674;30;PULGAR
2675;4;PULIANAS
2676;5;PUNTA UMBRÍA
2677;15;PUNTAGORDA
2678;15;PUNTALLANA
2679;4;PURULLENA
2680;32;QUART
2681;37;QUART DE POBLET
2682;37;QUARTELL
2683;37;QUATRETONDA
2684;50;QUEL
2685;29;QUER
2686;30;QUERO
2687;6;QUESADA
2688;20;QUINTANA DEL PUENTE
2689;30;QUINTANAR DE LA ORDEN
2690;28;QUINTANAR DEL REY
2691;24;QUINTANILLA DE ONÉSIMO
2692;25;QUINTANILLA DE URZ
2693;11;QUINTO
2694;41;QUIROGA
2695;25;QUIRUELAS DE VIDRIALES
2696;41;RÁBADE
2697;25;RÁBANO DE ALISTE
2698;23;RÁBANOS (LOS)
2699;37;RAFELBUÑOL/RAFELBUNYOL
2700;3;RAMBLA (LA)
2701;42;RAMIRÁS
2702;44;RASCAFRÍA
2703;34;RASQUERA
2704;37;REAL DE GANDÍA
2705;8;REAL DE LA JARA (EL)
2706;30;REAL DE SAN VICENTE (EL)
2707;15;REALEJOS (LOS)
2708;30;RECAS
2709;50;REDAL (EL)
2710;43;REDONDELA
2711;11;REMOLINOS
2712;24;RENEDO DE ESGUEVA
2713;37;REQUENA
2714;27;RETUERTA DEL BULLAQUE
2715;34;REUS
2716;33;RIALP
2717;40;RIANXO
2718;19;RIAÑO
2719;22;RIAZA
2720;42;RIBADAVIA
2721;41;RIBADEO
2722;43;RIBADUMIA
2723;46;RIBAFORADA
2724;37;RIBA-ROJA DE TÚRIA
2725;40;RIBEIRA
2726;36;RIBESALBES
2727;11;RICLA
2728;19;RIEGO DE LA VEGA
2729;19;RIELLO
2730;7;RINCÓN DE LA VICTORIA
2731;50;RINCÓN DE SOTO
2732;8;RINCONADA (LA)
2733;7;RIOGORDO
2734;42;RIÓS
2735;19;RIOSECO DE TAPIA
2736;41;RIOTORTO
2737;32;RIPOLL
2738;32;RIUDARENES
2739;32;RIUDELLOTS DE LA SELVA
2740;34;RIUDOMS
2741;44;RIVAS-VACIAMADRID
2742;19;ROBLA (LA)
2743;21;ROBLEDA
2744;25;ROBLEDA-CERVANTES
2745;27;ROBLEDO (EL)
2746;44;ROBLEDO DE CHAVELA
2747;21;ROBLIZA DE COJOS
2748;37;ROCAFORT
2749;5;ROCIANA DEL CONDADO
2750;8;RODA DE ANDALUCÍA (LA)
2751;34;RODA DE BARÀ
2752;43;RODEIRO
2753;40;ROIS
2754;30;ROMERAL (EL)
2755;7;RONDA
2756;19;ROPERUELOS DEL PÁRAMO
2757;34;ROQUETES
2758;5;ROSAL DE LA FRONTERA
2759;15;ROSARIO (EL)
2760;32;ROSES
2761;33;ROSSELLÓ
2762;44;ROZAS DE MADRID (LAS)
2763;42;RÚA (A)
2764;10;RUBIELOS DE MORA
2765;8;RUBIO (EL)
2766;24;RUEDA
2767;6;RUS
2768;3;RUTE
2769;11;SABIÑÁN
2770;9;SABIÑÁNIGO
2771;6;SABIOTE
2772;29;SACEDÓN
2773;27;SACERUELA
2774;40;SADA
2775;11;SÁDABA
2776;28;SAELICES
2777;37;SAGUNTO/SAGUNT
2778;19;SAHAGÚN
2779;21;SALAMANCA
2780;4;SALAR
2781;43;SALCEDA DE CASELAS
2782;20;SALDAÑA
2783;9;SALLENT DE GÁLLEGO
2784;4;SALOBREÑA
2785;34;SALOU
2786;32;SALT
2787;8;SALTERAS
2788;28;SALVACAÑETE
2789;43;SALVATERRA DE MIÑO
2790;41;SAMOS
2791;46;SAN ADRIÁN
2792;44;SAN AGUSTÍN DEL GUADALIX
2793;19;SAN ANDRÉS DEL RABANEDO
2794;15;SAN ANDRÉS Y SAUCES
2795;37;SAN ANTONIO DE BENAGÉBER
2796;50;SAN ASENSIO
2797;14;SAN BARTOLOMÉ
2798;5;SAN BARTOLOMÉ DE LA TORRE
2799;14;SAN BARTOLOMÉ DE TIRAJANA
2800;27;SAN CARLOS DEL VALLE
2801;42;SAN CIBRAO DAS VIÑAS
2802;28;SAN CLEMENTE
2803;25;SAN CRISTÓBAL DE ENTREVIÑAS
2804;15;SAN CRISTÓBAL DE LA LAGUNA
2805;19;SAN CRISTÓBAL DE LA POLANTERA
2806;22;SAN CRISTÓBAL DE SEGOVIA
2807;42;SAN CRISTOVO DE CEA
2808;19;SAN EMILIANO
2809;23;SAN ESTEBAN DE GORMAZ
2810;25;SAN ESTEBAN DEL MOLAR
2811;44;SAN FERNANDO DE HENARES
2812;22;SAN ILDEFONSO
2813;45;SAN JAVIER
2814;8;SAN JUAN DE AZNALFARACHE
2815;15;SAN JUAN DE LA RAMBLA
2816;5;SAN JUAN DEL PUERTO
2817;23;SAN LEONARDO DE YAGÜE
2818;44;SAN LORENZO DE EL ESCORIAL
2819;28;SAN LORENZO DE LA PARRILLA
2820;44;SAN MARTÍN DE LA VEGA
2821;30;SAN MARTÍN DE MONTALBÁN
2822;30;SAN MARTÍN DE PUSA
2823;44;SAN MARTÍN DE VALDEIGLESIAS
2824;11;SAN MATEO DE GÁLLEGO
2825;15;SAN MIGUEL DE ABONA
2826;22;SAN MIGUEL DE BERNUY
2827;24;SAN MIGUEL DEL ARROYO
2828;9;SAN MIGUEL DEL CINCA
2829;24;SAN MIGUEL DEL PINO
2830;30;SAN PABLO DE LOS MONTES
2831;24;SAN PEDRO DE LATARCE
2832;45;SAN PEDRO DEL PINATAR
2833;23;SAN PEDRO MANRIQUE
2834;36;SAN RAFAEL DEL RÍO
2835;40;SAN SADURNIÑO
2836;15;SAN SEBASTIÁN DE LA GOMERA
2837;3;SAN SEBASTIÁN DE LOS BALLESTEROS
2838;44;SAN SEBASTIÁN DE LOS REYES
2839;16;SAN VICENTE DE LA BARQUERA
2840;50;SAN VICENTE DE LA SONSIERRA
2841;24;SAN VICENTE DEL PALACIO
2842;25;SAN VITERO
2843;21;SANCTI-SPÍRITUS
2844;22;SANGARCÍA
2845;46;SANGÜESA/ZANGOZA
2846;8;SANLÚCAR LA MAYOR
2847;34;SANT CARLES DE LA RÀPITA
2848;32;SANT FELIU DE BUIXALLEU
2849;32;SANT FELIU DE GUÍXOLS
2850;32;SANT GREGORI
2851;33;SANT GUIM DE FREIXENET
2852;32;SANT HILARI SACALM
2853;32;SANT JAUME DE LLIERCA
2854;34;SANT JAUME DELS DOMENYS
2855;34;SANT JAUME D'ENVEJA
2856;32;SANT JOAN DE LES ABADESSES
2857;36;SANT JOAN DE MORÓ
2858;32;SANT JOAN LES FONTS
2859;32;SANT JORDI DESVALLS
2860;33;SANT LLORENÇ DE MORUNYS
2861;36;SANT MATEU
2862;32;SANT PERE PESCADOR
2863;33;SANT RAMON
2864;30;SANTA ANA DE PUSA
2865;34;SANTA BÀRBARA
2866;5;SANTA BÁRBARA DE CASA
2867;14;SANTA BRÍGIDA
2868;32;SANTA COLOMA DE FARNERS
2869;34;SANTA COLOMA DE QUERALT
2870;40;SANTA COMBA
2871;32;SANTA CRISTINA D'ARO
2872;19;SANTA CRISTINA DE VALMADRIGAL
2873;15;SANTA CRUZ DE LA PALMA
2874;30;SANTA CRUZ DE LA ZARZA
2875;27;SANTA CRUZ DE LOS CÁÑAMOS
2876;28;SANTA CRUZ DE MOYA
2877;27;SANTA CRUZ DE MUDELA
2878;15;SANTA CRUZ DE TENERIFE
2879;30;SANTA CRUZ DEL RETAMAR
2880;6;SANTA ELENA
2881;10;SANTA EULALIA
2882;4;SANTA FE
2883;32;SANTA LLOGAIA D'ÀLGUEMA
2884;14;SANTA LUCÍA DE TIRAJANA
2885;36;SANTA MAGDALENA DE PULPIS
2886;14;SANTA MARÍA DE GUÍA DE GRAN CANARIA
2887;23;SANTA MARÍA DE HUERTA
2888;44;SANTA MARÍA DE LA ALAMEDA
2889;19;SANTA MARÍA DE LA ISLA
2890;25;SANTA MARÍA DE LA VEGA
2891;28;SANTA MARÍA DE LOS LLANOS
2892;28;SANTA MARÍA DEL CAMPO RUS
2893;19;SANTA MARÍA DEL PÁRAMO
2894;22;SANTA MARÍA LA REAL DE NIEVA
2895;21;SANTA MARTA DE TORMES
2896;30;SANTA OLALLA
2897;5;SANTA OLALLA DEL CALA
2898;34;SANTA OLIVA
2899;15;SANTA ÚRSULA
2900;46;SANTACARA
2901;3;SANTAELLA
2902;40;SANTIAGO DE COMPOSTELA
2903;15;SANTIAGO DEL TEIDE
2904;6;SANTIAGO-PONTONES
2905;20;SANTIBÁÑEZ DE LA PEÑA
2906;16;SANTILLANA DEL MAR
2907;8;SANTIPONCE
2908;6;SANTISTEBAN DEL PUERTO
2909;16;SANTIURDE DE TORANZO
2910;30;SANTO DOMINGO-CAUDILLA
2911;6;SANTO TOMÉ
2912;22;SANTO TOMÉ DEL PUERTO
2913;45;SANTOMERA
2914;16;SANTOÑA
2915;25;SANTOVENIA
2916;19;SANTOVENIA DE LA VALDONCINA
2917;24;SANTOVENIA DE PISUERGA
2918;43;SANXENXO
2919;25;SANZOLES
2920;24;SARDÓN DE DUERO
2921;19;SARIEGOS
2922;9;SARIÑENA
2923;34;SARRAL
2924;41;SARRIA
2925;32;SARRIÀ DE TER
2926;10;SARRIÓN
2927;46;SARTAGUDA
2928;11;SÁSTAGO
2929;29;SAÚCA
2930;8;SAUCEJO (EL)
2931;32;SAUS
2932;15;SAUZAL (EL)
2933;41;SAVIÑAO (O)
2934;7;SAYALONGA
2935;9;SECASTILLA
2936;37;SEDAVÍ
2937;36;SEGORBE
2938;22;SEGOVIA
2939;6;SEGURA DE LA SIERRA
2940;32;SELVA DE MAR (LA)
2941;34;SELVA DEL CAMP (LA)
2942;9;SENA
2943;19;SENA DE LUNA
2944;34;SÉNIA (LA)
2945;22;SEPÚLVEDA
2946;32;SERINYÀ
2947;20;SERNA (LA)
2948;44;SERNA DEL MONTE (LA)
2949;33;SERÒS
2950;32;SERRA DE DARÓ
2951;24;SERRADA
2952;30;SESEÑA
2953;46;SESMA
2954;33;SEU D'URGELL (LA)
2955;8;SEVILLA
2956;44;SEVILLA LA NUEVA
2957;30;SEVILLEJA DE LA JARA
2958;33;SIDAMON
2959;11;SIERRA DE LUNA
2960;7;SIERRA DE YEGUAS
2961;36;SIERRA ENGARCERÁN
2962;9;SIÉTAMO
2963;37;SIETE AGUAS
2964;24;SIETE IGLESIAS DE TRABANCOS
2965;29;SIGÜENZA
2966;6;SILES
2967;37;SILLA
2968;43;SILLEDA
2969;15;SILOS (LOS)
2970;32;SILS
2971;24;SIMANCAS
2972;37;SIMAT DE LA VALLDIGNA
2973;37;SINARCAS
2974;16;SOBA
2975;11;SOBRADIEL
2976;40;SOBRADO
2977;27;SOCUÉLLAMOS
2978;27;SOLANA (LA)
2979;34;SOLIVELLA
2980;37;SOLLANA
2981;16;SOLÓRZANO
2982;33;SOLSONA
2983;44;SOMOSIERRA
2984;36;SONEJA
2985;30;SONSECA
2986;23;SORIA
2987;33;SORIGUERA
2988;6;SORIHUELA DEL GUADALIMAR
2989;33;SORT
2990;11;SOS DEL REY CATÓLICO
2991;33;SOSES
2992;36;SOT DE FERRER
2993;44;SOTO DEL REAL
2994;9;SOTONERA (LA)
2995;16;SUANCES
2996;33;SUDANELL
2997;37;SUECA
2998;33;SUNYER
2999;41;TABOADA
3000;42;TABOADELA
3001;11;TABUENCA
3002;15;TACORONTE
3003;46;TAFALLA
3004;30;TALAVERA DE LA REINA
3005;28;TALAYUELAS
3006;21;TAMAMES
3007;9;TAMARITE DE LITERA
3008;15;TANQUE (EL)
3009;28;TARANCÓN
3010;11;TARAZONA
3011;34;TARRAGONA
3012;33;TÀRREGA
3013;11;TAUSTE
3014;37;TAVERNES DE LA VALLDIGNA
3015;15;TAZACORTE
3016;7;TEBA
3017;28;TÉBAR
3018;15;TEGUESTE
3019;14;TEGUISE
3020;14;TEJEDA
3021;14;TELDE
3022;9;TELLA-SIN
3023;30;TEMBLEQUE
3024;40;TEO
3025;33;TÉRMENS
3026;14;TEROR
3027;27;TERRINCHES
3028;10;TERUEL
3029;14;TÍAS
3030;46;TIEBAS-MURUARTE DE RETA
3031;44;TIELMES
3032;14;TINAJO
3033;50;TIRGO
3034;37;TITAGUAS
3035;34;TIVISSA
3036;30;TOBOSO (EL)
3037;8;TOCINA
3038;30;TOLEDO
3039;48;TOLOSA
3040;8;TOMARES
3041;27;TOMELLOSO
3042;43;TOMIÑO
3043;33;TORÀ
3044;19;TORAL DE LOS GUZMANES
3045;24;TORDEHUMOS
3046;24;TORDESILLAS
3047;19;TORENO
3048;29;TORIJA
3049;33;TORNABOUS
3050;10;TORNOS
3051;25;TORO
3052;20;TORQUEMADA
3053;27;TORRALBA DE CALATRAVA
3054;10;TORRALBA DE LOS SISONES
3055;30;TORRE DE ESTEBAN HAMBRÁN (LA)
3056;27;TORRE DE JUAN ABAD
3057;29;TORRE DEL BURGO
3058;6;TORRE DEL CAMPO
3059;25;TORRE DEL VALLE (LA)
3060;36;TORREBLANCA
3061;6;TORREBLASCOPEDRO
3062;22;TORRECABALLEROS
3063;3;TORRECAMPO
3064;10;TORRECILLA DE ALCAÑIZ
3065;34;TORREDEMBARRA
3066;6;TORREDONJIMENO
3067;33;TORREFARRERA
3068;33;TORREGROSSA
3069;44;TORREJÓN DE ARDOZ
3070;44;TORREJÓN DE LA CALZADA
3071;44;TORREJÓN DE VELASCO
3072;29;TORREJÓN DEL REY
3073;28;TORREJONCILLO DEL REY
3074;44;TORRELAGUNA
3075;33;TORRELAMEU
3076;16;TORRELAVEGA
3077;44;TORRELODONES
3078;29;TORREMOCHA DEL CAMPO
3079;7;TORREMOLINOS
3080;37;TORRENT
3081;9;TORRENTE DE CINCA
3082;27;TORRENUEVA
3083;45;TORRE-PACHECO
3084;6;TORREPEROGIL
3085;6;TORRES
3086;6;TORRES DE ALBÁNCHEZ
3087;9;TORRES DE BARBUÉS
3088;45;TORRES DE COTILLAS (LAS)
3089;44;TORRES DE LA ALAMEDA
3090;33;TORRES DE SEGRE
3091;10;TORRIJO DEL CAMPO
3092;30;TORRIJOS
3093;32;TORROELLA DE MONTGRÍ
3094;7;TORROX
3095;28;TORRUBIA DEL CAMPO
3096;34;TORTOSA
3097;32;TOSSA DE MAR
3098;45;TOTANA
3099;19;TRABADELO
3100;25;TRABAZOS
3101;28;TRAGACETE
3102;36;TRAIGUERA
3103;42;TRASMIRAS
3104;40;TRAZO
3105;33;TREMP
3106;44;TRES CANTOS
3107;28;TRESJUNCOS
3108;5;TRIGUEROS
3109;29;TRIJUEQUE
3110;46;TUDELA
3111;24;TUDELA DE DUERO
3112;37;TUÉJAR
3113;43;TUI
3114;14;TUINEJE
3115;19;TURCIA
3116;22;TURÉGANO
3117;37;TURÍS
3118;30;TURLEQUE
3119;6;ÚBEDA
3120;29;UCEDA
3121;30;UGENA
3122;4;UGÍJAR
3123;46;UJUÉ
3124;32;ULLÀ
3125;34;ULLDECONA
3126;46;ULTZAMA
3127;8;UMBRETE
3128;45;UNIÓN (LA)
3129;30;URDA
3130;46;URDAZUBI/URDAX
3131;19;URDIALES DEL PÁRAMO
3132;48;URNIETA
3133;48;URRETXU
3134;46;URZAINQUI
3135;11;USED
3136;48;USURBIL
3137;11;UTEBO
3138;37;UTIEL
3139;8;UTRERA
3140;10;UTRILLAS
3141;16;VAL DE SAN VICENTE
3142;40;VAL DO DUBRA
3143;16;VALDÁLIGA
3144;10;VALDEALGORFA
3145;21;VALDECARROS
3146;19;VALDEFRESNO
3147;44;VALDEMORILLO
3148;44;VALDEMORO
3149;28;VALDEOLIVAS
3150;27;VALDEPEÑAS
3151;6;VALDEPEÑAS DE JAÉN
3152;19;VALDEPOLO
3153;19;VALDERAS
3154;16;VALDERREDIBLE
3155;10;VALDERROBRES
3156;19;VALDERRUEDA
3157;44;VALDETORRES DE JARAMA
3158;19;VALDEVIMBRE
3159;40;VALDOVIÑO
3160;37;VALENCIA
3161;19;VALENCIA DE DON JUAN
3162;8;VALENCINA DE LA CONCEPCIÓN
3163;28;VALERAS (LAS)
3164;43;VALGA
3165;10;VALJUNQUERA
3166;36;VALL D'ALBA
3167;32;VALL DE BIANYA (LA)
3168;33;VALL DE BOÍ (LA)
3169;32;VALL D'EN BAS (LA)
3170;36;VALL D'UIXÓ (LA)
3171;37;VALLADA
3172;24;VALLADOLID
3173;7;VALLE DE ABDALAJÍS
3174;9;VALLE DE HECHO
3175;15;VALLE GRAN REY
3176;15;VALLEHERMOSO
3177;22;VALLELADO
3178;14;VALLESECO
3179;33;VALLFOGONA DE BALAGUER
3180;34;VALLS
3181;30;VALMOJADO
3182;11;VALPALMAS
3183;22;VALSECA
3184;14;VALSEQUILLO DE GRAN CANARIA
3185;46;VALTIERRA
3186;15;VALVERDE
3187;19;VALVERDE DE LA VIRGEN
3188;5;VALVERDE DEL CAMINO
3189;22;VALVERDE DEL MAJANO
3190;34;VANDELLÒS I L'HOSPITALET DE L'INFANT
3191;21;VECINOS
3192;40;VEDRA
3193;19;VEGA DE ESPINAREDA
3194;16;VEGA DE PAS
3195;14;VEGA DE SAN MATEO
3196;19;VEGA DE VALCARCE
3197;24;VEGA DE VALDETRONCO
3198;4;VEGAS DEL GENIL
3199;42;VEIGA (A)
3200;4;VÉLEZ DE BENAUDALLA
3201;7;VÉLEZ-MÁLAGA
3202;11;VELILLA DE EBRO
3203;44;VELILLA DE SAN ANTONIO
3204;34;VENDRELL (EL)
3205;20;VENTA DE BAÑOS
3206;30;VENTAS CON PEÑA AGUILERA (LAS)
3207;4;VENTAS DE HUELMA
3208;30;VENTAS DE RETAMOSA (LAS)
3209;44;VENTURADA
3210;33;VERDÚ
3211;42;VEREA
3212;32;VERGES
3213;42;VERÍN
3214;46;VIANA
3215;42;VIANA DO BOLO
3216;3;VICTORIA (LA)
3217;15;VICTORIA DE ACENTEJO (LA)
3218;32;VIDRERES
3219;33;VIELHA E MIJARAN
3220;43;VIGO
3221;43;VILA DE CRUCES
3222;43;VILABOA
3223;32;VILADAMAT
3224;32;VILADRAU
3225;36;VILAFAMÉS
3226;15;VILAFLOR
3227;43;VILAGARCÍA DE AROUSA
3228;33;VILAGRASSA
3229;41;VILALBA
3230;34;VILALBA DELS ARCS
3231;33;VILALLER
3232;34;VILALLONGA DEL CAMP
3233;32;VILAMALLA
3234;42;VILAMARTÍN DE VALDEORRAS
3235;37;VILAMARXANT
3236;33;VILAMÒS
3237;36;VILANOVA D'ALCOLEA
3238;43;VILANOVA DE AROUSA
3239;33;VILANOVA DE LA BARCA
3240;34;VILA-RODONA
3241;33;VILA-SANA
3242;40;VILASANTAR
3243;34;VILA-SECA
3244;34;VILAVERD
3245;6;VILCHES
3246;30;VILLA DE DON FADRIQUE (LA)
3247;15;VILLA DE MAZO
3248;44;VILLA DEL PRADO
3249;3;VILLA DEL RÍO
3250;5;VILLABLANCA
3251;19;VILLABLINO
3252;48;VILLABONA
3253;25;VILLABRÁZARO
3254;30;VILLACAÑAS
3255;16;VILLACARRIEDO
3256;6;VILLACARRILLO
3257;22;VILLACASTÍN
3258;44;VILLACONEJOS
3259;28;VILLACONEJOS DE TRABAQUE
3260;20;VILLADA
3261;19;VILLADANGOS DEL PÁRAMO
3262;19;VILLADECANES
3263;11;VILLADOZ
3264;16;VILLAESCUSA
3265;28;VILLAESCUSA DE HARO
3266;25;VILLAFÁFILA
3267;21;VILLAFLORES
3268;46;VILLAFRANCA
3269;3;VILLAFRANCA DE CÓRDOBA
3270;30;VILLAFRANCA DE LOS CABALLEROS
3271;10;VILLAFRANCA DEL CAMPO
3272;36;VILLAFRANCA DEL CID
3273;16;VILLAFUFRE
3274;28;VILLAGARCÍA DEL LLANO
3275;19;VILLAGATÓN
3276;3;VILLAHARTA
3277;27;VILLAHERMOSA
3278;20;VILLAHERREROS
3279;5;VILLALBA DEL ALCOR
3280;28;VILLALBA DEL REY
3281;44;VILLALBILLA
3282;24;VILLALÓN DE CAMPOS
3283;37;VILLALONGA
3284;25;VILLALPANDO
3285;28;VILLALPARDO
3286;30;VILLALUENGA DE LA SAGRA
3287;19;VILLAMANÍN
3288;27;VILLAMANRIQUE
3289;8;VILLAMANRIQUE DE LA CONDESA
3290;44;VILLAMANTA
3291;19;VILLAMAÑÁN
3292;21;VILLAMAYOR
3293;27;VILLAMAYOR DE CALATRAVA
3294;11;VILLAMAYOR DE GÁLLEGO
3295;28;VILLAMAYOR DE SANTIAGO
3296;50;VILLAMEDIANA DE IREGUA
3297;19;VILLAMEJIL
3298;4;VILLAMENA
3299;30;VILLAMIEL DE TOLEDO
3300;30;VILLAMUELAS
3301;20;VILLAMURIEL DE CERRATO
3302;25;VILLANÁZAR
3303;9;VILLANOVA
3304;9;VILLANÚA
3305;24;VILLANUBLA
3306;30;VILLANUEVA DE ALCARDETE
3307;7;VILLANUEVA DE ALGAIDAS
3308;30;VILLANUEVA DE BOGAS
3309;50;VILLANUEVA DE CAMEROS
3310;37;VILLANUEVA DE CASTELLÓN
3311;3;VILLANUEVA DE CÓRDOBA
3312;11;VILLANUEVA DE GÁLLEGO
3313;11;VILLANUEVA DE HUERVA
3314;44;VILLANUEVA DE LA CAÑADA
3315;27;VILLANUEVA DE LA FUENTE
3316;28;VILLANUEVA DE LA JARA
3317;6;VILLANUEVA DE LA REINA
3318;29;VILLANUEVA DE LA TORRE
3319;19;VILLANUEVA DE LAS MANZANAS
3320;4;VILLANUEVA DE LAS TORRES
3321;24;VILLANUEVA DE LOS CABALLEROS
3322;5;VILLANUEVA DE LOS CASTILLEJOS
3323;27;VILLANUEVA DE LOS INFANTES
3324;44;VILLANUEVA DE PERALES
3325;27;VILLANUEVA DE SAN CARLOS
3326;8;VILLANUEVA DE SAN JUAN
3327;9;VILLANUEVA DE SIGENA
3328;7;VILLANUEVA DE TAPIA
3329;8;VILLANUEVA DEL ARISCAL
3330;6;VILLANUEVA DEL ARZOBISPO
3331;25;VILLANUEVA DEL CAMPO
3332;3;VILLANUEVA DEL DUQUE
3333;44;VILLANUEVA DEL PARDILLO
3334;3;VILLANUEVA DEL REY
3335;8;VILLANUEVA DEL RÍO Y MINAS
3336;7;VILLANUEVA DEL ROSARIO
3337;7;VILLANUEVA DEL TRABUCO
3338;4;VILLANUEVA MESÍA
3339;19;VILLAQUEJIDA
3340;19;VILLAQUILAMBRE
3341;28;VILLAR DE CAÑAS
3342;21;VILLAR DE PERALONSO
3343;50;VILLAR DE TORRE
3344;37;VILLAR DEL ARZOBISPO
3345;24;VILLARDEFRADES
3346;28;VILLAREJO DE FUENTES
3347;19;VILLAREJO DE ÓRBIGO
3348;44;VILLAREJO DE SALVANÉS
3349;28;VILLAREJO-PERIESTEBAN
3350;6;VILLARES (LOS)
3351;21;VILLARES DE LA REINA
3352;28;VILLARES DEL SAZ
3353;37;VILLARGORDO DEL CABRIEL
3354;21;VILLARMAYOR
3355;10;VILLARQUEMADO
3356;20;VILLARRAMIEL
3357;5;VILLARRASA
3358;11;VILLARREAL DE HUERVA
3359;36;VILLARREAL/VILA-REAL
3360;25;VILLARRÍN DE CAMPOS
3361;11;VILLARROYA DE LA SIERRA
3362;27;VILLARRUBIA DE LOS OJOS
3363;30;VILLARRUBIA DE SANTIAGO
3364;28;VILLARRUBIO
3365;28;VILLARTA
3366;27;VILLARTA DE SAN JUAN
3367;30;VILLASECA DE LA SAGRA
3368;30;VILLASEQUILLA
3369;10;VILLASTAR
3370;30;VILLATOBAS
3371;6;VILLATORRES
3372;19;VILLATURIEL
3373;46;VILLAVA/ATARRABIA
3374;8;VILLAVERDE DEL RÍO
3375;28;VILLAVERDE Y PASACONSOL
3376;3;VILLAVICIOSA DE CÓRDOBA
3377;44;VILLAVICIOSA DE ODÓN
3378;36;VILLAVIEJA
3379;20;VILLODRIGO
3380;20;VILLOLDO
3381;21;VILLORIA
3382;32;VILOBÍ D'ONYAR
3383;40;VIMIANZO
3384;37;VINALESA
3385;36;VINARÒS
3386;34;VINEBRE
3387;50;VINIEGRA DE ABAJO
3388;34;VINYOLS I ELS ARCS
3389;7;VIÑUELA
3390;10;VISIEDO
3391;3;VISO (EL)
3392;30;VISO DE SAN JUAN (EL)
3393;8;VISO DEL ALCOR (EL)
3394;27;VISO DEL MARQUÉS
3395;36;VISTABELLA DEL MAESTRAZGO
3396;21;VITIGUDINO
3397;41;VIVEIRO
3398;36;VIVER
3399;16;VOTO
3400;37;XÀTIVA
3401;37;XERACO
3402;41;XERMADE
3403;34;XERTA
3404;42;XINZO DE LIMIA
3405;37;XIRIVELLA
3406;41;XOVE
3407;14;YAIZA
3408;37;YÁTOVA
3409;30;YÉBENES (LOS)
3410;45;YECLA
3411;30;YELES
3412;30;YEPES
3413;46;YERRI
3414;30;YUNCLER
3415;30;YUNCOS
3416;7;YUNQUERA
3417;29;YUNQUERA DE HENARES
3418;4;ZAFARRAYA
3419;28;ZAFRA DE ZÁNCARA
3420;4;ZAGRA
3421;9;ZAIDÍN
3422;5;ZALAMEA LA REAL
3423;25;ZAMORA
3424;11;ZARAGOZA
3425;24;ZARATÁN
3426;48;ZARAUTZ
3427;40;ZAS
3428;48;ZESTOA
3429;46;ZIORDIA
3430;46;ZIZUR MAYOR/ZIZUR NAGUSIA
3431;4;ZUBIA (LA)
3432;11;ZUERA
3433;4;ZÚJAR
3434;48;ZUMAIA
3435;48;ZUMARRAGA
